Ohne Medium_RI0,3_FA0,1_NL100;12500 mPas_RI0,3_FA0,1_NL100_1bar;100000 mPas_RI0,3_FA0,1_NL100_3 bar
-132,98;560,4585628;-88,42739663
-130,50;558,8707428;-84,29680622
-132,15;568,4346622;-86,77550041
-132,15;563,6415909;-86,77550041
-132,15;566,8344959;-86,77550041
-132,15;565,2368068;-85,12315621
-132,98;566,8344959;-85,12315621
-133,80;562,0488442;-85,94938629
-131,32;554,1220112;-80,99012782
-132,15;560,4585628;-81,81699711
-132,98;555,7024709;-81,81699711
-132,15;554,1220112;-81,81699711
-132,15;552,5439969;-81,81699711
-133,80;555,7024709;-84,29680622
-136,28;550,9684241;-85,12315621
-133,80;549,3952889;-81,81699711
-135,45;554,1220112;-82,64373063
-135,45;549,3952889;-84,29680622
-135,45;547,8245873;-85,94938629
-134,63;544,6904691;-83,47033234
-137,11;552,5439969;-84,29680622
-137,93;550,9684241;-85,94938629
-135,45;554,1220112;-82,64373063
-137,93;557,2853802;-83,47033234
-137,11;557,2853802;-85,12315621
-136,28;557,2853802;-85,94938629
-133,80;557,2853802;-80,99012782
-134,63;563,6415909;-81,81699711
-135,45;560,4585628;-81,81699711
-132,98;558,8707428;-81,81699711
-134,63;560,4585628;-82,64373063
-135,45;558,8707428;-83,47033234
-137,93;555,7024709;-86,77550041
-132,98;552,5439969;-83,47033234
-136,28;558,8707428;-84,29680622
-135,45;557,2853802;-82,64373063
-134,63;558,8707428;-83,47033234
-134,63;558,8707428;-83,47033234
-134,63;558,8707428;-84,29680622
-136,28;554,1220112;-85,94938629
-132,98;550,9684241;-82,64373063
-132,98;554,1220112;-84,29680622
-132,98;554,1220112;-83,47033234
-134,63;557,2853802;-85,12315621
-132,15;557,2853802;-82,64373063
-132,98;562,0488442;-84,29680622
-135,45;558,8707428;-84,29680622
-134,63;557,2853802;-80,99012782
-135,45;560,4585628;-81,81699711
-134,63;562,0488442;-83,47033234
-134,63;563,6415909;-87,60150253
-132,98;560,4585628;-83,47033234
-132,98;565,2368068;-84,29680622
-133,80;562,0488442;-81,81699711
-133,80;558,8707428;-80,16311881
-133,80;562,0488442;-79,33596611
-134,63;563,6415909;-80,99012782
-137,11;562,0488442;-82,64373063
-133,80;558,8707428;-80,16311881
-134,63;563,6415909;-80,99012782
-135,45;560,4585628;-80,16311881
-133,80;560,4585628;-80,99012782
-132,98;557,2853802;-80,99012782
-133,80;557,2853802;-81,81699711
-134,63;554,1220112;-84,29680622
-132,98;547,8245873;-81,81699711
-134,63;552,5439969;-81,81699711
-134,63;552,5439969;-81,81699711
-137,11;554,1220112;-84,29680622
-134,63;552,5439969;-83,47033234
-134,63;557,2853802;-85,12315621
-135,45;555,7024709;-86,77550041
-132,98;555,7024709;-85,12315621
-133,80;560,4585628;-84,29680622
-132,15;560,4585628;-84,29680622
-133,80;560,4585628;-85,94938629
-132,15;557,2853802;-84,29680622
-132,15;563,6415909;-85,12315621
-131,32;562,0488442;-85,12315621
-129,67;560,4585628;-84,29680622
-130,50;560,4585628;-84,29680622
-130,50;562,0488442;-84,29680622
-132,98;560,4585628;-85,94938629
-129,67;557,2853802;-82,64373063
-130,50;565,2368068;-83,47033234
-132,15;562,0488442;-84,29680622
-132,98;563,6415909;-86,77550041
-132,15;565,2368068;-85,94938629
-132,15;562,0488442;-85,94938629
-133,80;557,2853802;-86,77550041
-131,32;554,1220112;-83,47033234
-132,98;560,4585628;-84,29680622
-132,15;560,4585628;-83,47033234
-135,45;558,8707428;-84,29680622
-133,80;554,1220112;-83,47033234
-134,63;557,2853802;-83,47033234
-136,28;555,7024709;-85,12315621
-132,98;554,1220112;-82,64373063
-133,80;557,2853802;-84,29680622
-132,98;554,1220112;-83,47033234
-134,63;557,2853802;-84,29680622
-132,98;554,1220112;-81,81699711
-133,80;558,8707428;-83,47033234
-134,63;560,4585628;-84,29680622
-132,15;560,4585628;-81,81699711
-132,15;563,6415909;-81,81699711
-131,32;565,2368068;-82,64373063
-132,98;563,6415909;-85,94938629
-127,20;562,0488442;-82,64373063
-128,85;565,2368068;-82,64373063
-128,02;562,0488442;-81,81699711
-127,20;562,0488442;-82,64373063
-127,20;562,0488442;-82,64373063
-130,50;560,4585628;-83,47033234
-134,63;560,4585628;-85,94938629
-132,98;558,8707428;-82,64373063
-135,45;565,2368068;-84,29680622
-134,63;563,6415909;-82,64373063
-134,63;565,2368068;-83,47033234
-132,98;562,0488442;-82,64373063
-132,98;563,6415909;-81,81699711
-133,80;558,8707428;-81,81699711
-130,50;554,1220112;-78,50866576
-132,15;552,5439969;-80,16311881
-132,15;550,9684241;-79,33596611
-134,63;550,9684241;-80,99012782
-132,15;547,8245873;-78,50866576
-135,45;555,7024709;-80,99012782
-135,45;554,1220112;-81,81699711
-135,45;554,1220112;-80,16311881
-134,63;557,2853802;-80,99012782
-133,80;557,2853802;-81,81699711
-133,80;557,2853802;-84,29680622
-131,32;554,1220112;-83,47033234
-133,80;560,4585628;-84,29680622
-133,80;557,2853802;-84,29680622
-132,15;562,0488442;-81,81699711
-130,50;562,0488442;-81,81699711
-130,50;562,0488442;-81,81699711
-132,98;560,4585628;-81,81699711
-129,67;557,2853802;-79,33596611
-132,15;563,6415909;-80,16311881
-130,50;560,4585628;-80,99012782
-130,50;563,6415909;-82,64373063
-128,02;558,8707428;-82,64373063
-129,67;560,4585628;-82,64373063
-133,80;552,5439969;-86,77550041
-132,15;549,3952889;-85,12315621
-132,98;555,7024709;-85,12315621
-132,98;554,1220112;-85,12315621
-134,63;554,1220112;-84,29680622
-132,15;554,1220112;-82,64373063
-132,15;558,8707428;-83,47033234
-132,98;558,8707428;-83,47033234
-131,32;557,2853802;-80,99012782
-132,98;557,2853802;-83,47033234
-133,80;555,7024709;-85,12315621
-135,45;555,7024709;-87,60150253
-131,32;554,1220112;-85,94938629
-132,15;558,8707428;-85,94938629
-132,15;557,2853802;-83,47033234
-132,15;557,2853802;-81,81699711
-131,32;555,7024709;-83,47033234
-132,15;558,8707428;-85,94938629
-134,63;557,2853802;-88,42739663
-132,15;554,1220112;-83,47033234
-132,15;560,4585628;-84,29680622
-132,15;558,8707428;-82,64373063
-132,98;558,8707428;-82,64373063
-132,15;558,8707428;-83,47033234
-132,98;560,4585628;-84,29680622
-134,63;560,4585628;-86,77550041
-132,15;558,8707428;-82,64373063
-132,98;560,4585628;-84,29680622
-132,98;562,0488442;-84,29680622
-132,98;563,6415909;-85,12315621
-129,67;560,4585628;-83,47033234
-132,98;563,6415909;-84,29680622
-134,63;562,0488442;-87,60150253
-134,63;562,0488442;-85,12315621
-135,45;565,2368068;-84,29680622
-134,63;565,2368068;-83,47033234
-134,63;563,6415909;-83,47033234
-131,32;558,8707428;-80,16311881
-132,98;563,6415909;-81,81699711
-132,98;558,8707428;-83,47033234
-133,80;558,8707428;-81,81699711
-132,15;558,8707428;-81,81699711
-131,32;560,4585628;-81,81699711
-132,15;554,1220112;-85,94938629
-130,50;552,5439969;-82,64373063
-132,15;557,2853802;-86,77550041
-132,98;557,2853802;-85,94938629
-134,63;557,2853802;-84,29680622
-131,32;557,2853802;-85,12315621
-132,15;560,4585628;-85,94938629
-132,98;558,8707428;-89,25318665
-132,98;557,2853802;-86,77550041
-133,80;558,8707428;-87,60150253
-133,80;557,2853802;-86,77550041
-137,11;557,2853802;-86,77550041
-136,28;557,2853802;-85,12315621
-137,11;560,4585628;-85,12315621
-137,11;560,4585628;-86,77550041
-135,45;558,8707428;-82,64373063
-133,80;560,4585628;-81,81699711
-134,63;562,0488442;-81,81699711
-136,28;565,2368068;-81,81699711
-132,98;558,8707428;-80,16311881
-133,80;560,4585628;-82,64373063
-132,15;558,8707428;-83,47033234
-132,98;558,8707428;-83,47033234
-132,98;558,8707428;-85,12315621
-134,63;560,4585628;-85,12315621
-135,45;562,0488442;-85,94938629
-132,15;558,8707428;-83,47033234
-132,15;565,2368068;-85,12315621
-132,98;562,0488442;-85,12315621
-133,80;560,4585628;-84,29680622
-133,80;558,8707428;-84,29680622
-134,63;560,4585628;-85,12315621
-134,63;560,4585628;-86,77550041
-132,15;555,7024709;-83,47033234
-132,15;562,0488442;-85,12315621
-132,15;558,8707428;-84,29680622
-132,98;558,8707428;-84,29680622
-130,50;554,1220112;-83,47033234
-133,80;558,8707428;-84,29680622
-134,63;558,8707428;-86,77550041
-132,98;557,2853802;-85,12315621
-132,98;563,6415909;-85,94938629
-132,98;565,2368068;-85,12315621
-134,63;565,2368068;-83,47033234
-130,50;562,0488442;-80,16311881
-129,67;565,2368068;-80,99012782
-129,67;563,6415909;-83,47033234
-128,85;562,0488442;-81,81699711
-128,85;565,2368068;-83,47033234
-129,67;565,2368068;-83,47033234
-132,98;565,2368068;-85,94938629
-131,32;562,0488442;-80,99012782
-132,15;568,4346622;-81,81699711
-130,50;563,6415909;-83,47033234
-131,32;562,0488442;-82,64373063
-128,85;562,0488442;-81,81699711
-131,32;563,6415909;-82,64373063
-133,80;555,7024709;-85,94938629
-132,15;552,5439969;-83,47033234
-132,15;558,8707428;-85,94938629
-132,15;557,2853802;-84,29680622
-132,98;562,0488442;-83,47033234
-129,67;557,2853802;-82,64373063
-132,15;560,4585628;-82,64373063
-133,80;558,8707428;-85,12315621
-134,63;554,1220112;-81,81699711
-135,45;560,4585628;-81,81699711
-137,93;565,2368068;-82,64373063
-139,59;563,6415909;-85,12315621
-136,28;560,4585628;-82,64373063
-137,11;565,2368068;-83,47033234
-134,63;562,0488442;-84,29680622
-132,15;558,8707428;-80,99012782
-130,50;563,6415909;-80,99012782
-132,98;562,0488442;-82,64373063
-134,63;563,6415909;-85,12315621
-131,32;558,8707428;-83,47033234
-132,98;563,6415909;-84,29680622
-134,63;562,0488442;-83,47033234
-135,45;563,6415909;-80,16311881
-134,63;562,0488442;-80,99012782
-135,45;565,2368068;-80,99012782
-136,28;565,2368068;-81,81699711
-133,80;560,4585628;-80,16311881
-134,63;562,0488442;-84,29680622
-135,45;557,2853802;-85,12315621
-135,45;557,2853802;-84,29680622
-132,15;557,2853802;-81,81699711
-134,63;560,4585628;-83,47033234
-135,45;558,8707428;-85,12315621
-133,80;554,1220112;-81,81699711
-133,80;555,7024709;-82,64373063
-134,63;554,1220112;-84,29680622
-137,11;555,7024709;-84,29680622
-133,80;552,5439969;-82,64373063
-133,80;558,8707428;-84,29680622
-132,15;558,8707428;-85,94938629
-131,32;558,8707428;-84,29680622
-129,67;558,8707428;-84,29680622
-130,50;558,8707428;-81,81699711
-132,98;562,0488442;-83,47033234
-130,50;558,8707428;-80,16311881
-132,98;562,0488442;-81,81699711
-132,98;557,2853802;-81,81699711
-133,80;557,2853802;-80,16311881
-133,80;560,4585628;-82,64373063
-133,80;558,8707428;-82,64373063
-136,28;555,7024709;-85,12315621
-133,80;552,5439969;-81,81699711
-135,45;554,1220112;-82,64373063
-135,45;554,1220112;-83,47033234
-137,11;554,1220112;-83,47033234
-134,63;555,7024709;-85,12315621
-134,63;558,8707428;-85,94938629
-134,63;555,7024709;-88,42739663
-132,15;550,9684241;-85,12315621
-132,98;554,1220112;-86,77550041
-132,98;554,1220112;-86,77550041
-134,63;558,8707428;-87,60150253
-131,32;557,2853802;-85,12315621
-132,15;563,6415909;-85,12315621
-132,15;566,8344959;-86,77550041
-131,32;563,6415909;-83,47033234
-129,67;566,8344959;-84,29680622
-130,50;565,2368068;-84,29680622
-133,80;563,6415909;-84,29680622
-132,15;557,2853802;-81,81699711
-132,15;563,6415909;-83,47033234
-132,15;560,4585628;-84,29680622
-132,15;558,8707428;-84,29680622
-131,32;560,4585628;-85,94938629
-132,15;563,6415909;-85,94938629
-134,63;563,6415909;-85,12315621
-131,32;558,8707428;-80,16311881
-133,80;566,8344959;-81,81699711
-133,80;565,2368068;-82,64373063
-134,63;565,2368068;-81,81699711
-132,15;563,6415909;-81,81699711
-132,98;562,0488442;-81,81699711
-134,63;558,8707428;-82,64373063
-132,98;557,2853802;-80,16311881
-134,63;562,0488442;-81,81699711
-137,11;558,8707428;-81,81699711
-137,93;557,2853802;-81,81699711
-132,98;555,7024709;-81,81699711
-132,98;557,2853802;-82,64373063
-132,98;557,2853802;-85,94938629
-132,15;555,7024709;-81,81699711
-132,15;560,4585628;-85,12315621
-133,80;560,4585628;-83,47033234
-137,11;562,0488442;-83,47033234
-132,98;557,2853802;-79,33596611
-132,98;562,0488442;-81,81699711
-132,15;558,8707428;-82,64373063
-132,98;560,4585628;-79,33596611
-132,15;565,2368068;-79,33596611
-132,15;565,2368068;-80,99012782
-132,98;566,8344959;-83,47033234
-130,50;563,6415909;-81,81699711
-132,15;565,2368068;-81,81699711
-132,98;560,4585628;-82,64373063
-136,28;560,4585628;-82,64373063
-134,63;558,8707428;-83,47033234
-136,28;558,8707428;-85,12315621
-137,11;557,2853802;-89,25318665
-134,63;554,1220112;-86,77550041
-134,63;558,8707428;-86,77550041
-136,28;554,1220112;-85,12315621
-136,28;555,7024709;-83,47033234
-133,80;558,8707428;-82,64373063
-134,63;560,4585628;-83,47033234
-134,63;555,7024709;-84,29680622
-132,98;550,9684241;-80,16311881
-132,98;555,7024709;-80,16311881
-132,15;557,2853802;-80,99012782
-132,98;555,7024709;-82,64373063
-130,50;554,1220112;-82,64373063
-132,15;557,2853802;-82,64373063
-132,15;554,1220112;-85,12315621
-132,98;557,2853802;-82,64373063
-132,15;562,0488442;-84,29680622
-132,98;565,2368068;-83,47033234
-135,45;562,0488442;-83,47033234
-133,80;555,7024709;-80,99012782
-132,98;563,6415909;-82,64373063
-132,15;563,6415909;-83,47033234
-133,80;562,0488442;-81,81699711
-130,50;560,4585628;-83,47033234
-130,50;563,6415909;-84,29680622
-132,98;563,6415909;-85,94938629
-132,15;560,4585628;-81,81699711
-132,15;563,6415909;-83,47033234
-132,98;560,4585628;-82,64373063
-135,45;562,0488442;-82,64373063
-132,98;565,2368068;-83,47033234
-133,80;565,2368068;-84,29680622
-133,80;563,6415909;-86,77550041
-133,80;557,2853802;-83,47033234
-133,80;558,8707428;-84,29680622
-132,98;558,8707428;-85,12315621
-133,80;560,4585628;-84,29680622
-131,32;558,8707428;-82,64373063
-132,15;565,2368068;-84,29680622
-131,32;562,0488442;-88,42739663
-132,98;560,4585628;-85,12315621
-132,15;563,6415909;-84,29680622
-134,63;560,4585628;-82,64373063
-137,11;560,4585628;-83,47033234
-134,63;555,7024709;-80,16311881
-134,63;560,4585628;-80,99012782
-134,63;560,4585628;-81,81699711
-136,28;560,4585628;-80,16311881
-133,80;558,8707428;-80,16311881
-135,45;560,4585628;-79,33596611
-136,28;560,4585628;-80,99012782
-132,98;558,8707428;-80,16311881
-131,32;566,8344959;-81,81699711
-131,32;565,2368068;-83,47033234
-131,32;566,8344959;-82,64373063
-129,67;562,0488442;-84,29680622
-131,32;563,6415909;-85,12315621
-132,15;562,0488442;-85,94938629
-133,80;557,2853802;-81,81699711
-132,98;560,4585628;-83,47033234
-132,98;562,0488442;-84,29680622
-134,63;566,8344959;-86,77550041
-132,15;566,8344959;-87,60150253
-132,98;571,6424423;-87,60150253
-132,98;568,4346622;-88,42739663
-133,80;565,2368068;-83,47033234
-133,80;568,4346622;-85,12315621
-134,63;568,4346622;-84,29680622
-137,11;568,4346622;-86,77550041
-132,98;560,4585628;-84,29680622
-132,98;563,6415909;-86,77550041
-132,98;558,8707428;-87,60150253
-134,63;557,2853802;-86,77550041
-132,98;558,8707428;-87,60150253
-135,45;560,4585628;-86,77550041
-136,28;557,2853802;-88,42739663
-134,63;552,5439969;-85,12315621
-134,63;558,8707428;-85,12315621
-133,80;558,8707428;-83,47033234
-136,28;560,4585628;-81,81699711
-132,98;560,4585628;-81,81699711
-134,63;566,8344959;-80,16311881
-134,63;562,0488442;-83,47033234
-134,63;557,2853802;-80,99012782
-134,63;562,0488442;-82,64373063
-133,80;562,0488442;-81,81699711
-134,63;563,6415909;-81,81699711
-133,80;560,4585628;-82,64373063
-133,80;562,0488442;-85,12315621
-133,80;560,4585628;-86,77550041
-133,80;560,4585628;-84,29680622
-132,15;565,2368068;-86,77550041
-132,98;563,6415909;-86,77550041
-134,63;560,4585628;-85,94938629
-130,50;554,1220112;-85,12315621
-131,32;562,0488442;-85,94938629
-132,15;560,4585628;-88,42739663
-135,45;562,0488442;-84,29680622
-133,80;565,2368068;-85,12315621
-133,80;563,6415909;-84,29680622
-134,63;560,4585628;-85,94938629
-132,98;557,2853802;-81,81699711
-134,63;563,6415909;-84,29680622
-134,63;560,4585628;-85,94938629
-136,28;562,0488442;-84,29680622
-132,15;560,4585628;-85,12315621
-134,63;563,6415909;-84,29680622
-135,45;563,6415909;-86,77550041
-133,80;560,4585628;-84,29680622
-132,98;565,2368068;-85,12315621
-133,80;560,4585628;-84,29680622
-138,76;560,4585628;-81,81699711
-137,11;562,0488442;-81,81699711
-137,11;566,8344959;-80,99012782
-134,63;568,4346622;-82,64373063
-134,63;563,6415909;-80,16311881
-132,15;565,2368068;-82,64373063
-133,80;563,6415909;-82,64373063
-136,28;563,6415909;-85,12315621
-132,15;560,4585628;-84,29680622
-134,63;562,0488442;-85,12315621
-134,63;560,4585628;-88,42739663
-137,93;560,4585628;-85,12315621
-136,28;562,0488442;-84,29680622
-135,45;562,0488442;-83,47033234
-135,45;558,8707428;-84,29680622
-133,80;557,2853802;-81,81699711
-134,63;563,6415909;-85,12315621
-136,28;562,0488442;-87,60150253
-138,76;565,2368068;-85,94938629
-137,11;563,6415909;-86,77550041
-139,59;563,6415909;-84,29680622
-140,41;562,0488442;-85,12315621
-138,76;558,8707428;-80,99012782
-137,11;562,0488442;-81,81699711
-137,11;560,4585628;-83,47033234
-139,59;560,4585628;-82,64373063
-136,28;560,4585628;-84,29680622
-136,28;563,6415909;-83,47033234
-133,80;562,0488442;-85,94938629
-134,63;557,2853802;-80,99012782
-133,80;560,4585628;-81,81699711
-136,28;558,8707428;-81,81699711
-137,11;558,8707428;-82,64373063
-133,80;554,1220112;-82,64373063
-133,80;563,6415909;-82,64373063
-133,80;560,4585628;-84,29680622
-132,98;558,8707428;-80,99012782
-131,32;558,8707428;-83,47033234
-133,80;558,8707428;-84,29680622
-134,63;562,0488442;-84,29680622
-132,15;558,8707428;-81,81699711
-132,15;565,2368068;-84,29680622
-132,98;563,6415909;-85,94938629
-135,45;563,6415909;-82,64373063
-132,98;560,4585628;-82,64373063
-132,98;562,0488442;-82,64373063
-132,15;562,0488442;-83,47033234
-131,32;557,2853802;-80,99012782
-130,50;563,6415909;-80,99012782
-132,15;560,4585628;-81,81699711
-134,63;563,6415909;-80,99012782
-132,15;562,0488442;-82,64373063
-133,80;565,2368068;-83,47033234
-133,80;560,4585628;-85,12315621
-134,63;557,2853802;-80,99012782
-132,98;562,0488442;-81,81699711
-134,63;560,4585628;-82,64373063
-135,45;560,4585628;-84,29680622
-130,50;560,4585628;-84,29680622
-132,15;563,6415909;-85,12315621
-132,98;562,0488442;-86,77550041
-133,80;560,4585628;-84,29680622
-131,32;563,6415909;-86,77550041
-131,32;563,6415909;-85,94938629
-132,15;563,6415909;-85,94938629
-132,15;558,8707428;-84,29680622
-132,15;563,6415909;-84,29680622
-130,50;560,4585628;-86,77550041
-132,15;557,2853802;-83,47033234
-129,67;560,4585628;-84,29680622
-130,50;562,0488442;-83,47033234
-130,50;558,8707428;-85,94938629
-130,50;554,1220112;-84,29680622
-130,50;558,8707428;-85,12315621
-133,80;557,2853802;-83,47033234
-137,11;560,4585628;-80,99012782
-132,98;560,4585628;-81,81699711
-132,98;563,6415909;-81,81699711
-132,15;560,4585628;-84,29680622
-132,98;557,2853802;-80,99012782
-132,98;565,2368068;-83,47033234
-134,63;563,6415909;-81,81699711
-137,11;563,6415909;-81,81699711
-133,80;563,6415909;-81,81699711
-133,80;568,4346622;-81,81699711
-133,80;563,6415909;-82,64373063
-136,28;563,6415909;-79,33596611
-133,80;566,8344959;-81,81699711
-134,63;565,2368068;-81,81699711
-136,28;563,6415909;-81,81699711
-134,63;557,2853802;-80,99012782
-134,63;562,0488442;-82,64373063
-133,80;560,4585628;-84,29680622
-137,11;560,4585628;-81,81699711
-134,63;563,6415909;-84,29680622
-135,45;565,2368068;-84,29680622
-134,63;566,8344959;-85,12315621
-132,15;560,4585628;-82,64373063
-129,67;565,2368068;-82,64373063
-130,50;565,2368068;-84,29680622
-133,80;566,8344959;-82,64373063
-132,15;563,6415909;-82,64373063
-133,80;560,4585628;-81,81699711
-132,98;557,2853802;-81,81699711
-132,98;554,1220112;-79,33596611
-132,15;558,8707428;-81,81699711
-132,98;555,7024709;-81,81699711
-134,63;555,7024709;-80,99012782
-131,32;554,1220112;-81,81699711
-132,15;558,8707428;-82,64373063
-132,15;554,1220112;-85,94938629
-132,15;552,5439969;-82,64373063
-131,32;557,2853802;-85,12315621
-133,80;557,2853802;-84,29680622
-134,63;558,8707428;-85,12315621
-133,80;555,7024709;-84,29680622
-133,80;558,8707428;-85,94938629
-133,80;555,7024709;-87,60150253
-135,45;554,1220112;-83,47033234
-131,32;558,8707428;-85,94938629
-132,15;558,8707428;-86,77550041
-133,80;558,8707428;-86,77550041
-132,98;555,7024709;-84,29680622
-132,15;560,4585628;-84,29680622
-132,15;557,2853802;-85,94938629
-135,45;562,0488442;-83,47033234
-132,15;558,8707428;-83,47033234
-132,98;558,8707428;-81,81699711
-132,98;558,8707428;-83,47033234
-132,98;555,7024709;-80,99012782
-132,15;560,4585628;-83,47033234
-133,80;563,6415909;-83,47033234
-136,28;565,2368068;-82,64373063
-133,80;562,0488442;-83,47033234
-134,63;565,2368068;-84,29680622
-133,80;563,6415909;-85,12315621
-134,63;560,4585628;-80,99012782
-132,15;563,6415909;-81,81699711
-133,80;562,0488442;-83,47033234
-135,45;560,4585628;-83,47033234
-133,80;560,4585628;-84,29680622
-132,98;563,6415909;-85,94938629
-132,98;566,8344959;-88,42739663
-135,45;563,6415909;-84,29680622
-132,98;566,8344959;-85,12315621
-133,80;566,8344959;-84,29680622
-132,98;563,6415909;-83,47033234
-131,32;560,4585628;-81,81699711
-130,50;566,8344959;-84,29680622
-131,32;565,2368068;-85,94938629
-134,63;566,8344959;-80,16311881
-132,98;563,6415909;-78,50866576
-134,63;562,0488442;-78,50866576
-134,63;555,7024709;-80,99012782
-135,45;552,5439969;-79,33596611
-133,80;555,7024709;-79,33596611
-133,80;555,7024709;-80,99012782
-134,63;558,8707428;-80,16311881
-132,98;555,7024709;-81,81699711
-133,80;557,2853802;-84,29680622
-132,98;555,7024709;-85,94938629
-133,80;554,1220112;-80,99012782
-132,15;557,2853802;-81,81699711
-133,80;554,1220112;-81,81699711
-133,80;552,5439969;-81,81699711
-132,15;547,8245873;-82,64373063
-131,32;550,9684241;-85,12315621
-131,32;550,9684241;-88,42739663
-132,98;552,5439969;-85,12315621
-130,50;554,1220112;-85,12315621
-132,15;554,1220112;-84,29680622
-132,98;554,1220112;-83,47033234
-132,15;549,3952889;-83,47033234
-132,15;552,5439969;-85,94938629
-132,98;552,5439969;-87,60150253
-136,28;552,5439969;-85,12315621
-133,80;554,1220112;-85,94938629
-134,63;555,7024709;-84,29680622
-133,80;554,1220112;-85,12315621
-134,63;550,9684241;-82,64373063
-133,80;557,2853802;-85,12315621
-133,80;558,8707428;-85,12315621
-135,45;560,4585628;-83,47033234
-133,80;560,4585628;-83,47033234
-135,45;560,4585628;-82,64373063
-134,63;557,2853802;-86,77550041
-136,28;555,7024709;-83,47033234
-133,80;563,6415909;-84,29680622
-133,80;565,2368068;-84,29680622
-132,98;563,6415909;-83,47033234
-131,32;563,6415909;-84,29680622
-131,32;566,8344959;-83,47033234
-132,15;562,0488442;-85,94938629
-136,28;558,8707428;-84,29680622
-132,98;562,0488442;-85,94938629
-132,98;560,4585628;-85,94938629
-131,32;560,4585628;-84,29680622
-129,67;555,7024709;-81,81699711
-130,50;562,0488442;-81,81699711
-130,50;560,4585628;-83,47033234
-132,98;560,4585628;-79,33596611
-129,67;557,2853802;-80,99012782
-131,32;560,4585628;-79,33596611
-130,50;560,4585628;-81,81699711
-132,15;558,8707428;-80,16311881
-131,32;565,2368068;-80,99012782
-133,80;566,8344959;-85,12315621
-135,45;568,4346622;-83,47033234
-132,98;563,6415909;-84,29680622
-132,98;563,6415909;-85,12315621
-132,98;560,4585628;-85,12315621
-132,98;555,7024709;-84,29680622
-130,50;562,0488442;-84,29680622
-131,32;560,4585628;-83,47033234
-132,15;562,0488442;-82,64373063
-130,50;560,4585628;-81,81699711
-130,50;566,8344959;-81,81699711
-131,32;562,0488442;-84,29680622
-132,15;563,6415909;-80,16311881
-128,85;566,8344959;-80,99012782
-130,50;565,2368068;-80,16311881
-130,50;563,6415909;-80,16311881
-130,50;560,4585628;-79,33596611
-130,50;566,8344959;-80,99012782
-129,67;562,0488442;-85,94938629
-131,32;555,7024709;-83,47033234
-128,85;554,1220112;-85,12315621
-131,32;554,1220112;-83,47033234
-132,98;557,2853802;-85,94938629
-132,98;552,5439969;-84,29680622
-132,98;562,0488442;-85,12315621
-133,80;562,0488442;-86,77550041
-134,63;563,6415909;-83,47033234
-133,80;562,0488442;-84,29680622
-134,63;562,0488442;-84,29680622
-134,63;562,0488442;-85,12315621
-136,28;560,4585628;-80,99012782
-132,15;568,4346622;-83,47033234
-132,98;566,8344959;-82,64373063
-134,63;568,4346622;-80,99012782
-133,80;563,6415909;-80,99012782
-133,80;565,2368068;-81,81699711
-132,98;563,6415909;-83,47033234
-135,45;562,0488442;-80,99012782
-132,15;566,8344959;-82,64373063
-134,63;563,6415909;-81,81699711
-133,80;563,6415909;-81,81699711
-133,80;560,4585628;-80,99012782
-132,98;562,0488442;-82,64373063
-132,15;560,4585628;-85,12315621
-132,98;560,4585628;-80,99012782
-129,67;560,4585628;-83,47033234
-130,50;558,8707428;-83,47033234
-131,32;557,2853802;-85,12315621
-132,15;557,2853802;-85,94938629
-131,32;562,0488442;-85,94938629
-130,50;558,8707428;-86,77550041
-133,80;557,2853802;-80,99012782
-132,15;557,2853802;-81,81699711
-133,80;558,8707428;-83,47033234
-133,80;555,7024709;-85,94938629
-136,28;554,1220112;-84,29680622
-134,63;558,8707428;-85,94938629
-135,45;558,8707428;-86,77550041
-136,28;558,8707428;-84,29680622
-133,80;558,8707428;-84,29680622
-134,63;558,8707428;-84,29680622
-134,63;560,4585628;-85,94938629
-136,28;560,4585628;-83,47033234
-132,98;568,4346622;-85,94938629
-134,63;563,6415909;-85,94938629
-136,28;562,0488442;-82,64373063
-136,28;557,2853802;-82,64373063
-137,11;562,0488442;-82,64373063
-136,28;558,8707428;-85,12315621
-138,76;557,2853802;-81,81699711
-134,63;560,4585628;-84,29680622
-136,28;560,4585628;-85,12315621
-135,45;558,8707428;-84,29680622
-134,63;552,5439969;-82,64373063
-133,80;557,2853802;-82,64373063
-133,80;557,2853802;-85,94938629
-135,45;560,4585628;-82,64373063
-132,15;562,0488442;-84,29680622
-132,98;563,6415909;-83,47033234
-132,98;562,0488442;-82,64373063
-134,63;558,8707428;-80,99012782
-133,80;563,6415909;-81,81699711
-135,45;562,0488442;-84,29680622
-136,28;560,4585628;-82,64373063
-132,98;557,2853802;-85,94938629
-133,80;560,4585628;-85,12315621
-133,80;560,4585628;-85,12315621
-135,45;560,4585628;-81,81699711
-132,98;563,6415909;-84,29680622
-133,80;560,4585628;-84,29680622
-133,80;558,8707428;-81,81699711
-132,98;555,7024709;-80,16311881
-132,98;562,0488442;-81,81699711
-132,98;560,4585628;-84,29680622
-134,63;558,8707428;-80,99012782
-132,15;557,2853802;-81,81699711
-132,15;555,7024709;-81,81699711
-132,15;554,1220112;-81,81699711
-133,80;550,9684241;-81,81699711
-134,63;555,7024709;-82,64373063
-134,63;557,2853802;-83,47033234
-136,28;560,4585628;-81,81699711
-133,80;565,2368068;-85,94938629
-134,63;565,2368068;-85,94938629
-133,80;563,6415909;-86,77550041
-134,63;555,7024709;-85,12315621
-132,15;562,0488442;-85,94938629
-132,98;560,4585628;-87,60150253
-133,80;560,4585628;-84,29680622
-133,80;560,4585628;-85,94938629
-135,45;565,2368068;-87,60150253
-134,63;565,2368068;-88,42739663
-135,45;562,0488442;-85,12315621
-131,32;568,4346622;-85,94938629
-132,98;568,4346622;-85,94938629
-132,98;568,4346622;-84,29680622
-132,15;563,6415909;-84,29680622
-132,98;566,8344959;-82,64373063
-133,80;562,0488442;-84,29680622
-135,45;560,4585628;-80,99012782
-132,15;562,0488442;-82,64373063
-132,98;560,4585628;-81,81699711
-132,98;557,2853802;-80,99012782
-132,98;550,9684241;-80,16311881
-132,15;555,7024709;-80,16311881
-133,80;554,1220112;-81,81699711
-136,28;558,8707428;-77,68121379
-134,63;560,4585628;-77,68121379
-136,28;560,4585628;-76,85360626
-134,63;560,4585628;-76,85360626
-137,11;558,8707428;-72,71309629
-133,80;566,8344959;-71,05566463
-134,63;566,8344959;-69,39748389
-136,28;570,0373097;-62,75663629
-133,80;566,8344959;-58,5988615
-135,45;565,2368068;-51,09899228
-135,45;560,4585628;-45,25009688
-136,28;554,1220112;-36,02775427
-133,80;557,2853802;-30,13704277
-135,45;555,7024709;-22,53562015
-134,63;557,2853802;-10,64297646
-133,80;558,8707428;-2,949483365
-132,15;562,0488442;9,101051572
-133,80;560,4585628;20,38952082
-136,28;560,4585628;36,19317583
-133,80;563,6415909;48,63748996
-133,80;563,6415909;63,03825775
-132,15;563,6415909;77,64518433
-132,15;560,4585628;90,6081167
-132,15;566,8344959;104,6982652
-134,63;563,6415909;118,0484708
-137,11;566,8344959;136,4944203
-132,98;566,8344959;150,3420569
-134,63;568,4346622;169,504078
-134,63;568,4346622;185,9880261
-134,63;563,6415909;203,8696132
-134,63;568,4346622;221,0622062
-134,63;563,6415909;236,4074013
-136,28;566,8344959;258,8399867
-134,63;568,4346622;272,5996974
-134,63;566,8344959;291,3103635
-134,63;563,6415909;309,2430277
-136,28;555,7024709;331,2814443
-132,98;562,0488442;347,5625843
-134,63;560,4585628;362,871191
-134,63;562,0488442;382,3954599
-132,15;562,0488442;398,3340271
-132,15;563,6415909;415,9295291
-132,15;560,4585628;431,0913289
-134,63;557,2853802;452,1802892
-132,15;563,6415909;467,955952
-132,15;560,4585628;484,0001944
-132,15;560,4585628;498,8233716
-132,15;558,8707428;510,8475294
-132,15;562,0488442;526,0880747
-132,15;560,4585628;535,3461088
-132,98;562,0488442;552,5439969
-132,15;568,4346622;554,1220112
-133,80;565,2368068;558,8707428
-134,63;560,4585628;562,0488442
-137,93;554,1220112;560,4585628
-136,28;558,8707428;558,8707428
-134,63;558,8707428;554,1220112
-134,63;560,4585628;555,7024709
-133,80;563,6415909;549,3952889
-133,80;566,8344959;549,3952889
-133,80;563,6415909;544,6904691
-134,63;560,4585628;543,1270445
-132,15;566,8344959;540,0074447
-133,80;566,8344959;535,3461088
-133,80;565,2368068;543,1270445
-132,98;563,6415909;541,5660377
-132,98;566,8344959;543,1270445
-132,98;565,2368068;543,1270445
-135,45;560,4585628;554,1220112
-131,32;563,6415909;554,1220112
-133,80;563,6415909;558,8707428
-134,63;563,6415909;565,2368068
-134,63;558,8707428;570,0373097
-132,98;560,4585628;571,6424423
-134,63;558,8707428;566,8344959
-137,11;558,8707428;571,6424423
-134,63;562,0488442;566,8344959
-133,80;558,8707428;565,2368068
-133,80;558,8707428;562,0488442
-134,63;555,7024709;560,4585628
-132,15;560,4585628;555,7024709
-132,15;557,2853802;549,3952889
-130,50;557,2853802;549,3952889
-130,50;560,4585628;543,1270445
-130,50;562,0488442;546,2563153
-128,85;558,8707428;543,1270445
-129,67;550,9684241;543,1270445
-128,02;554,1220112;541,5660377
-128,85;554,1220112;536,8974842
-128,85;554,1220112;543,1270445
-129,67;554,1220112;540,0074447
-129,67;555,7024709;538,4512615
-131,32;554,1220112;535,3461088
-132,98;550,9684241;536,8974842
-128,85;555,7024709;533,7971314
-131,32;555,7024709;529,1645471
-130,50;558,8707428;529,1645471
-132,15;557,2853802;526,0880747
-132,15;560,4585628;527,6251218
-132,98;562,0488442;523,021099
-136,28;560,4585628;529,1645471
-133,80;566,8344959;526,0880747
-132,98;565,2368068;526,0880747
-134,63;563,6415909;526,0880747
-137,11;558,8707428;523,021099
-137,11;562,0488442;521,4911625
-137,93;555,7024709;516,9155109
-138,76;557,2853802;518,4383724
-137,11;563,6415909;513,8768352
-136,28;565,2368068;512,361013
-136,28;568,4346622;507,8275618
-137,93;563,6415909;506,32107
-134,63;568,4346622;500,3182897
-134,63;562,0488442;494,3524186
-134,63;562,0488442;498,8233716
-132,15;562,0488442;494,3524186
-132,15;563,6415909;492,8666882
-132,98;560,4585628;486,9465971
-135,45;555,7024709;486,9465971
-132,15;560,4585628;482,5303899
-132,98;557,2853802;475,2151775
-132,98;558,8707428;473,7588693
-132,98;557,2853802;470,8529554
-132,98;562,0488442;470,8529554
-132,98;558,8707428;462,1885493
-133,80;557,2853802;460,7522181
-130,50;560,4585628;456,4564078
-130,50;555,7024709;449,3404306
-130,50;555,7024709;447,9237555
-132,15;554,1220112;443,6866995
-129,67;560,4585628;442,2786575
-132,15;557,2853802;435,2705932
-132,15;555,7024709;440,8727637
-131,32;557,2853802;440,8727637
-132,15;560,4585628;438,0674055
-132,15;563,6415909;433,8753818
-133,80;562,0488442;433,8753818
-131,32;568,4346622;433,8753818
-132,98;565,2368068;428,3157426
-132,15;563,6415909;435,2705932
-131,32;563,6415909;432,482295
-132,15;566,8344959;435,2705932
-132,15;565,2368068;433,8753818
-135,45;560,4585628;438,0674055
-132,98;568,4346622;439,4690144
-134,63;563,6415909;439,4690144
-132,15;565,2368068;447,9237555
-133,80;563,6415909;447,9237555
-133,80;565,2368068;450,7592739
-134,63;563,6415909;452,1802892
-136,28;562,0488442;455,0288523
-134,63;563,6415909;453,6034807
-134,63;557,2853802;455,0288523
-132,98;554,1220112;460,7522181
-133,80;552,5439969;465,0678272
-130,50;557,2853802;470,8529554
-132,15;555,7024709;470,8529554
-133,80;557,2853802;484,0001944
-132,15;560,4585628;486,9465971
-133,80;560,4585628;491,3832448
-133,80;563,6415909;498,8233716
-136,28;563,6415909;504,8169008
-133,80;568,4346622;513,8768352
-133,80;566,8344959;518,4383724
-134,63;568,4346622;529,1645471
-133,80;565,2368068;532,2505479
-133,80;565,2368068;540,0074447
-134,63;563,6415909;546,2563153
-136,28;560,4585628;552,5439969
-134,63;566,8344959;557,2853802
-135,45;566,8344959;558,8707428
-134,63;568,4346622;568,4346622
-134,63;563,6415909;570,0373097
-132,15;566,8344959;571,6424423
-132,98;565,2368068;568,4346622
-134,63;562,0488442;571,6424423
-131,32;565,2368068;568,4346622
-132,15;563,6415909;565,2368068
-132,15;562,0488442;568,4346622
-134,63;554,1220112;562,0488442
-133,80;558,8707428;562,0488442
-133,80;558,8707428;555,7024709
-134,63;557,2853802;558,8707428
-133,80;560,4585628;555,7024709
-133,80;562,0488442;552,5439969
-134,63;562,0488442;557,2853802
-137,11;557,2853802;558,8707428
-132,98;560,4585628;560,4585628
-133,80;557,2853802;557,2853802
-134,63;554,1220112;560,4585628
-134,63;557,2853802;558,8707428
-134,63;555,7024709;560,4585628
-133,80;558,8707428;558,8707428
-134,63;554,1220112;562,0488442
-132,98;560,4585628;560,4585628
-133,80;557,2853802;558,8707428
-133,80;558,8707428;562,0488442
-133,80;557,2853802;560,4585628
-131,32;563,6415909;558,8707428
-133,80;562,0488442;555,7024709
-137,11;558,8707428;557,2853802
-133,80;562,0488442;550,9684241
-132,98;558,8707428;547,8245873
-130,50;555,7024709;552,5439969
-132,98;554,1220112;550,9684241
-132,98;557,2853802;547,8245873
-135,45;554,1220112;540,0074447
-137,11;554,1220112;540,0074447
-134,63;558,8707428;535,3461088
-134,63;557,2853802;532,2505479
-134,63;560,4585628;532,2505479
-136,28;558,8707428;527,6251218
-132,98;565,2368068;526,0880747
-134,63;565,2368068;523,021099
-134,63;565,2368068;527,6251218
-133,80;563,6415909;523,021099
-132,98;560,4585628;523,021099
-132,15;560,4585628;524,5534017
-133,80;557,2853802;523,021099
-130,50;565,2368068;519,9635883
-131,32;562,0488442;513,8768352
-131,32;560,4585628;518,4383724
-132,98;560,4585628;516,9155109
-132,15;565,2368068;515,3949999
-132,15;563,6415909;512,361013
-133,80;560,4585628;512,361013
-131,32;565,2368068;507,8275618
-132,15;560,4585628;504,8169008
-129,67;560,4585628;509,3363803
-130,50;558,8707428;504,8169008
-128,85;558,8707428;501,8155146
-132,98;557,2853802;498,8233716
-135,45;557,2853802;501,8155146
-134,63;560,4585628;498,8233716
-134,63;557,2853802;494,3524186
-134,63;558,8707428;494,3524186
-137,11;557,2853802;491,3832448
-134,63;560,4585628;492,8666882
-135,45;558,8707428;491,3832448
-134,63;558,8707428;495,84044
-134,63;560,4585628;494,3524186
-132,98;560,4585628;494,3524186
-132,98;560,4585628;495,84044
-133,80;558,8707428;497,3307563
-131,32;565,2368068;495,84044
-132,15;562,0488442;494,3524186
-132,15;560,4585628;500,3182897
-132,15;560,4585628;495,84044
-131,32;560,4585628;495,84044
-132,98;560,4585628;498,8233716
-132,98;557,2853802;503,3150503
-131,32;562,0488442;504,8169008
-132,98;562,0488442;503,3150503
-132,98;565,2368068;512,361013
-132,98;562,0488442;515,3949999
-131,32;565,2368068;518,4383724
-133,80;563,6415909;515,3949999
-135,45;562,0488442;521,4911625
-134,63;566,8344959;526,0880747
-134,63;565,2368068;529,1645471
-136,28;563,6415909;535,3461088
-137,11;558,8707428;535,3461088
-132,98;563,6415909;538,4512615
-133,80;562,0488442;538,4512615
-134,63;560,4585628;547,8245873
-132,98;562,0488442;550,9684241
-132,98;562,0488442;552,5439969
-133,80;562,0488442;557,2853802
-134,63;560,4585628;560,4585628
-132,15;563,6415909;558,8707428
-134,63;560,4585628;555,7024709
-134,63;558,8707428;560,4585628
-134,63;560,4585628;555,7024709
-133,80;562,0488442;560,4585628
-134,63;560,4585628;562,0488442
-137,93;554,1220112;563,6415909
-134,63;560,4585628;563,6415909
-134,63;555,7024709;558,8707428
-134,63;557,2853802;563,6415909
-133,80;557,2853802;558,8707428
-130,50;560,4585628;557,2853802
-131,32;560,4585628;554,1220112
-132,15;557,2853802;554,1220112
-130,50;563,6415909;552,5439969
-128,85;560,4585628;547,8245873
-128,85;558,8707428;552,5439969
-130,50;555,7024709;549,3952889
-128,85;560,4585628;550,9684241
-131,32;557,2853802;547,8245873
-132,15;558,8707428;554,1220112
-132,15;563,6415909;552,5439969
-132,98;563,6415909;552,5439969
-134,63;565,2368068;555,7024709
-136,28;560,4585628;554,1220112
-133,80;568,4346622;552,5439969
-134,63;563,6415909;549,3952889
-134,63;562,0488442;550,9684241
-134,63;560,4585628;547,8245873
-132,15;558,8707428;547,8245873
-132,98;558,8707428;546,2563153
-134,63;554,1220112;547,8245873
-133,80;558,8707428;546,2563153
-134,63;554,1220112;543,1270445
-137,11;555,7024709;547,8245873
-138,76;557,2853802;544,6904691
-136,28;562,0488442;544,6904691
-136,28;560,4585628;541,5660377
-137,11;560,4585628;540,0074447
-134,63;568,4346622;538,4512615
-136,28;565,2368068;535,3461088
-135,45;566,8344959;540,0074447
-136,28;562,0488442;536,8974842
-133,80;563,6415909;533,7971314
-134,63;562,0488442;529,1645471
-137,11;560,4585628;529,1645471
-136,28;565,2368068;527,6251218
-137,11;563,6415909;524,5534017
-137,93;566,8344959;527,6251218
-139,59;565,2368068;523,021099
-137,11;570,0373097;521,4911625
-137,93;566,8344959;521,4911625
-137,93;568,4346622;527,6251218
-137,11;566,8344959;523,021099
-134,63;565,2368068;521,4911625
-134,63;560,4585628;524,5534017
-135,45;555,7024709;523,021099
-132,98;560,4585628;523,021099
-134,63;558,8707428;518,4383724
-134,63;562,0488442;527,6251218
-133,80;563,6415909;526,0880747
-132,15;565,2368068;526,0880747
-132,98;560,4585628;526,0880747
-134,63;557,2853802;527,6251218
-132,98;560,4585628;524,5534017
-132,98;558,8707428;521,4911625
-132,98;562,0488442;527,6251218
-135,45;558,8707428;523,021099
-132,98;562,0488442;529,1645471
-136,28;562,0488442;529,1645471
-137,11;560,4585628;533,7971314
-134,63;562,0488442;536,8974842
-133,80;563,6415909;538,4512615
-134,63;566,8344959;546,2563153
-137,11;562,0488442;544,6904691
-132,98;565,2368068;546,2563153
-134,63;560,4585628;546,2563153
-133,80;558,8707428;549,3952889
-133,80;560,4585628;546,2563153
-132,15;558,8707428;549,3952889
-133,80;558,8707428;552,5439969
-134,63;554,1220112;555,7024709
-131,32;563,6415909;557,2853802
-132,15;562,0488442;554,1220112
-131,32;563,6415909;562,0488442
-131,32;563,6415909;560,4585628
-128,85;565,2368068;558,8707428
-132,15;563,6415909;558,8707428
-133,80;560,4585628;558,8707428
-132,15;568,4346622;555,7024709
-132,15;568,4346622;550,9684241
-133,80;568,4346622;557,2853802
-136,28;566,8344959;557,2853802
-133,80;568,4346622;562,0488442
-133,80;565,2368068;560,4585628
-132,98;560,4585628;568,4346622
-130,50;563,6415909;565,2368068
-128,85;560,4585628;560,4585628
-129,67;560,4585628;565,2368068
-132,98;557,2853802;565,2368068
-131,32;562,0488442;566,8344959
-131,32;560,4585628;565,2368068
-132,15;562,0488442;566,8344959
-132,98;562,0488442;563,6415909
-130,50;562,0488442;562,0488442
-132,98;562,0488442;563,6415909
-135,45;557,2853802;560,4585628
-132,98;563,6415909;560,4585628
-133,80;560,4585628;555,7024709
-133,80;562,0488442;563,6415909
-134,63;562,0488442;563,6415909
-133,80;563,6415909;566,8344959
-133,80;562,0488442;568,4346622
-136,28;558,8707428;568,4346622
-134,63;563,6415909;568,4346622
-133,80;563,6415909;565,2368068
-133,80;563,6415909;571,6424423
-134,63;562,0488442;568,4346622
-132,15;565,2368068;570,0373097
-132,98;562,0488442;566,8344959
-133,80;558,8707428;563,6415909
-132,15;560,4585628;558,8707428
-132,98;557,2853802;552,5439969
-133,80;557,2853802;558,8707428
-135,45;550,9684241;555,7024709
-133,80;557,2853802;558,8707428
-134,63;554,1220112;557,2853802
-134,63;554,1220112;562,0488442
-134,63;560,4585628;560,4585628
-133,80;562,0488442;554,1220112
-134,63;560,4585628;557,2853802
-137,11;554,1220112;557,2853802
-133,80;560,4585628;555,7024709
-134,63;555,7024709;554,1220112
-132,98;560,4585628;558,8707428
-134,63;560,4585628;558,8707428
-132,98;557,2853802;558,8707428
-134,63;555,7024709;558,8707428
-136,28;552,5439969;557,2853802
-134,63;558,8707428;557,2853802
-133,80;557,2853802;554,1220112
-132,98;562,0488442;560,4585628
-134,63;560,4585628;560,4585628
-132,98;562,0488442;562,0488442
-134,63;560,4585628;562,0488442
-132,98;557,2853802;562,0488442
-131,32;565,2368068;558,8707428
-131,32;562,0488442;552,5439969
-133,80;563,6415909;555,7024709
-137,11;562,0488442;554,1220112
-134,63;565,2368068;552,5439969
-136,28;562,0488442;549,3952889
-136,28;558,8707428;547,8245873
-135,45;558,8707428;544,6904691
-133,80;560,4585628;543,1270445
-133,80;562,0488442;544,6904691
-134,63;560,4585628;544,6904691
-132,15;565,2368068;549,3952889
-132,15;563,6415909;547,8245873
-132,15;560,4585628;552,5439969
-132,98;562,0488442;550,9684241
-130,50;560,4585628;549,3952889
-131,32;560,4585628;547,8245873
-131,32;557,2853802;544,6904691
-128,85;563,6415909;544,6904691
-128,85;562,0488442;543,1270445
-130,50;562,0488442;547,8245873
-132,98;562,0488442;546,2563153
-132,15;565,2368068;546,2563153
-132,98;562,0488442;544,6904691
-132,98;558,8707428;544,6904691
-131,32;563,6415909;546,2563153
-129,67;558,8707428;544,6904691
-130,50;557,2853802;552,5439969
-132,98;554,1220112;549,3952889
-129,67;560,4585628;547,8245873
-130,50;557,2853802;547,8245873
-132,15;555,7024709;552,5439969
-132,15;562,0488442;550,9684241
-131,32;560,4585628;546,2563153
-132,98;562,0488442;550,9684241
-134,63;558,8707428;550,9684241
-130,50;563,6415909;550,9684241
-128,85;560,4585628;546,2563153
-126,37;560,4585628;550,9684241
-126,37;562,0488442;549,3952889
-122,24;562,0488442;547,8245873
-119,77;563,6415909;550,9684241
-115,65;562,0488442;550,9684241
-110,70;568,4346622;552,5439969
-105,75;565,2368068;552,5439969
-99,98;565,2368068;560,4585628
-94,21;565,2368068;557,2853802
-83,47;562,0488442;555,7024709
-77,68;558,8707428;555,7024709
-67,74;555,7024709;557,2853802
-56,93;562,0488442;557,2853802
-45,25;560,4585628;554,1220112
-34,35;563,6415909;560,4585628
-23,38;563,6415909;557,2853802
-7,23;566,8344959;560,4585628
4,79;562,0488442;558,8707428
21,26;558,8707428;557,2853802
36,19;563,6415909;555,7024709
52,22;560,4585628;552,5439969
66,67;563,6415909;560,4585628
80,41;560,4585628;557,2853802
99,98;563,6415909;557,2853802
116,13;560,4585628;557,2853802
133,56;554,1220112;560,4585628
150,34;554,1220112;557,2853802
171,55;554,1220112;557,2853802
189,12;557,2853802;562,0488442
208,13;555,7024709;560,4585628
230,89;560,4585628;560,4585628
250,92;557,2853802;554,1220112
269,14;557,2853802;558,8707428
285,42;558,8707428;555,7024709
308,04;562,0488442;554,1220112
326,33;563,6415909;557,2853802
348,83;560,4585628;554,1220112
366,74;568,4346622;554,1220112
385,03;566,8344959;550,9684241
402,36;565,2368068;557,2853802
421,41;563,6415909;552,5439969
446,51;565,2368068;552,5439969
465,07;560,4585628;550,9684241
486,95;555,7024709;554,1220112
504,82;560,4585628;552,5439969
523,02;558,8707428;550,9684241
533,80;558,8707428;554,1220112
543,13;555,7024709;550,9684241
554,12;560,4585628;550,9684241
557,29;555,7024709;550,9684241
558,87;555,7024709;550,9684241
552,54;563,6415909;544,6904691
554,12;562,0488442;543,1270445
547,82;562,0488442;547,8245873
543,13;558,8707428;546,2563153
540,01;562,0488442;549,3952889
536,90;558,8707428;543,1270445
533,80;560,4585628;546,2563153
529,16;558,8707428;544,6904691
532,25;560,4585628;544,6904691
529,16;560,4585628;549,3952889
530,71;554,1220112;547,8245873
532,25;560,4585628;549,3952889
529,16;560,4585628;544,6904691
530,71;562,0488442;550,9684241
529,16;560,4585628;544,6904691
540,01;562,0488442;544,6904691
544,69;563,6415909;549,3952889
549,40;558,8707428;552,5439969
550,97;563,6415909;550,9684241
558,87;562,0488442;544,6904691
558,87;562,0488442;549,3952889
560,46;557,2853802;552,5439969
568,43;560,4585628;557,2853802
563,64;557,2853802;557,2853802
562,05;557,2853802;560,4585628
555,70;560,4585628;560,4585628
555,70;558,8707428;555,7024709
547,82;560,4585628;558,8707428
547,82;557,2853802;557,2853802
547,82;560,4585628;555,7024709
546,26;558,8707428;555,7024709
541,57;560,4585628;563,6415909
535,35;562,0488442;560,4585628
543,13;560,4585628;555,7024709
532,25;557,2853802;558,8707428
530,71;549,3952889;557,2853802
527,63;554,1220112;558,8707428
523,02;552,5439969;554,1220112
518,44;558,8707428;555,7024709
513,88;562,0488442;552,5439969
518,44;562,0488442;550,9684241
518,44;560,4585628;550,9684241
519,96;557,2853802;547,8245873
523,02;560,4585628;546,2563153
526,09;558,8707428;543,1270445
519,96;562,0488442;549,3952889
515,39;563,6415909;546,2563153
516,92;565,2368068;549,3952889
513,88;560,4585628;550,9684241
510,85;560,4585628;554,1220112
510,85;565,2368068;554,1220112
512,36;560,4585628;554,1220112
506,32;560,4585628;560,4585628
501,82;555,7024709;560,4585628
501,82;557,2853802;562,0488442
498,82;557,2853802;557,2853802
495,84;557,2853802;558,8707428
489,90;562,0488442;554,1220112
489,90;562,0488442;550,9684241
486,95;560,4585628;554,1220112
486,95;552,5439969;554,1220112
485,47;560,4585628;552,5439969
485,47;560,4585628;550,9684241
481,06;565,2368068;558,8707428
475,22;566,8344959;555,7024709
475,22;565,2368068;558,8707428
470,85;563,6415909;558,8707428
467,96;558,8707428;558,8707428
463,63;563,6415909;557,2853802
462,19;563,6415909;555,7024709
455,03;566,8344959;563,6415909
447,92;565,2368068;558,8707428
447,92;566,8344959;558,8707428
442,28;562,0488442;558,8707428
440,87;557,2853802;560,4585628
439,47;562,0488442;557,2853802
442,28;557,2853802;552,5439969
440,87;554,1220112;558,8707428
438,07;550,9684241;560,4585628
435,27;557,2853802;560,4585628
432,48;554,1220112;562,0488442
429,70;554,1220112;568,4346622
425,55;558,8707428;568,4346622
425,55;560,4585628;568,4346622
421,41;560,4585628;568,4346622
421,41;557,2853802;565,2368068
421,41;560,4585628;563,6415909
422,79;562,0488442;560,4585628
421,41;563,6415909;565,2368068
420,04;563,6415909;562,0488442
426,93;563,6415909;563,6415909
426,93;562,0488442;568,4346622
429,70;555,7024709;570,0373097
431,09;562,0488442;568,4346622
432,48;562,0488442;565,2368068
432,48;565,2368068;571,6424423
433,88;563,6415909;568,4346622
442,28;563,6415909;565,2368068
445,10;558,8707428;560,4585628
447,92;555,7024709;560,4585628
447,92;562,0488442;558,8707428
455,03;560,4585628;555,7024709
457,89;563,6415909;562,0488442
460,75;562,0488442;560,4585628
469,40;565,2368068;560,4585628
473,76;560,4585628;562,0488442
481,06;558,8707428;566,8344959
486,95;562,0488442;565,2368068
497,33;563,6415909;563,6415909
503,32;568,4346622;568,4346622
510,85;562,0488442;568,4346622
518,44;565,2368068;570,0373097
524,55;562,0488442;565,2368068
529,16;563,6415909;565,2368068
530,71;568,4346622;562,0488442
544,69;568,4346622;560,4585628
550,97;566,8344959;563,6415909
560,46;562,0488442;562,0488442
563,64;563,6415909;562,0488442
563,64;558,8707428;554,1220112
560,46;558,8707428;557,2853802
555,70;558,8707428;554,1220112
560,46;563,6415909;554,1220112
557,29;562,0488442;554,1220112
554,12;560,4585628;554,1220112
547,82;563,6415909;555,7024709
550,97;558,8707428;554,1220112
546,26;557,2853802;560,4585628
546,26;557,2853802;557,2853802
549,40;558,8707428;558,8707428
547,82;555,7024709;557,2853802
547,82;554,1220112;557,2853802
546,26;558,8707428;550,9684241
549,40;557,2853802;547,8245873
546,26;558,8707428;554,1220112
546,26;554,1220112;550,9684241
547,82;557,2853802;550,9684241
547,82;554,1220112;550,9684241
549,40;554,1220112;555,7024709
547,82;555,7024709;554,1220112
554,12;557,2853802;554,1220112
552,54;560,4585628;557,2853802
554,12;557,2853802;554,1220112
552,54;565,2368068;552,5439969
554,12;558,8707428;552,5439969
552,54;558,8707428;557,2853802
547,82;560,4585628;552,5439969
554,12;562,0488442;552,5439969
552,54;563,6415909;557,2853802
550,97;558,8707428;557,2853802
547,82;563,6415909;557,2853802
550,97;560,4585628;552,5439969
547,82;562,0488442;557,2853802
544,69;558,8707428;555,7024709
547,82;560,4585628;554,1220112
544,69;558,8707428;554,1220112
543,13;557,2853802;554,1220112
538,45;560,4585628;554,1220112
538,45;558,8707428;554,1220112
532,25;555,7024709;560,4585628
529,16;554,1220112;557,2853802
526,09;560,4585628;558,8707428
523,02;557,2853802;558,8707428
519,96;558,8707428;562,0488442
513,88;560,4585628;555,7024709
515,39;562,0488442;554,1220112
512,36;562,0488442;558,8707428
513,88;560,4585628;557,2853802
509,34;562,0488442;560,4585628
509,34;558,8707428;558,8707428
504,82;557,2853802;562,0488442
498,82;554,1220112;560,4585628
503,32;557,2853802;562,0488442
500,32;557,2853802;563,6415909
498,82;550,9684241;565,2368068
494,35;557,2853802;563,6415909
495,84;552,5439969;560,4585628
494,35;550,9684241;563,6415909
491,38;550,9684241;558,8707428
491,38;554,1220112;557,2853802
489,90;554,1220112;558,8707428
486,95;554,1220112;558,8707428
482,53;562,0488442;554,1220112
486,95;563,6415909;549,3952889
486,95;566,8344959;558,8707428
486,95;563,6415909;557,2853802
489,90;565,2368068;560,4585628
489,90;560,4585628;560,4585628
486,95;558,8707428;563,6415909
481,06;560,4585628;560,4585628
482,53;560,4585628;554,1220112
482,53;562,0488442;557,2853802
486,95;558,8707428;554,1220112
486,95;563,6415909;557,2853802
491,38;560,4585628;555,7024709
491,38;563,6415909;560,4585628
489,90;563,6415909;558,8707428
497,33;563,6415909;557,2853802
498,82;565,2368068;557,2853802
501,82;558,8707428;557,2853802
503,32;562,0488442;558,8707428
507,83;560,4585628;552,5439969
509,34;562,0488442;557,2853802
513,88;560,4585628;560,4585628
523,02;562,0488442;562,0488442
527,63;560,4585628;560,4585628
532,25;555,7024709;560,4585628
533,80;557,2853802;558,8707428
543,13;555,7024709;554,1220112
547,82;557,2853802;560,4585628
550,97;554,1220112;557,2853802
557,29;560,4585628;557,2853802
560,46;557,2853802;557,2853802
560,46;555,7024709;558,8707428
555,70;560,4585628;557,2853802
563,64;557,2853802;555,7024709
563,64;558,8707428;560,4585628
565,24;554,1220112;558,8707428
562,05;560,4585628;558,8707428
560,46;560,4585628;560,4585628
557,29;562,0488442;565,2368068
554,12;560,4585628;562,0488442
560,46;563,6415909;560,4585628
558,87;565,2368068;565,2368068
560,46;558,8707428;562,0488442
555,70;563,6415909;558,8707428
558,87;563,6415909;558,8707428
552,54;563,6415909;566,8344959
547,82;562,0488442;563,6415909
549,40;565,2368068;560,4585628
547,82;563,6415909;560,4585628
547,82;558,8707428;555,7024709
544,69;560,4585628;557,2853802
547,82;562,0488442;555,7024709
547,82;563,6415909;560,4585628
552,54;560,4585628;560,4585628
554,12;562,0488442;562,0488442
554,12;562,0488442;560,4585628
554,12;562,0488442;555,7024709
552,54;565,2368068;554,1220112
560,46;563,6415909;550,9684241
558,87;563,6415909;557,2853802
560,46;560,4585628;557,2853802
557,29;563,6415909;557,2853802
557,29;562,0488442;554,1220112
554,12;563,6415909;560,4585628
550,97;565,2368068;555,7024709
554,12;565,2368068;552,5439969
550,97;560,4585628;558,8707428
549,40;557,2853802;557,2853802
543,13;562,0488442;557,2853802
543,13;558,8707428;554,1220112
538,45;558,8707428;557,2853802
535,35;558,8707428;554,1220112
538,45;560,4585628;552,5439969
535,35;558,8707428;554,1220112
535,35;554,1220112;552,5439969
530,71;560,4585628;552,5439969
533,80;557,2853802;549,3952889
526,09;558,8707428;557,2853802
524,55;555,7024709;557,2853802
523,02;560,4585628;554,1220112
523,02;558,8707428;554,1220112
519,96;557,2853802;552,5439969
513,88;562,0488442;552,5439969
515,39;562,0488442;546,2563153
512,36;560,4585628;552,5439969
513,88;555,7024709;552,5439969
510,85;558,8707428;554,1220112
510,85;554,1220112;555,7024709
512,36;554,1220112;560,4585628
507,83;552,5439969;557,2853802
512,36;552,5439969;554,1220112
513,88;552,5439969;557,2853802
516,92;552,5439969;554,1220112
515,39;563,6415909;552,5439969
518,44;562,0488442;550,9684241
518,44;563,6415909;558,8707428
518,44;565,2368068;557,2853802
524,55;563,6415909;558,8707428
526,09;563,6415909;560,4585628
523,02;560,4585628;560,4585628
523,02;566,8344959;560,4585628
526,09;562,0488442;555,7024709
527,63;563,6415909;560,4585628
532,25;560,4585628;560,4585628
535,35;563,6415909;562,0488442
538,45;560,4585628;562,0488442
541,57;557,2853802;557,2853802
543,13;562,0488442;554,1220112
550,97;562,0488442;550,9684241
550,97;560,4585628;554,1220112
554,12;558,8707428;552,5439969
557,29;563,6415909;552,5439969
560,46;557,2853802;550,9684241
560,46;555,7024709;554,1220112
557,29;558,8707428;554,1220112
565,24;557,2853802;550,9684241
566,83;555,7024709;555,7024709
568,43;554,1220112;555,7024709
563,64;562,0488442;560,4585628
563,64;558,8707428;562,0488442
560,46;558,8707428;565,2368068
558,87;558,8707428;562,0488442
562,05;558,8707428;560,4585628
560,46;557,2853802;565,2368068
558,87;554,1220112;558,8707428
557,29;560,4585628;560,4585628
562,05;555,7024709;558,8707428
560,46;555,7024709;560,4585628
557,29;554,1220112;554,1220112
554,12;557,2853802;552,5439969
554,12;555,7024709;554,1220112
554,12;554,1220112;552,5439969
549,40;558,8707428;550,9684241
554,12;557,2853802;546,2563153
550,97;558,8707428;554,1220112
550,97;558,8707428;554,1220112
547,82;563,6415909;558,8707428
550,97;562,0488442;560,4585628
549,40;557,2853802;562,0488442
547,82;560,4585628;557,2853802
554,12;558,8707428;550,9684241
554,12;557,2853802;558,8707428
555,70;554,1220112;557,2853802
557,29;558,8707428;558,8707428
560,46;557,2853802;554,1220112
554,12;558,8707428;555,7024709
550,97;558,8707428;554,1220112
554,12;558,8707428;549,3952889
554,12;557,2853802;554,1220112
555,70;554,1220112;554,1220112
554,12;558,8707428;555,7024709
558,87;557,2853802;549,3952889
557,29;558,8707428;555,7024709
557,29;560,4585628;554,1220112
560,46;563,6415909;555,7024709
562,05;558,8707428;560,4585628
560,46;554,1220112;558,8707428
555,70;560,4585628;555,7024709
562,05;560,4585628;549,3952889
560,46;558,8707428;557,2853802
562,05;558,8707428;557,2853802
560,46;562,0488442;558,8707428
562,05;557,2853802;558,8707428
558,87;555,7024709;557,2853802
554,12;557,2853802;558,8707428
555,70;558,8707428;557,2853802
554,12;560,4585628;563,6415909
554,12;558,8707428;560,4585628
550,97;565,2368068;557,2853802
554,12;563,6415909;558,8707428
552,54;563,6415909;562,0488442
550,97;560,4585628;557,2853802
554,12;557,2853802;552,5439969
550,97;555,7024709;557,2853802
552,54;550,9684241;555,7024709
549,40;555,7024709;557,2853802
554,12;555,7024709;555,7024709
549,40;562,0488442;560,4585628
546,26;560,4585628;558,8707428
547,82;560,4585628;554,1220112
547,82;557,2853802;560,4585628
547,82;554,1220112;560,4585628
547,82;563,6415909;562,0488442
554,12;560,4585628;555,7024709
552,54;565,2368068;560,4585628
554,12;563,6415909;562,0488442
552,54;568,4346622;562,0488442
554,12;568,4346622;560,4585628
550,97;566,8344959;557,2853802
544,69;566,8344959;555,7024709
547,82;563,6415909;554,1220112
544,69;560,4585628;558,8707428
544,69;555,7024709;555,7024709
540,01;563,6415909;554,1220112
544,69;563,6415909;554,1220112
547,82;565,2368068;558,8707428
546,26;565,2368068;560,4585628
549,40;565,2368068;558,8707428
547,82;563,6415909;565,2368068
547,82;557,2853802;560,4585628
543,13;565,2368068;563,6415909
544,69;565,2368068;560,4585628
543,13;563,6415909;560,4585628
543,13;562,0488442;558,8707428
543,13;562,0488442;555,7024709
546,26;558,8707428;557,2853802
544,69;557,2853802;554,1220112
535,35;560,4585628;554,1220112
538,45;562,0488442;554,1220112
535,35;563,6415909;560,4585628
540,01;562,0488442;555,7024709
541,57;565,2368068;554,1220112
544,69;560,4585628;554,1220112
546,26;555,7024709;554,1220112
546,26;558,8707428;552,5439969
550,97;555,7024709;554,1220112
550,97;557,2853802;560,4585628
554,12;555,7024709;560,4585628
550,97;560,4585628;560,4585628
552,54;557,2853802;558,8707428
549,40;555,7024709;557,2853802
547,82;558,8707428;555,7024709
554,12;557,2853802;550,9684241
552,54;558,8707428;555,7024709
550,97;555,7024709;554,1220112
549,40;560,4585628;554,1220112
555,70;558,8707428;554,1220112
554,12;560,4585628;555,7024709
558,87;562,0488442;554,1220112
565,24;562,0488442;549,3952889
568,43;558,8707428;554,1220112
570,04;552,5439969;549,3952889
570,04;560,4585628;549,3952889
573,25;558,8707428;550,9684241
570,04;560,4585628;557,2853802
570,04;560,4585628;554,1220112
568,43;565,2368068;552,5439969
568,43;562,0488442;557,2853802
563,64;557,2853802;558,8707428
560,46;562,0488442;555,7024709
565,24;562,0488442;552,5439969
562,05;562,0488442;557,2853802
565,24;558,8707428;554,1220112
560,46;560,4585628;557,2853802
562,05;555,7024709;558,8707428
560,46;554,1220112;557,2853802
558,87;558,8707428;558,8707428
562,05;558,8707428;554,1220112
568,43;555,7024709;560,4585628
568,43;550,9684241;557,2853802
563,64;557,2853802;557,2853802
566,83;557,2853802;555,7024709
560,46;558,8707428;558,8707428
560,46;560,4585628;558,8707428
560,46;563,6415909;557,2853802
562,05;562,0488442;563,6415909
560,46;557,2853802;560,4585628
554,12;562,0488442;557,2853802
560,46;562,0488442;554,1220112
560,46;565,2368068;558,8707428
560,46;562,0488442;552,5439969
558,87;565,2368068;552,5439969
558,87;560,4585628;554,1220112
558,87;557,2853802;557,2853802
554,12;558,8707428;558,8707428
560,46;558,8707428;554,1220112
558,87;558,8707428;558,8707428
558,87;554,1220112;557,2853802
552,54;557,2853802;558,8707428
550,97;558,8707428;560,4585628
547,82;558,8707428;555,7024709
546,26;563,6415909;554,1220112
549,40;560,4585628;550,9684241
544,69;560,4585628;554,1220112
543,13;557,2853802;554,1220112
538,45;560,4585628;555,7024709
543,13;554,1220112;555,7024709
540,01;554,1220112;557,2853802
538,45;557,2853802;555,7024709
541,57;558,8707428;554,1220112
544,69;560,4585628;560,4585628
543,13;554,1220112;557,2853802
541,57;562,0488442;554,1220112
547,82;560,4585628;554,1220112
549,40;562,0488442;560,4585628
550,97;562,0488442;558,8707428
549,40;565,2368068;560,4585628
552,54;563,6415909;562,0488442
549,40;558,8707428;560,4585628
546,26;563,6415909;557,2853802
549,40;560,4585628;552,5439969
547,82;558,8707428;555,7024709
552,54;555,7024709;552,5439969
550,97;558,8707428;552,5439969
554,12;554,1220112;558,8707428
554,12;552,5439969;558,8707428
554,12;557,2853802;558,8707428
557,29;555,7024709;555,7024709
558,87;555,7024709;562,0488442
558,87;554,1220112;557,2853802
554,12;560,4585628;560,4585628
557,29;560,4585628;560,4585628
554,12;558,8707428;562,0488442
554,12;558,8707428;558,8707428
560,46;558,8707428;550,9684241
563,64;557,2853802;557,2853802
565,24;552,5439969;555,7024709
560,46;558,8707428;558,8707428
565,24;558,8707428;557,2853802
563,64;563,6415909;560,4585628
568,43;568,4346622;558,8707428
563,64;570,0373097;554,1220112
565,24;568,4346622;558,8707428
560,46;560,4585628;557,2853802
557,29;562,0488442;558,8707428
565,24;557,2853802;557,2853802
565,24;557,2853802;562,0488442
563,64;560,4585628;563,6415909
560,46;565,2368068;563,6415909
562,05;563,6415909;565,2368068
557,29;560,4585628;563,6415909
555,70;562,0488442;560,4585628
558,87;558,8707428;554,1220112
557,29;558,8707428;557,2853802
555,70;558,8707428;552,5439969
547,82;563,6415909;554,1220112
550,97;563,6415909;555,7024709
552,54;563,6415909;554,1220112
555,70;563,6415909;552,5439969
555,70;565,2368068;549,3952889
555,70;565,2368068;558,8707428
552,54;560,4585628;558,8707428
546,26;562,0488442;558,8707428
552,54;558,8707428;558,8707428
552,54;558,8707428;560,4585628
555,70;558,8707428;560,4585628
558,87;560,4585628;555,7024709
560,46;560,4585628;560,4585628
560,46;558,8707428;558,8707428
557,29;563,6415909;558,8707428
560,46;558,8707428;554,1220112
560,46;560,4585628;554,1220112
562,05;558,8707428;557,2853802
560,46;560,4585628;558,8707428
565,24;560,4585628;560,4585628
563,64;557,2853802;558,8707428
563,64;565,2368068;555,7024709
568,43;562,0488442;552,5439969
565,24;562,0488442;555,7024709
565,24;560,4585628;554,1220112
562,05;563,6415909;554,1220112
568,43;562,0488442;554,1220112
568,43;560,4585628;555,7024709
563,64;560,4585628;554,1220112
568,43;558,8707428;550,9684241
568,43;555,7024709;558,8707428
568,43;549,3952889;557,2853802
560,46;557,2853802;557,2853802
565,24;558,8707428;554,1220112
562,05;562,0488442;554,1220112
560,46;562,0488442;554,1220112
560,46;563,6415909;550,9684241
560,46;560,4585628;557,2853802
558,87;558,8707428;555,7024709
552,54;562,0488442;555,7024709
557,29;558,8707428;550,9684241
554,12;557,2853802;554,1220112
554,12;557,2853802;552,5439969
555,70;560,4585628;554,1220112
560,46;560,4585628;558,8707428
558,87;557,2853802;557,2853802
557,29;563,6415909;557,2853802
560,46;563,6415909;554,1220112
560,46;562,0488442;557,2853802
560,46;557,2853802;557,2853802
560,46;560,4585628;560,4585628
563,64;558,8707428;563,6415909
562,05;560,4585628;565,2368068
563,64;565,2368068;562,0488442
563,64;560,4585628;558,8707428
563,64;557,2853802;563,6415909
562,05;554,1220112;563,6415909
557,29;562,0488442;565,2368068
560,46;562,0488442;562,0488442
555,70;563,6415909;560,4585628
554,12;563,6415909;557,2853802
558,87;562,0488442;554,1220112
562,05;558,8707428;558,8707428
560,46;557,2853802;558,8707428
555,70;565,2368068;560,4585628
557,29;563,6415909;558,8707428
554,12;562,0488442;558,8707428
555,70;560,4585628;560,4585628
554,12;557,2853802;557,2853802
557,29;555,7024709;562,0488442
555,70;554,1220112;558,8707428
554,12;558,8707428;560,4585628
557,29;557,2853802;558,8707428
554,12;560,4585628;565,2368068
554,12;560,4585628;563,6415909
547,82;566,8344959;558,8707428
550,97;565,2368068;560,4585628
549,40;563,6415909;560,4585628
550,97;568,4346622;562,0488442
550,97;565,2368068;557,2853802
550,97;565,2368068;560,4585628
550,97;558,8707428;557,2853802
546,26;563,6415909;558,8707428
552,54;563,6415909;562,0488442
547,82;566,8344959;562,0488442
547,82;568,4346622;562,0488442
547,82;566,8344959;557,2853802
550,97;563,6415909;565,2368068
547,82;558,8707428;565,2368068
544,69;563,6415909;566,8344959
546,26;560,4585628;565,2368068
543,13;560,4585628;565,2368068
546,26;558,8707428;562,0488442
544,69;562,0488442;558,8707428
550,97;560,4585628;563,6415909
549,40;560,4585628;558,8707428
550,97;565,2368068;557,2853802
555,70;562,0488442;555,7024709
557,29;563,6415909;558,8707428
554,12;560,4585628;554,1220112
552,54;560,4585628;552,5439969
562,05;558,8707428;555,7024709
558,87;557,2853802;554,1220112
560,46;562,0488442;555,7024709
560,46;560,4585628;554,1220112
562,05;560,4585628;560,4585628
560,46;558,8707428;558,8707428
558,87;562,0488442;560,4585628
568,43;558,8707428;562,0488442
568,43;558,8707428;562,0488442
568,43;563,6415909;562,0488442
566,83;568,4346622;555,7024709
566,83;566,8344959;558,8707428
563,64;562,0488442;555,7024709
562,05;570,0373097;558,8707428
568,43;566,8344959;558,8707428
566,83;568,4346622;563,6415909
565,24;565,2368068;562,0488442
558,87;565,2368068;554,1220112
563,64;565,2368068;560,4585628
558,87;558,8707428;560,4585628
555,70;565,2368068;560,4585628
558,87;560,4585628;555,7024709
558,87;560,4585628;562,0488442
560,46;557,2853802;563,6415909
560,46;560,4585628;558,8707428
565,24;560,4585628;558,8707428
562,05;555,7024709;555,7024709
560,46;560,4585628;554,1220112
560,46;557,2853802;552,5439969
560,46;557,2853802;558,8707428
563,64;552,5439969;560,4585628
560,46;554,1220112;558,8707428
563,64;555,7024709;560,4585628
560,46;558,8707428;557,2853802
558,87;565,2368068;554,1220112
558,87;566,8344959;549,3952889
562,05;563,6415909;554,1220112
562,05;560,4585628;552,5439969
558,87;566,8344959;554,1220112
562,05;566,8344959;554,1220112
558,87;568,4346622;557,2853802
560,46;568,4346622;555,7024709
557,29;563,6415909;554,1220112
560,46;560,4585628;560,4585628
558,87;557,2853802;557,2853802
555,70;562,0488442;558,8707428
560,46;558,8707428;557,2853802
557,29;560,4585628;558,8707428
555,70;560,4585628;555,7024709
550,97;560,4585628;552,5439969
555,70;560,4585628;557,2853802
555,70;558,8707428;555,7024709
560,46;566,8344959;555,7024709
562,05;565,2368068;550,9684241
562,05;565,2368068;554,1220112
563,64;560,4585628;554,1220112
557,29;563,6415909;552,5439969
560,46;560,4585628;555,7024709
557,29;558,8707428;558,8707428
560,46;560,4585628;560,4585628
558,87;560,4585628;554,1220112
562,05;560,4585628;558,8707428
562,05;557,2853802;560,4585628
560,46;562,0488442;558,8707428
563,64;558,8707428;557,2853802
563,64;554,1220112;557,2853802
558,87;557,2853802;554,1220112
554,12;555,7024709;554,1220112
558,87;554,1220112;558,8707428
558,87;552,5439969;557,2853802
557,29;560,4585628;557,2853802
560,46;560,4585628;558,8707428
558,87;560,4585628;563,6415909
557,29;562,0488442;562,0488442
554,12;560,4585628;560,4585628
557,29;557,2853802;565,2368068
555,70;555,7024709;563,6415909
557,29;560,4585628;562,0488442
560,46;557,2853802;560,4585628
563,64;558,8707428;565,2368068
565,24;558,8707428;560,4585628
558,87;560,4585628;554,1220112
563,64;558,8707428;557,2853802
560,46;560,4585628;554,1220112
563,64;563,6415909;558,8707428
565,24;565,2368068;557,2853802
566,83;562,0488442;562,0488442
563,64;555,7024709;558,8707428
562,05;558,8707428;560,4585628
568,43;560,4585628;558,8707428
565,24;562,0488442;560,4585628
563,64;560,4585628;562,0488442
560,46;563,6415909;557,2853802
568,43;562,0488442;560,4585628
566,83;557,2853802;558,8707428
563,64;565,2368068;560,4585628
565,24;563,6415909;562,0488442
563,64;563,6415909;562,0488442
563,64;563,6415909;555,7024709
558,87;563,6415909;550,9684241
565,24;560,4585628;557,2853802
560,46;558,8707428;557,2853802
558,87;562,0488442;560,4585628
560,46;558,8707428;562,0488442
563,64;562,0488442;568,4346622
562,05;562,0488442;568,4346622
557,29;566,8344959;565,2368068
562,05;566,8344959;565,2368068
558,87;563,6415909;562,0488442
558,87;565,2368068;560,4585628
557,29;565,2368068;558,8707428
560,46;565,2368068;560,4585628
560,46;560,4585628;557,2853802
557,29;566,8344959;558,8707428
562,05;563,6415909;560,4585628
557,29;563,6415909;563,6415909
560,46;563,6415909;562,0488442
557,29;562,0488442;557,2853802
560,46;560,4585628;565,2368068
558,87;555,7024709;563,6415909
555,70;560,4585628;565,2368068
558,87;557,2853802;562,0488442
558,87;557,2853802;563,6415909
560,46;557,2853802;562,0488442
558,87;557,2853802;557,2853802
560,46;555,7024709;565,2368068
554,12;552,5439969;565,2368068
554,12;554,1220112;565,2368068
554,12;550,9684241;565,2368068
552,54;550,9684241;568,4346622
554,12;549,3952889;563,6415909
550,97;550,9684241;558,8707428
557,29;544,6904691;562,0488442
555,70;541,5660377;560,4585628
557,29;544,6904691;560,4585628
558,87;543,1270445;557,2853802
558,87;540,0074447;557,2853802
555,70;535,3461088;557,2853802
550,97;540,0074447;558,8707428
557,29;535,3461088;562,0488442
557,29;529,1645471;560,4585628
562,05;529,1645471;557,2853802
563,64;524,5534017;554,1220112
563,64;519,9635883;558,8707428
562,05;512,361013;557,2853802
560,46;515,3949999;560,4585628
563,64;509,3363803;563,6415909
563,64;507,8275618;568,4346622
563,64;504,8169008;566,8344959
565,24;501,8155146;560,4585628
570,04;497,3307563;563,6415909
570,04;488,4232032;560,4585628
568,43;486,9465971;560,4585628
568,43;476,6737252;560,4585628
563,64;473,7588693;562,0488442
562,05;465,0678272;562,0488442
560,46;457,8861513;555,7024709
565,24;449,3404306;558,8707428
560,46;440,8727637;558,8707428
562,05;439,4690144;560,4585628
562,05;431,0913289;560,4585628
563,64;421,4136104;562,0488442
562,05;410,4786171;557,2853802
558,87;406,412048;554,1220112
563,64;396,9947889;558,8707428
558,87;390,328783;558,8707428
558,87;383,7127222;557,2853802
555,70;374,5332021;554,1220112
557,29;365,449245;558,8707428
557,29;352,635242;554,1220112
554,12;347,5625843;554,1220112
560,46;337,5066345;555,7024709
558,87;328,8041049;558,8707428
560,46;318,966736;558,8707428
557,29;310,4523448;557,2853802
562,05;297,2451373;563,6415909
555,70;283,0723319;562,0488442
550,97;274,9154978;565,2368068
554,12;263,4010366;565,2368068
554,12;252,0455496;565,2368068
554,12;239,7334008;563,6415909
552,54;229,7956512;557,2853802
558,87;217,81102;563,6415909
557,29;204,9336633;560,4585628
557,29;196,4595629;560,4585628
554,12;183,909547;555,7024709
560,46;170,5248184;558,8707428
560,46;155,342642;554,1220112
557,29;143,3902581;550,9684241
563,64;127,7083845;552,5439969
565,24;114,2138207;549,3952889
565,24;104,6982652;554,1220112
560,46;92,47449722;550,9684241
568,43;83,17924418;558,8707428
568,43;67,5800137;560,4585628
560,46;56,71351142;560,4585628
562,05;43,2870403;560,4585628
563,64;32,66284527;562,0488442
565,24;20,38952082;558,8707428
562,05;7,373036472;554,1220112
568,43;-6,373723686;560,4585628
563,64;-20,84192924;560,4585628
562,05;-28,45060921;563,6415909
562,05;-41,90113625;565,2368068
563,64;-52,76750466;568,4346622
560,46;-64,41813028;565,2368068
557,29;-73,54154113;558,8707428
563,64;-85,12315621;562,0488442
560,46;-97,50623457;557,2853802
562,05;-103,2795332;558,8707428
563,64;-113,1736347;562,0488442
563,64;-121,4200549;565,2368068
560,46;-132,1491264;565,2368068
557,29;-139,5869066;560,4585628
560,46;-149,5222827;563,6415909
560,46;-157,8222735;560,4585628
558,87;-163,6456401;557,2853802
557,29;-170,3163825;555,7024709
560,46;-177,0055664;562,0488442
558,87;-186,2370315;563,6415909
558,87;-187,9200497;562,0488442
563,64;-193,8225185;560,4585628
560,46;-198,0504608;560,4585628
560,46;-201,4403308;558,8707428
555,70;-206,538257;555,7024709
560,46;-209,9459917;563,6415909
558,87;-215,9279425;562,0488442
560,46;-215,9279425;562,0488442
563,64;-218,4990876;562,0488442
563,64;-219,3571587;560,4585628
563,64;-219,3571587;558,8707428
555,70;-219,3571587;555,7024709
560,46;-222,7946618;562,0488442
558,87;-226,2407054;555,7024709
563,64;-223,6553621;555,7024709
563,64;-226,2407054;555,7024709
566,83;-225,37838;557,2853802
560,46;-226,2407054;555,7024709
557,29;-223,6553621;554,1220112
560,46;-222,7946618;560,4585628
560,46;-224,5166002;558,8707428
560,46;-220,2157477;560,4585628
555,70;-221,0748586;560,4585628
558,87;-221,0748586;562,0488442
560,46;-222,7946618;557,2853802
560,46;-220,2157477;554,1220112
563,64;-219,3571587;555,7024709
563,64;-219,3571587;555,7024709
562,05;-217,6415306;557,2853802
554,12;-216,7844835;554,1220112
558,87;-216,7844835;557,2853802
558,87;-217,6415306;554,1220112
557,29;-211,6526893;557,2853802
560,46;-210,7991013;560,4585628
563,64;-209,0933564;563,6415909
558,87;-207,389493;562,0488442
554,12;-205,6874795;557,2853802
560,46;-206,538257;562,0488442
558,87;-205,6874795;560,4585628
558,87;-200,5922211;565,2368068
557,29;-198,8972901;565,2368068
558,87;-195,5124705;563,6415909
557,29;-191,2905738;560,4585628
554,12;-183,71522;554,1220112
558,87;-181,1965723;560,4585628
558,87;-177,843112;554,1220112
560,46;-170,3163825;555,7024709
558,87;-169,4815728;554,1220112
565,24;-166,1451361;560,4585628
563,64;-163,6456401;558,8707428
562,05;-158,6534651;557,2853802
565,24;-155,3300549;562,0488442
562,05;-151,1806413;562,0488442
562,05;-143,7237765;560,4585628
558,87;-141,2412022;560,4585628
563,64;-134,6272907;568,4346622
563,64;-132,1491264;566,8344959
563,64;-123,8948615;566,8344959
563,64;-119,7704624;566,8344959
563,64;-115,6472253;563,6415909
562,05;-112,3491394;565,2368068
554,12;-108,2267457;560,4585628
558,87;-104,9286928;565,2368068
554,12;-101,6302425;562,0488442
557,29;-95,03113561;562,0488442
557,29;-91,72997191;563,6415909
560,46;-86,77550041;563,6415909
560,46;-81,81699711;560,4585628
555,70;-77,68121379;558,8707428
563,64;-75,19790861;568,4346622
560,46;-73,54154113;566,8344959
558,87;-67,73852238;565,2368068
555,70;-65,24854684;565,2368068
560,46;-61,92555096;566,8344959
558,87;-60,26268377;563,6415909
560,46;-54,43491932;558,8707428
568,43;-55,26822492;560,4585628
568,43;-55,26822492;557,2853802
563,64;-51,93338766;558,8707428
560,46;-51,09899228;558,8707428
563,64;-49,42935049;562,0488442
560,46;-49,42935049;560,4585628
557,29;-43,57625258;557,2853802
558,87;-44,41333175;558,8707428
560,46;-43,57625258;558,8707428
555,70;-43,57625258;558,8707428
550,97;-41,06309117;558,8707428
558,87;-41,90113625;563,6415909
558,87;-45,25009688;558,8707428
558,87;-41,90113625;560,4585628
560,46;-42,7388554;557,2853802
562,05;-40,2247162;557,2853802
560,46;-40,2247162;557,2853802
557,29;-38,54696073;554,1220112
560,46;-39,38600737;558,8707428
558,87;-43,57625258;554,1220112
560,46;-43,57625258;555,7024709
557,29;-45,25009688;557,2853802
562,05;-46,08655192;562,0488442
558,87;-45,25009688;560,4585628
557,29;-43,57625258;557,2853802
562,05;-45,25009688;563,6415909
558,87;-48,59409617;560,4585628
557,29;-46,92270084;560,4585628
554,12;-48,59409617;560,4585628
560,46;-49,42935049;563,6415909
562,05;-52,76750466;560,4585628
557,29;-49,42935049;558,8707428
558,87;-52,76750466;563,6415909
560,46;-54,43491932;563,6415909
560,46;-53,60134722;563,6415909
558,87;-54,43491932;557,2853802
563,64;-54,43491932;563,6415909
558,87;-58,5988615;562,0488442
558,87;-56,93405245;562,0488442
558,87;-61,92555096;563,6415909
560,46;-62,75663629;562,0488442
562,05;-65,24854684;562,0488442
560,46;-67,73852238;560,4585628
565,24;-70,22666987;563,6415909
560,46;-75,19790861;560,4585628
558,87;-74,36981058;562,0488442
554,12;-77,68121379;563,6415909
557,29;-78,50866576;560,4585628
555,70;-80,99012782;560,4585628
552,54;-81,81699711;554,1220112
558,87;-82,64373063;558,8707428
560,46;-85,94938629;557,2853802
557,29;-84,29680622;557,2853802
554,12;-85,12315621;557,2853802
562,05;-85,94938629;557,2853802
557,29;-87,60150253;554,1220112
557,29;-85,94938629;552,5439969
557,29;-87,60150253;558,8707428
557,29;-88,42739663;557,2853802
557,29;-88,42739663;558,8707428
552,54;-90,90447033;557,2853802
558,87;-91,72997191;560,4585628
555,70;-94,20596316;558,8707428
557,29;-91,72997191;560,4585628
560,46;-94,20596316;562,0488442
563,64;-93,38071436;560,4585628
563,64;-93,38071436;560,4585628
562,05;-91,72997191;554,1220112
570,04;-92,55538527;560,4585628
565,24;-94,20596316;557,2853802
568,43;-90,07887656;557,2853802
565,24;-89,25318665;557,2853802
568,43;-88,42739663;558,8707428
562,05;-90,07887656;554,1220112
560,46;-89,25318665;552,5439969
563,64;-90,90447033;560,4585628
565,24;-92,55538527;560,4585628
566,83;-89,25318665;563,6415909
563,64;-90,90447033;563,6415909
570,04;-92,55538527;563,6415909
565,24;-95,85623569;560,4585628
563,64;-93,38071436;558,8707428
563,64;-95,03113561;560,4585628
568,43;-95,03113561;560,4585628
563,64;-92,55538527;560,4585628
558,87;-92,55538527;555,7024709
560,46;-92,55538527;560,4585628
554,12;-93,38071436;557,2853802
555,70;-90,90447033;555,7024709
554,12;-92,55538527;558,8707428
558,87;-92,55538527;557,2853802
554,12;-90,07887656;555,7024709
550,97;-89,25318665;550,9684241
557,29;-90,07887656;558,8707428
554,12;-92,55538527;557,2853802
555,70;-90,07887656;555,7024709
554,12;-91,72997191;557,2853802
557,29;-92,55538527;557,2853802
554,12;-92,55538527;552,5439969
554,12;-91,72997191;546,2563153
558,87;-91,72997191;552,5439969
558,87;-93,38071436;552,5439969
560,46;-90,90447033;555,7024709
560,46;-93,38071436;555,7024709
565,24;-92,55538527;558,8707428
563,64;-93,38071436;557,2853802
562,05;-90,90447033;554,1220112
563,64;-92,55538527;560,4585628
563,64;-93,38071436;560,4585628
562,05;-91,72997191;558,8707428
558,87;-92,55538527;558,8707428
565,24;-91,72997191;565,2368068
560,46;-94,20596316;565,2368068
562,05;-91,72997191;563,6415909
560,46;-95,03113561;570,0373097
562,05;-95,03113561;568,4346622
560,46;-94,20596316;570,0373097
558,87;-94,20596316;565,2368068
565,24;-93,38071436;568,4346622
565,24;-95,85623569;565,2368068
565,24;-91,72997191;562,0488442
560,46;-93,38071436;560,4585628
563,64;-93,38071436;558,8707428
560,46;-92,55538527;557,2853802
560,46;-90,07887656;554,1220112
565,24;-90,90447033;560,4585628
568,43;-93,38071436;558,8707428
566,83;-89,25318665;560,4585628
562,05;-90,07887656;558,8707428
568,43;-89,25318665;560,4585628
563,64;-90,90447033;557,2853802
563,64;-90,90447033;554,1220112
566,83;-94,20596316;562,0488442
562,05;-95,85623569;558,8707428
557,29;-93,38071436;560,4585628
552,54;-94,20596316;557,2853802
555,70;-94,20596316;560,4585628
554,12;-95,85623569;558,8707428
557,29;-92,55538527;558,8707428
557,29;-93,38071436;560,4585628
560,46;-94,20596316;560,4585628
560,46;-92,55538527;560,4585628
554,12;-92,55538527;555,7024709
560,46;-93,38071436;560,4585628
558,87;-95,85623569;560,4585628
558,87;-92,55538527;560,4585628
557,29;-93,38071436;560,4585628
560,46;-92,55538527;560,4585628
558,87;-92,55538527;562,0488442
554,12;-91,72997191;560,4585628
557,29;-92,55538527;565,2368068
557,29;-95,03113561;563,6415909
557,29;-92,55538527;565,2368068
555,70;-93,38071436;562,0488442
563,64;-90,07887656;560,4585628
562,05;-91,72997191;560,4585628
563,64;-89,25318665;555,7024709
566,83;-90,90447033;558,8707428
563,64;-92,55538527;557,2853802
558,87;-90,90447033;558,8707428
554,12;-90,90447033;557,2853802
562,05;-89,25318665;558,8707428
562,05;-89,25318665;557,2853802
563,64;-85,94938629;554,1220112
560,46;-86,77550041;560,4585628
563,64;-88,42739663;558,8707428
558,87;-89,25318665;560,4585628
554,12;-90,07887656;557,2853802
563,64;-90,90447033;562,0488442
560,46;-93,38071436;560,4585628
560,46;-89,25318665;560,4585628
557,29;-89,25318665;562,0488442
560,46;-88,42739663;558,8707428
557,29;-88,42739663;557,2853802
558,87;-89,25318665;552,5439969
562,05;-90,07887656;558,8707428
562,05;-93,38071436;557,2853802
562,05;-89,25318665;558,8707428
558,87;-90,07887656;560,4585628
560,46;-88,42739663;560,4585628
560,46;-90,90447033;563,6415909
558,87;-90,07887656;563,6415909
558,87;-90,07887656;566,8344959
560,46;-90,90447033;560,4585628
562,05;-89,25318665;558,8707428
557,29;-90,90447033;554,1220112
560,46;-91,72997191;557,2853802
557,29;-92,55538527;557,2853802
555,70;-90,07887656;552,5439969
555,70;-91,72997191;558,8707428
558,87;-92,55538527;557,2853802
557,29;-91,72997191;558,8707428
554,12;-91,72997191;557,2853802
555,70;-90,90447033;560,4585628
552,54;-91,72997191;560,4585628
554,12;-90,07887656;558,8707428
552,54;-92,55538527;562,0488442
554,12;-92,55538527;558,8707428
550,97;-93,38071436;558,8707428
550,97;-93,38071436;555,7024709
557,29;-93,38071436;560,4585628
555,70;-96,68126736;558,8707428
557,29;-95,03113561;557,2853802
554,12;-95,85623569;554,1220112
557,29;-95,03113561;554,1220112
557,29;-97,50623457;557,2853802
558,87;-95,85623569;557,2853802
562,05;-94,20596316;565,2368068
563,64;-95,85623569;563,6415909
562,05;-93,38071436;563,6415909
557,29;-95,03113561;563,6415909
563,64;-95,03113561;565,2368068
562,05;-95,85623569;562,0488442
563,64;-92,55538527;557,2853802
560,46;-92,55538527;563,6415909
558,87;-94,20596316;560,4585628
555,70;-95,03113561;562,0488442
549,40;-95,85623569;560,4585628
552,54;-96,68126736;560,4585628
554,12;-99,15599148;554,1220112
554,12;-95,03113561;550,9684241
550,97;-95,03113561;555,7024709
554,12;-94,20596316;552,5439969
554,12;-93,38071436;552,5439969
550,97;-92,55538527;550,9684241
557,29;-94,20596316;557,2853802
557,29;-95,03113561;554,1220112
558,87;-91,72997191;552,5439969
555,70;-92,55538527;557,2853802
558,87;-92,55538527;557,2853802
554,12;-94,20596316;558,8707428
554,12;-91,72997191;554,1220112
557,29;-90,90447033;560,4585628
558,87;-92,55538527;560,4585628
558,87;-90,07887656;562,0488442
555,70;-92,55538527;560,4585628
560,46;-90,90447033;562,0488442
558,87;-92,55538527;558,8707428
557,29;-90,07887656;555,7024709
558,87;-90,90447033;560,4585628
562,05;-91,72997191;557,2853802
560,46;-90,07887656;558,8707428
557,29;-89,25318665;557,2853802
560,46;-87,60150253;560,4585628
558,87;-90,07887656;560,4585628
562,05;-88,42739663;557,2853802
560,46;-90,07887656;562,0488442
563,64;-89,25318665;560,4585628
558,87;-89,25318665;558,8707428
558,87;-90,07887656;555,7024709
563,64;-90,90447033;560,4585628
563,64;-95,03113561;558,8707428
563,64;-90,90447033;558,8707428
557,29;-92,55538527;563,6415909
562,05;-93,38071436;560,4585628
560,46;-94,20596316;560,4585628
563,64;-92,55538527;555,7024709
563,64;-92,55538527;560,4585628
562,05;-93,38071436;558,8707428
558,87;-90,90447033;557,2853802
554,12;-92,55538527;560,4585628
558,87;-95,03113561;562,0488442
555,70;-96,68126736;560,4585628
554,12;-94,20596316;552,5439969
554,12;-94,20596316;557,2853802
554,12;-95,03113561;555,7024709
555,70;-94,20596316;558,8707428
554,12;-94,20596316;555,7024709
558,87;-92,55538527;555,7024709
560,46;-93,38071436;554,1220112
562,05;-92,55538527;549,3952889
558,87;-92,55538527;555,7024709
563,64;-92,55538527;557,2853802
562,05;-90,90447033;555,7024709
560,46;-92,55538527;550,9684241
563,64;-92,55538527;554,1220112
563,64;-95,03113561;552,5439969
562,05;-92,55538527;550,9684241
558,87;-94,20596316;554,1220112
560,46;-94,20596316;554,1220112
558,87;-95,03113561;555,7024709
560,46;-94,20596316;554,1220112
565,24;-94,20596316;558,8707428
568,43;-95,03113561;555,7024709
563,64;-93,38071436;554,1220112
558,87;-95,03113561;558,8707428
566,83;-94,20596316;558,8707428
565,24;-95,85623569;558,8707428
563,64;-93,38071436;555,7024709
563,64;-94,20596316;560,4585628
568,43;-95,03113561;557,2853802
568,43;-92,55538527;557,2853802
565,24;-91,72997191;560,4585628
563,64;-92,55538527;562,0488442
562,05;-94,20596316;560,4585628
565,24;-92,55538527;555,7024709
562,05;-94,20596316;557,2853802
565,24;-95,03113561;552,5439969
560,46;-94,20596316;558,8707428
557,29;-93,38071436;557,2853802
563,64;-93,38071436;560,4585628
563,64;-94,20596316;558,8707428
562,05;-92,55538527;554,1220112
560,46;-94,20596316;555,7024709
568,43;-94,20596316;555,7024709
563,64;-94,20596316;557,2853802
563,64;-92,55538527;557,2853802
565,24;-93,38071436;563,6415909
565,24;-96,68126736;558,8707428
562,05;-93,38071436;555,7024709
558,87;-93,38071436;555,7024709
563,64;-92,55538527;555,7024709
563,64;-92,55538527;557,2853802
563,64;-90,07887656;552,5439969
562,05;-89,25318665;555,7024709
563,64;-90,07887656;554,1220112
558,87;-89,25318665;555,7024709
555,70;-90,90447033;555,7024709
560,46;-90,07887656;560,4585628
560,46;-90,90447033;558,8707428
560,46;-89,25318665;554,1220112
560,46;-91,72997191;558,8707428
563,64;-92,55538527;554,1220112
562,05;-90,90447033;557,2853802
563,64;-92,55538527;555,7024709
570,04;-93,38071436;555,7024709
568,43;-94,20596316;557,2853802
566,83;-90,07887656;554,1220112
562,05;-91,72997191;558,8707428
568,43;-90,90447033;557,2853802
562,05;-90,07887656;558,8707428
560,46;-90,07887656;555,7024709
560,46;-92,55538527;560,4585628
560,46;-94,20596316;558,8707428
558,87;-91,72997191;555,7024709
555,70;-92,55538527;557,2853802
558,87;-91,72997191;558,8707428
555,70;-90,90447033;558,8707428
554,12;-89,25318665;555,7024709
552,54;-89,25318665;560,4585628
555,70;-91,72997191;558,8707428
554,12;-89,25318665;560,4585628
554,12;-90,90447033;565,2368068
560,46;-90,07887656;566,8344959
558,87;-92,55538527;563,6415909
557,29;-89,25318665;555,7024709
554,12;-92,55538527;562,0488442
560,46;-92,55538527;560,4585628
563,64;-90,90447033;558,8707428
563,64;-92,55538527;558,8707428
566,83;-90,90447033;560,4585628
565,24;-92,55538527;557,2853802
565,24;-90,07887656;557,2853802
563,64;-90,90447033;562,0488442
568,43;-90,90447033;558,8707428
560,46;-91,72997191;560,4585628
557,29;-92,55538527;558,8707428
557,29;-93,38071436;565,2368068
557,29;-95,03113561;563,6415909
557,29;-91,72997191;560,4585628
552,54;-92,55538527;563,6415909
558,87;-92,55538527;562,0488442
557,29;-93,38071436;560,4585628
562,05;-92,55538527;554,1220112
563,64;-93,38071436;558,8707428
562,05;-94,20596316;555,7024709
562,05;-91,72997191;557,2853802
557,29;-92,55538527;560,4585628
563,64;-90,90447033;562,0488442
560,46;-90,07887656;558,8707428
562,05;-87,60150253;557,2853802
560,46;-90,07887656;563,6415909
562,05;-91,72997191;560,4585628
560,46;-90,07887656;563,6415909
560,46;-90,07887656;565,2368068
568,43;-90,90447033;563,6415909
565,24;-93,38071436;560,4585628
565,24;-89,25318665;557,2853802
565,24;-90,90447033;562,0488442
570,04;-91,72997191;558,8707428
568,43;-90,90447033;558,8707428
563,64;-90,07887656;557,2853802
562,05;-91,72997191;560,4585628
557,29;-95,03113561;557,2853802
558,87;-93,38071436;555,7024709
558,87;-94,20596316;560,4585628
562,05;-94,20596316;560,4585628
557,29;-93,38071436;560,4585628
560,46;-90,90447033;558,8707428
557,29;-92,55538527;563,6415909
558,87;-94,20596316;560,4585628
558,87;-90,90447033;558,8707428
552,54;-90,90447033;557,2853802
554,12;-89,25318665;558,8707428
549,40;-90,90447033;558,8707428
550,97;-90,07887656;557,2853802
549,40;-92,55538527;558,8707428
552,54;-92,55538527;555,7024709
554,12;-90,07887656;557,2853802
554,12;-90,07887656;557,2853802
558,87;-90,90447033;555,7024709
558,87;-92,55538527;555,7024709
558,87;-88,42739663;554,1220112
554,12;-89,25318665;562,0488442
560,46;-88,42739663;558,8707428
558,87;-89,25318665;555,7024709
558,87;-90,07887656;558,8707428
558,87;-91,72997191;563,6415909
562,05;-94,20596316;563,6415909
560,46;-91,72997191;560,4585628
557,29;-94,20596316;565,2368068
560,46;-94,20596316;560,4585628
560,46;-94,20596316;560,4585628
558,87;-93,38071436;557,2853802
555,70;-92,55538527;562,0488442
557,29;-94,20596316;560,4585628
554,12;-90,07887656;560,4585628
552,54;-92,55538527;563,6415909
562,05;-91,72997191;565,2368068
560,46;-94,20596316;565,2368068
560,46;-92,55538527;560,4585628
562,05;-92,55538527;568,4346622
568,43;-94,20596316;563,6415909
566,83;-92,55538527;565,2368068
566,83;-95,03113561;568,4346622
571,64;-95,03113561;566,8344959
571,64;-96,68126736;562,0488442
570,04;-95,85623569;557,2853802
563,64;-97,50623457;565,2368068
565,24;-95,85623569;562,0488442
560,46;-93,38071436;563,6415909
557,29;-92,55538527;563,6415909
557,29;-91,72997191;563,6415909
557,29;-93,38071436;563,6415909
554,12;-89,25318665;558,8707428
546,26;-90,90447033;563,6415909
554,12;-90,90447033;563,6415909
557,29;-91,72997191;562,0488442
558,87;-90,90447033;558,8707428
560,46;-90,90447033;560,4585628
563,64;-92,55538527;557,2853802
560,46;-88,42739663;558,8707428
554,12;-90,07887656;568,4346622
562,05;-88,42739663;568,4346622
560,46;-89,25318665;570,0373097
562,05;-88,42739663;562,0488442
560,46;-90,07887656;562,0488442
563,64;-93,38071436;558,8707428
562,05;-92,55538527;558,8707428
562,05;-95,03113561;562,0488442
566,83;-95,03113561;560,4585628
565,24;-95,03113561;558,8707428
565,24;-93,38071436;554,1220112
560,46;-95,03113561;560,4585628
568,43;-94,20596316;560,4585628
565,24;-92,55538527;563,6415909
565,24;-91,72997191;563,6415909
563,64;-92,55538527;562,0488442
562,05;-95,03113561;562,0488442
560,46;-93,38071436;555,7024709
555,70;-93,38071436;560,4585628
563,64;-93,38071436;558,8707428
560,46;-93,38071436;557,2853802
562,05;-90,90447033;558,8707428
562,05;-91,72997191;560,4585628
560,46;-93,38071436;554,1220112
558,87;-90,90447033;549,3952889
552,54;-93,38071436;552,5439969
558,87;-93,38071436;550,9684241
555,70;-93,38071436;554,1220112
555,70;-90,90447033;552,5439969
554,12;-91,72997191;557,2853802
557,29;-91,72997191;554,1220112
555,70;-89,25318665;554,1220112
555,70;-90,90447033;558,8707428
557,29;-90,90447033;557,2853802
555,70;-93,38071436;555,7024709
554,12;-93,38071436;554,1220112
550,97;-95,03113561;560,4585628
550,97;-95,03113561;557,2853802
550,97;-92,55538527;558,8707428
554,12;-93,38071436;558,8707428
557,29;-93,38071436;558,8707428
558,87;-96,68126736;557,2853802
558,87;-93,38071436;554,1220112
554,12;-94,20596316;557,2853802
562,05;-92,55538527;555,7024709
562,05;-91,72997191;557,2853802
562,05;-91,72997191;555,7024709
563,64;-94,20596316;560,4585628
565,24;-96,68126736;560,4585628
560,46;-93,38071436;557,2853802
554,12;-91,72997191;562,0488442
557,29;-89,25318665;558,8707428
555,70;-89,25318665;555,7024709
555,70;-90,07887656;554,1220112
557,29;-90,90447033;552,5439969
560,46;-93,38071436;552,5439969
557,29;-92,55538527;550,9684241
557,29;-92,55538527;554,1220112
560,46;-92,55538527;550,9684241
562,05;-93,38071436;552,5439969
560,46;-92,55538527;547,8245873
558,87;-92,55538527;554,1220112
562,05;-91,72997191;554,1220112
558,87;-89,25318665;552,5439969
557,29;-89,25318665;557,2853802
560,46;-90,07887656;557,2853802
560,46;-92,55538527;560,4585628
560,46;-89,25318665;558,8707428
558,87;-91,72997191;563,6415909
563,64;-90,90447033;562,0488442
566,83;-88,42739663;560,4585628
563,64;-88,42739663;560,4585628
562,05;-90,07887656;558,8707428
560,46;-91,72997191;557,2853802
558,87;-88,42739663;557,2853802
557,29;-90,90447033;563,6415909
563,64;-90,90447033;563,6415909
560,46;-90,90447033;560,4585628
560,46;-90,90447033;560,4585628
558,87;-90,07887656;560,4585628
560,46;-91,72997191;558,8707428
554,12;-90,90447033;557,2853802
550,97;-90,90447033;562,0488442
555,70;-90,90447033;557,2853802
557,29;-92,55538527;554,1220112
558,87;-89,25318665;554,1220112
557,29;-90,90447033;555,7024709
560,46;-91,72997191;554,1220112
558,87;-90,90447033;552,5439969
560,46;-90,90447033;554,1220112
563,64;-90,07887656;552,5439969
563,64;-92,55538527;552,5439969
560,46;-90,90447033;550,9684241
557,29;-91,72997191;555,7024709
558,87;-91,72997191;558,8707428
552,54;-90,07887656;558,8707428
552,54;-90,07887656;558,8707428
552,54;-90,90447033;560,4585628
555,70;-93,38071436;558,8707428
554,12;-90,07887656;557,2853802
554,12;-90,90447033;565,2368068
560,46;-90,07887656;563,6415909
560,46;-90,90447033;565,2368068
558,87;-89,25318665;563,6415909
557,29;-90,07887656;563,6415909
562,05;-90,90447033;557,2853802
562,05;-87,60150253;552,5439969
558,87;-88,42739663;554,1220112
560,46;-87,60150253;552,5439969
558,87;-90,07887656;554,1220112
558,87;-90,07887656;552,5439969
555,70;-90,90447033;557,2853802
560,46;-92,55538527;550,9684241
560,46;-90,90447033;547,8245873
560,46;-91,72997191;554,1220112
562,05;-90,07887656;554,1220112
563,64;-90,90447033;557,2853802
560,46;-87,60150253;552,5439969
554,12;-88,42739663;560,4585628
560,46;-88,42739663;557,2853802
560,46;-88,42739663;558,8707428
563,64;-89,25318665;563,6415909
565,24;-89,25318665;568,4346622
570,04;-91,72997191;568,4346622
565,24;-88,42739663;560,4585628
562,05;-90,90447033;563,6415909
563,64;-90,07887656;558,8707428
558,87;-90,07887656;555,7024709
558,87;-90,07887656;555,7024709
557,29;-90,90447033;557,2853802
560,46;-95,03113561;557,2853802
562,05;-90,90447033;550,9684241
562,05;-92,55538527;554,1220112
565,24;-92,55538527;550,9684241
562,05;-92,55538527;552,5439969
558,87;-90,07887656;550,9684241
557,29;-90,90447033;555,7024709
558,87;-90,90447033;557,2853802
557,29;-87,60150253;558,8707428
558,87;-89,25318665;565,2368068
558,87;-89,25318665;563,6415909
558,87;-90,90447033;565,2368068
560,46;-88,42739663;560,4585628
557,29;-90,07887656;562,0488442
563,64;-91,72997191;558,8707428
562,05;-90,90447033;558,8707428
562,05;-90,90447033;560,4585628
563,64;-90,90447033;560,4585628
565,24;-94,20596316;562,0488442
562,05;-91,72997191;558,8707428
558,87;-92,55538527;563,6415909
563,64;-92,55538527;558,8707428
562,05;-92,55538527;557,2853802
562,05;-91,72997191;558,8707428
557,29;-93,38071436;558,8707428
563,64;-95,85623569;558,8707428
563,64;-91,72997191;554,1220112
563,64;-90,90447033;555,7024709
568,43;-90,90447033;557,2853802
568,43;-91,72997191;558,8707428
565,24;-90,90447033;558,8707428
557,29;-92,55538527;565,2368068
563,64;-92,55538527;565,2368068
560,46;-89,25318665;562,0488442
562,05;-90,90447033;568,4346622
560,46;-91,72997191;563,6415909
560,46;-91,72997191;562,0488442
557,29;-89,25318665;560,4585628
550,97;-91,72997191;565,2368068
557,29;-93,38071436;563,6415909
558,87;-92,55538527;563,6415909
560,46;-90,90447033;568,4346622
562,05;-90,90447033;563,6415909
565,24;-93,38071436;562,0488442
563,64;-91,72997191;557,2853802
560,46;-91,72997191;560,4585628
562,05;-92,55538527;557,2853802
560,46;-92,55538527;560,4585628
562,05;-91,72997191;558,8707428
560,46;-91,72997191;560,4585628
562,05;-94,20596316;557,2853802
560,46;-91,72997191;557,2853802
555,70;-93,38071436;563,6415909
558,87;-93,38071436;558,8707428
554,12;-92,55538527;558,8707428
554,12;-90,07887656;558,8707428
554,12;-91,72997191;562,0488442
558,87;-92,55538527;560,4585628
555,70;-90,90447033;560,4585628
554,12;-92,55538527;566,8344959
554,12;-92,55538527;568,4346622
554,12;-93,38071436;566,8344959
554,12;-91,72997191;562,0488442
550,97;-92,55538527;562,0488442
555,70;-94,20596316;558,8707428
550,97;-94,20596316;555,7024709
550,97;-94,20596316;557,2853802
554,12;-93,38071436;554,1220112
560,46;-94,20596316;554,1220112
558,87;-90,07887656;552,5439969
555,70;-91,72997191;560,4585628
562,05;-90,90447033;557,2853802
560,46;-89,25318665;558,8707428
562,05;-89,25318665;563,6415909
562,05;-90,07887656;562,0488442
568,43;-94,20596316;562,0488442
565,24;-91,72997191;557,2853802
563,64;-91,72997191;562,0488442
562,05;-89,25318665;557,2853802
560,46;-89,25318665;560,4585628
562,05;-86,77550041;562,0488442
558,87;-87,60150253;565,2368068
565,24;-90,07887656;565,2368068
560,46;-88,42739663;562,0488442
558,87;-90,07887656;566,8344959
557,29;-90,90447033;563,6415909
558,87;-92,55538527;566,8344959
558,87;-88,42739663;568,4346622
554,12;-89,25318665;568,4346622
558,87;-91,72997191;566,8344959
555,70;-90,07887656;562,0488442
555,70;-90,90447033;566,8344959
555,70;-89,25318665;565,2368068
562,05;-90,90447033;565,2368068
560,46;-87,60150253;562,0488442
557,29;-88,42739663;565,2368068
560,46;-90,07887656;560,4585628
560,46;-90,07887656;557,2853802
560,46;-90,90447033;558,8707428
555,70;-90,90447033;557,2853802
558,87;-95,03113561;560,4585628
554,12;-92,55538527;558,8707428
554,12;-95,03113561;560,4585628
557,29;-92,55538527;554,1220112
557,29;-92,55538527;550,9684241
557,29;-91,72997191;550,9684241
557,29;-92,55538527;550,9684241
568,43;-93,38071436;554,1220112
565,24;-90,07887656;549,3952889
565,24;-91,72997191;558,8707428
568,43;-90,90447033;557,2853802
565,24;-92,55538527;565,2368068
563,64;-90,07887656;563,6415909
558,87;-90,90447033;565,2368068
566,83;-92,55538527;563,6415909
565,24;-90,90447033;558,8707428
568,43;-92,55538527;560,4585628
566,83;-93,38071436;557,2853802
565,24;-93,38071436;555,7024709
558,87;-89,25318665;552,5439969
554,12;-91,72997191;558,8707428
557,29;-90,90447033;560,4585628
555,70;-90,07887656;557,2853802
555,70;-90,90447033;560,4585628
557,29;-92,55538527;558,8707428
560,46;-94,20596316;558,8707428
558,87;-90,07887656;554,1220112
557,29;-90,07887656;557,2853802
562,05;-89,25318665;554,1220112
560,46;-90,90447033;554,1220112
558,87;-91,72997191;554,1220112
557,29;-93,38071436;554,1220112
562,05;-93,38071436;554,1220112
562,05;-90,90447033;550,9684241
568,43;-92,55538527;555,7024709
568,43;-90,90447033;550,9684241
568,43;-90,90447033;550,9684241
563,64;-89,25318665;549,3952889
560,46;-92,55538527;550,9684241
565,24;-93,38071436;552,5439969
563,64;-90,90447033;550,9684241
563,64;-92,55538527;562,0488442
565,24;-92,55538527;563,6415909
568,43;-94,20596316;565,2368068
563,64;-90,07887656;565,2368068
560,46;-90,90447033;568,4346622
562,05;-91,72997191;566,8344959
560,46;-91,72997191;563,6415909
562,05;-93,38071436;563,6415909
558,87;-93,38071436;560,4585628
562,05;-94,20596316;563,6415909
562,05;-90,90447033;560,4585628
560,46;-90,07887656;563,6415909
562,05;-89,25318665;558,8707428
560,46;-90,07887656;558,8707428
560,46;-89,25318665;562,0488442
554,12;-91,72997191;560,4585628
560,46;-95,03113561;560,4585628
560,46;-92,55538527;554,1220112
562,05;-93,38071436;558,8707428
568,43;-93,38071436;558,8707428
566,83;-92,55538527;562,0488442
565,24;-91,72997191;560,4585628
560,46;-93,38071436;560,4585628
563,64;-96,68126736;560,4585628
563,64;-93,38071436;558,8707428
563,64;-93,38071436;566,8344959
560,46;-93,38071436;566,8344959
563,64;-93,38071436;565,2368068
560,46;-90,90447033;562,0488442
557,29;-90,90447033;563,6415909
560,46;-90,90447033;560,4585628
558,87;-88,42739663;554,1220112
558,87;-88,42739663;560,4585628
558,87;-89,25318665;555,7024709
563,64;-91,72997191;557,2853802
560,46;-86,77550041;555,7024709
557,29;-87,60150253;558,8707428
560,46;-88,42739663;558,8707428
560,46;-89,25318665;558,8707428
560,46;-90,07887656;563,6415909
554,12;-90,07887656;562,0488442
560,46;-92,55538527;558,8707428
555,70;-89,25318665;554,1220112
554,12;-90,90447033;560,4585628
557,29;-91,72997191;557,2853802
560,46;-92,55538527;560,4585628
560,46;-91,72997191;562,0488442
554,12;-93,38071436;560,4585628
558,87;-94,20596316;560,4585628
557,29;-91,72997191;555,7024709
557,29;-92,55538527;560,4585628
554,12;-90,90447033;557,2853802
557,29;-92,55538527;558,8707428
557,29;-90,07887656;557,2853802
554,12;-91,72997191;558,8707428
560,46;-91,72997191;555,7024709
560,46;-89,25318665;552,5439969
562,05;-89,25318665;557,2853802
560,46;-88,42739663;555,7024709
563,64;-89,25318665;555,7024709
560,46;-86,77550041;554,1220112
562,05;-88,42739663;557,2853802
565,24;-89,25318665;554,1220112
563,64;-88,42739663;554,1220112
563,64;-88,42739663;560,4585628
557,29;-88,42739663;560,4585628
560,46;-91,72997191;562,0488442
560,46;-88,42739663;558,8707428
562,05;-90,07887656;565,2368068
565,24;-90,07887656;562,0488442
562,05;-90,07887656;558,8707428
560,46;-89,25318665;562,0488442
557,29;-90,90447033;562,0488442
560,46;-94,20596316;560,4585628
558,87;-90,90447033;554,1220112
558,87;-91,72997191;557,2853802
558,87;-90,90447033;554,1220112
560,46;-91,72997191;557,2853802
562,05;-90,90447033;562,0488442
557,29;-91,72997191;560,4585628
565,24;-93,38071436;558,8707428
563,64;-92,55538527;554,1220112
563,64;-92,55538527;562,0488442
560,46;-93,38071436;560,4585628
563,64;-95,03113561;563,6415909
562,05;-91,72997191;563,6415909
560,46;-92,55538527;566,8344959
565,24;-91,72997191;560,4585628
562,05;-90,07887656;555,7024709
560,46;-89,25318665;558,8707428
558,87;-90,07887656;560,4585628
568,43;-92,55538527;563,6415909
565,24;-89,25318665;562,0488442
566,83;-90,07887656;563,6415909
565,24;-90,07887656;563,6415909
562,05;-91,72997191;558,8707428
558,87;-91,72997191;563,6415909
552,54;-93,38071436;562,0488442
557,29;-95,03113561;563,6415909
555,70;-91,72997191;560,4585628
557,29;-93,38071436;568,4346622
554,12;-92,55538527;562,0488442
560,46;-93,38071436;562,0488442
560,46;-91,72997191;563,6415909
557,29;-91,72997191;562,0488442
562,05;-91,72997191;560,4585628
560,46;-90,07887656;557,2853802
560,46;-91,72997191;562,0488442
557,29;-90,07887656;562,0488442
558,87;-90,90447033;562,0488442
557,29;-89,25318665;560,4585628
557,29;-90,90447033;563,6415909
562,05;-92,55538527;562,0488442
562,05;-91,72997191;558,8707428
560,46;-92,55538527;560,4585628
558,87;-92,55538527;557,2853802
563,64;-95,85623569;555,7024709
560,46;-91,72997191;555,7024709
560,46;-93,38071436;558,8707428
560,46;-92,55538527;557,2853802
562,05;-92,55538527;555,7024709
557,29;-91,72997191;560,4585628
550,97;-92,55538527;560,4585628
554,12;-94,20596316;560,4585628
554,12;-91,72997191;554,1220112
558,87;-92,55538527;560,4585628
557,29;-93,38071436;555,7024709
558,87;-92,55538527;558,8707428
558,87;-90,07887656;560,4585628
558,87;-90,90447033;560,4585628
563,64;-92,55538527;560,4585628
560,46;-89,25318665;555,7024709
560,46;-90,07887656;563,6415909
557,29;-92,55538527;558,8707428
560,46;-92,55538527;560,4585628
560,46;-90,90447033;560,4585628
563,64;-91,72997191;560,4585628
570,04;-91,72997191;560,4585628
570,04;-90,90447033;558,8707428
565,24;-90,90447033;563,6415909
560,46;-91,72997191;560,4585628
563,64;-94,20596316;563,6415909
563,64;-92,55538527;563,6415909
562,05;-93,38071436;565,2368068
560,46;-92,55538527;560,4585628
560,46;-90,90447033;558,8707428
563,64;-90,07887656;566,8344959
558,87;-90,90447033;566,8344959
563,64;-91,72997191;566,8344959
560,46;-88,42739663;563,6415909
560,46;-89,25318665;568,4346622
562,05;-89,25318665;565,2368068
562,05;-89,25318665;558,8707428
560,46;-87,60150253;558,8707428
557,29;-88,42739663;558,8707428
563,64;-90,90447033;555,7024709
558,87;-87,60150253;552,5439969
557,29;-89,25318665;558,8707428
552,54;-90,07887656;558,8707428
554,12;-91,72997191;557,2853802
552,54;-90,07887656;558,8707428
552,54;-92,55538527;558,8707428
557,29;-92,55538527;555,7024709
557,29;-90,90447033;554,1220112
555,70;-90,90447033;563,6415909
552,54;-90,07887656;568,4346622
557,29;-92,55538527;568,4346622
557,29;-88,42739663;565,2368068
555,70;-90,90447033;565,2368068
560,46;-90,90447033;562,0488442
563,64;-90,90447033;558,8707428
563,64;-91,72997191;563,6415909
562,05;-93,38071436;562,0488442
563,64;-95,85623569;563,6415909
558,87;-93,38071436;560,4585628
558,87;-94,20596316;562,0488442
558,87;-93,38071436;557,2853802
562,05;-94,20596316;554,1220112
560,46;-92,55538527;557,2853802
557,29;-91,72997191;557,2853802
562,05;-93,38071436;557,2853802
562,05;-90,90447033;552,5439969
563,64;-93,38071436;557,2853802
560,46;-93,38071436;552,5439969
562,05;-94,20596316;554,1220112
560,46;-91,72997191;557,2853802
558,87;-95,03113561;560,4585628
562,05;-97,50623457;558,8707428
560,46;-95,85623569;554,1220112
557,29;-95,85623569;560,4585628
554,12;-95,03113561;560,4585628
562,05;-95,03113561;563,6415909
562,05;-92,55538527;563,6415909
560,46;-92,55538527;565,2368068
563,64;-92,55538527;563,6415909
565,24;-90,90447033;562,0488442
565,24;-90,07887656;568,4346622
558,87;-90,90447033;566,8344959
562,05;-92,55538527;565,2368068
557,29;-90,07887656;562,0488442
557,29;-91,72997191;563,6415909
560,46;-92,55538527;566,8344959
565,24;-92,55538527;563,6415909
565,24;-90,90447033;565,2368068
562,05;-92,55538527;562,0488442
568,43;-94,20596316;562,0488442
565,24;-90,07887656;558,8707428
565,24;-91,72997191;562,0488442
562,05;-91,72997191;558,8707428
568,43;-91,72997191;555,7024709
566,83;-88,42739663;558,8707428
565,24;-89,25318665;560,4585628
568,43;-90,90447033;562,0488442
565,24;-90,90447033;558,8707428
565,24;-90,90447033;562,0488442
558,87;-90,90447033;558,8707428
562,05;-94,20596316;557,2853802
562,05;-93,38071436;558,8707428
563,64;-95,03113561;558,8707428
565,24;-95,03113561;560,4585628
563,64;-92,55538527;557,2853802
562,05;-90,90447033;562,0488442
557,29;-90,90447033;558,8707428
562,05;-93,38071436;562,0488442
557,29;-90,90447033;560,4585628
557,29;-91,72997191;560,4585628
557,29;-90,07887656;558,8707428
560,46;-90,07887656;557,2853802
558,87;-90,07887656;555,7024709
550,97;-91,72997191;554,1220112
557,29;-93,38071436;557,2853802
550,97;-88,42739663;555,7024709
552,54;-88,42739663;560,4585628
552,54;-86,77550041;558,8707428
558,87;-89,25318665;557,2853802
557,29;-89,25318665;558,8707428
555,70;-89,25318665;558,8707428
560,46;-90,90447033;562,0488442
562,05;-90,07887656;558,8707428
563,64;-90,90447033;563,6415909
560,46;-92,55538527;560,4585628
563,64;-94,20596316;558,8707428
558,87;-91,72997191;558,8707428
557,29;-94,20596316;558,8707428
555,70;-95,03113561;558,8707428
557,29;-94,20596316;555,7024709
560,46;-93,38071436;562,0488442
558,87;-92,55538527;560,4585628
568,43;-94,20596316;560,4585628
568,43;-91,72997191;558,8707428
568,43;-93,38071436;558,8707428
566,83;-92,55538527;558,8707428
566,83;-91,72997191;557,2853802
563,64;-91,72997191;563,6415909
562,05;-92,55538527;562,0488442
568,43;-94,20596316;563,6415909
563,64;-90,07887656;562,0488442
565,24;-90,90447033;566,8344959
563,64;-91,72997191;565,2368068
568,43;-95,03113561;562,0488442
566,83;-93,38071436;563,6415909
565,24;-94,20596316;560,4585628
570,04;-96,68126736;562,0488442
568,43;-94,20596316;557,2853802
563,64;-95,03113561;560,4585628
558,87;-93,38071436;558,8707428
562,05;-93,38071436;557,2853802
557,29;-90,90447033;558,8707428
554,12;-90,90447033;558,8707428
554,12;-90,90447033;554,1220112
557,29;-90,90447033;550,9684241
554,12;-90,90447033;554,1220112
552,54;-90,90447033;552,5439969
558,87;-92,55538527;554,1220112
557,29;-90,07887656;555,7024709
557,29;-93,38071436;558,8707428
558,87;-92,55538527;555,7024709
560,46;-90,90447033;552,5439969
562,05;-90,90447033;558,8707428
560,46;-91,72997191;558,8707428
562,05;-92,55538527;558,8707428
555,70;-88,42739663;557,2853802
554,12;-89,25318665;560,4585628
554,12;-89,25318665;558,8707428
557,29;-90,90447033;557,2853802
557,29;-90,07887656;560,4585628
557,29;-92,55538527;558,8707428
560,46;-93,38071436;560,4585628
560,46;-90,90447033;555,7024709
560,46;-93,38071436;560,4585628
554,12;-93,38071436;560,4585628
558,87;-95,03113561;562,0488442
557,29;-93,38071436;563,6415909
555,70;-93,38071436;565,2368068
558,87;-93,38071436;566,8344959
560,46;-90,07887656;560,4585628
558,87;-90,07887656;563,6415909
555,70;-90,07887656;557,2853802
558,87;-92,55538527;560,4585628
557,29;-89,25318665;560,4585628
555,70;-90,07887656;560,4585628
558,87;-89,25318665;560,4585628
563,64;-89,25318665;557,2853802
560,46;-90,07887656;563,6415909
557,29;-89,25318665;558,8707428
563,64;-91,72997191;558,8707428
563,64;-89,25318665;558,8707428
563,64;-90,07887656;560,4585628
562,05;-90,07887656;558,8707428
566,83;-88,42739663;552,5439969
563,64;-89,25318665;558,8707428
562,05;-90,90447033;557,2853802
562,05;-93,38071436;558,8707428
560,46;-91,72997191;557,2853802
558,87;-92,55538527;560,4585628
554,12;-91,72997191;558,8707428
560,46;-92,55538527;555,7024709
558,87;-90,90447033;555,7024709
560,46;-92,55538527;554,1220112
563,64;-94,20596316;554,1220112
563,64;-92,55538527;554,1220112
560,46;-92,55538527;563,6415909
554,12;-92,55538527;562,0488442
560,46;-95,03113561;562,0488442
557,29;-93,38071436;563,6415909
555,70;-93,38071436;562,0488442
554,12;-92,55538527;558,8707428
554,12;-92,55538527;552,5439969
552,54;-93,38071436;560,4585628
550,97;-95,03113561;560,4585628
557,29;-97,50623457;562,0488442
554,12;-93,38071436;562,0488442
558,87;-95,03113561;565,2368068
557,29;-94,20596316;563,6415909
563,64;-93,38071436;558,8707428
560,46;-92,55538527;560,4585628
560,46;-93,38071436;558,8707428
563,64;-95,03113561;562,0488442
562,05;-93,38071436;558,8707428
560,46;-93,38071436;560,4585628
554,12;-92,55538527;558,8707428
558,87;-95,03113561;558,8707428
554,12;-93,38071436;562,0488442
557,29;-95,03113561;557,2853802
560,46;-97,50623457;558,8707428
562,05;-93,38071436;558,8707428
560,46;-93,38071436;566,8344959
554,12;-94,20596316;563,6415909
557,29;-94,20596316;563,6415909
555,70;-90,90447033;566,8344959
557,29;-90,90447033;565,2368068
557,29;-90,07887656;562,0488442
560,46;-90,07887656;555,7024709
560,46;-90,07887656;563,6415909
558,87;-90,90447033;562,0488442
565,24;-93,38071436;565,2368068
566,83;-90,07887656;563,6415909
563,64;-92,55538527;563,6415909
558,87;-92,55538527;563,6415909
558,87;-91,72997191;560,4585628
557,29;-90,07887656;566,8344959
555,70;-90,90447033;565,2368068
560,46;-93,38071436;565,2368068
562,05;-92,55538527;560,4585628
562,05;-95,03113561;560,4585628
555,70;-93,38071436;558,8707428
560,46;-92,55538527;558,8707428
560,46;-89,25318665;563,6415909
560,46;-91,72997191;562,0488442
560,46;-94,20596316;562,0488442
560,46;-92,55538527;560,4585628
557,29;-95,03113561;565,2368068
554,12;-95,03113561;563,6415909
560,46;-96,68126736;563,6415909
558,87;-93,38071436;568,4346622
560,46;-95,03113561;565,2368068
558,87;-95,03113561;563,6415909
558,87;-92,55538527;560,4585628
557,29;-92,55538527;568,4346622
554,12;-90,90447033;565,2368068
558,87;-92,55538527;565,2368068
558,87;-89,25318665;565,2368068
557,29;-90,90447033;565,2368068
555,70;-89,25318665;563,6415909
562,05;-88,42739663;557,2853802
562,05;-89,25318665;560,4585628
562,05;-90,90447033;558,8707428
566,83;-93,38071436;560,4585628
568,43;-90,90447033;563,6415909
568,43;-93,38071436;565,2368068
560,46;-93,38071436;563,6415909
565,24;-95,03113561;560,4585628
560,46;-93,38071436;565,2368068
555,70;-95,03113561;565,2368068
557,29;-96,68126736;568,4346622
560,46;-95,85623569;563,6415909
560,46;-96,68126736;568,4346622
557,29;-94,20596316;568,4346622
558,87;-95,85623569;566,8344959
558,87;-93,38071436;570,0373097
558,87;-95,03113561;565,2368068
557,29;-95,03113561;563,6415909
560,46;-94,20596316;563,6415909
558,87;-94,20596316;570,0373097
557,29;-95,85623569;565,2368068
562,05;-96,68126736;563,6415909
560,46;-93,38071436;563,6415909
557,29;-94,20596316;565,2368068
552,54;-93,38071436;568,4346622
555,70;-93,38071436;563,6415909
554,12;-92,55538527;566,8344959
552,54;-92,55538527;560,4585628
555,70;-94,20596316;558,8707428
557,29;-90,90447033;554,1220112
560,46;-90,90447033;554,1220112
560,46;-89,25318665;554,1220112
563,64;-90,07887656;547,8245873
560,46;-89,25318665;555,7024709
562,05;-90,90447033;554,1220112
565,24;-92,55538527;554,1220112
565,24;-90,07887656;554,1220112
558,87;-90,90447033;560,4585628
554,12;-90,90447033;562,0488442
562,05;-92,55538527;558,8707428
558,87;-90,90447033;560,4585628
558,87;-91,72997191;558,8707428
560,46;-92,55538527;557,2853802
562,05;-90,90447033;554,1220112
558,87;-92,55538527;560,4585628
555,70;-90,90447033;558,8707428
560,46;-90,90447033;554,1220112
557,29;-88,42739663;557,2853802
558,87;-90,90447033;557,2853802
557,29;-91,72997191;557,2853802
562,05;-90,90447033;555,7024709
560,46;-90,90447033;563,6415909
557,29;-90,90447033;560,4585628
563,64;-93,38071436;560,4585628
563,64;-90,90447033;560,4585628
562,05;-94,20596316;560,4585628
558,87;-94,20596316;560,4585628
562,05;-95,03113561;558,8707428
558,87;-92,55538527;563,6415909
560,46;-94,20596316;566,8344959
560,46;-96,68126736;565,2368068
562,05;-92,55538527;560,4585628
558,87;-94,20596316;563,6415909
557,29;-94,20596316;563,6415909
563,64;-95,03113561;560,4585628
563,64;-94,20596316;563,6415909
563,64;-94,20596316;560,4585628
563,64;-95,03113561;560,4585628
562,05;-92,55538527;557,2853802
560,46;-91,72997191;560,4585628
558,87;-90,90447033;560,4585628
565,24;-94,20596316;558,8707428
562,05;-90,90447033;560,4585628
562,05;-92,55538527;558,8707428
560,46;-92,55538527;560,4585628
562,05;-91,72997191;557,2853802
562,05;-91,72997191;562,0488442
558,87;-91,72997191;558,8707428
562,05;-93,38071436;558,8707428
563,64;-90,90447033;558,8707428
563,64;-90,90447033;558,8707428
557,29;-90,07887656;558,8707428
562,05;-90,90447033;555,7024709
557,29;-90,90447033;563,6415909
555,70;-92,55538527;560,4585628
558,87;-97,50623457;563,6415909
558,87;-93,38071436;563,6415909
557,29;-95,03113561;565,2368068
552,54;-95,03113561;565,2368068
558,87;-95,85623569;557,2853802
560,46;-93,38071436;562,0488442
563,64;-94,20596316;560,4585628
568,43;-95,85623569;562,0488442
568,43;-95,03113561;558,8707428
566,83;-94,20596316;563,6415909
562,05;-93,38071436;563,6415909
563,64;-95,03113561;562,0488442
560,46;-93,38071436;566,8344959
560,46;-95,85623569;562,0488442
558,87;-95,03113561;563,6415909
560,46;-94,20596316;560,4585628
557,29;-95,03113561;563,6415909
555,70;-94,20596316;562,0488442
558,87;-96,68126736;560,4585628
560,46;-92,55538527;563,6415909
558,87;-92,55538527;562,0488442
554,12;-91,72997191;558,8707428
558,87;-91,72997191;554,1220112
555,70;-92,55538527;558,8707428
554,12;-93,38071436;557,2853802
557,29;-95,85623569;557,2853802
560,46;-92,55538527;557,2853802
560,46;-92,55538527;557,2853802
555,70;-91,72997191;558,8707428
562,05;-92,55538527;557,2853802
560,46;-92,55538527;560,4585628
560,46;-93,38071436;558,8707428
560,46;-94,20596316;562,0488442
562,05;-92,55538527;560,4585628
560,46;-94,20596316;562,0488442
555,70;-94,20596316;563,6415909
558,87;-95,03113561;560,4585628
558,87;-91,72997191;565,2368068
557,29;-92,55538527;563,6415909
554,12;-93,38071436;565,2368068
560,46;-91,72997191;560,4585628
554,12;-90,90447033;562,0488442
557,29;-91,72997191;558,8707428
558,87;-94,20596316;558,8707428
560,46;-90,90447033;562,0488442
560,46;-92,55538527;560,4585628
555,70;-91,72997191;560,4585628
560,46;-90,90447033;557,2853802
560,46;-90,07887656;562,0488442
560,46;-90,90447033;560,4585628
558,87;-94,20596316;557,2853802
557,29;-92,55538527;558,8707428
555,70;-95,03113561;560,4585628
552,54;-95,03113561;558,8707428
558,87;-95,03113561;557,2853802
555,70;-92,55538527;560,4585628
560,46;-93,38071436;557,2853802
560,46;-95,03113561;555,7024709
563,64;-91,72997191;554,1220112
560,46;-92,55538527;557,2853802
557,29;-92,55538527;552,5439969
560,46;-92,55538527;549,3952889
560,46;-90,07887656;552,5439969
562,05;-90,90447033;550,9684241
558,87;-91,72997191;554,1220112
565,24;-90,90447033;554,1220112
565,24;-92,55538527;558,8707428
562,05;-92,55538527;557,2853802
562,05;-95,03113561;554,1220112
560,46;-93,38071436;563,6415909
560,46;-94,20596316;563,6415909
555,70;-94,20596316;560,4585628
560,46;-95,03113561;558,8707428
554,12;-95,03113561;563,6415909
554,12;-95,85623569;560,4585628
557,29;-98,33114129;560,4585628
557,29;-95,03113561;565,2368068
554,12;-96,68126736;565,2368068
552,54;-95,85623569;566,8344959
558,87;-94,20596316;563,6415909
557,29;-90,90447033;571,6424423
557,29;-91,72997191;571,6424423
557,29;-92,55538527;570,0373097
562,05;-89,25318665;568,4346622
562,05;-91,72997191;568,4346622
557,29;-90,90447033;566,8344959
560,46;-91,72997191;562,0488442
558,87;-89,25318665;568,4346622
558,87;-91,72997191;565,2368068
555,70;-93,38071436;565,2368068
557,29;-93,38071436;562,0488442
558,87;-94,20596316;562,0488442
558,87;-92,55538527;560,4585628
563,64;-93,38071436;554,1220112
563,64;-90,90447033;560,4585628
562,05;-91,72997191;560,4585628
557,29;-90,90447033;558,8707428
562,05;-90,07887656;557,2853802
560,46;-89,25318665;560,4585628
560,46;-88,42739663;558,8707428
560,46;-90,90447033;555,7024709
560,46;-87,60150253;555,7024709
557,29;-89,25318665;555,7024709
550,97;-89,25318665;555,7024709
560,46;-89,25318665;552,5439969
558,87;-86,77550041;560,4585628
562,05;-87,60150253;558,8707428
562,05;-90,90447033;558,8707428
565,24;-89,25318665;560,4585628
563,64;-92,55538527;563,6415909
558,87;-94,20596316;562,0488442
562,05;-95,85623569;557,2853802
563,64;-92,55538527;562,0488442
563,64;-94,20596316;560,4585628
558,87;-95,03113561;560,4585628
563,64;-91,72997191;558,8707428
560,46;-90,07887656;560,4585628
557,29;-89,25318665;560,4585628
558,87;-90,90447033;555,7024709
554,12;-88,42739663;558,8707428
552,54;-90,07887656;557,2853802
549,40;-91,72997191;554,1220112
557,29;-90,07887656;550,9684241
555,70;-91,72997191;554,1220112
558,87;-92,55538527;554,1220112
560,46;-91,72997191;554,1220112
562,05;-87,60150253;558,8707428
560,46;-88,42739663;555,7024709
558,87;-88,42739663;557,2853802
566,83;-88,42739663;554,1220112
563,64;-88,42739663;560,4585628
563,64;-90,07887656;558,8707428
563,64;-91,72997191;560,4585628
570,04;-90,07887656;562,0488442
568,43;-92,55538527;562,0488442
565,24;-90,90447033;557,2853802
568,43;-92,55538527;550,9684241
565,24;-93,38071436;557,2853802
565,24;-95,03113561;558,8707428
560,46;-95,85623569;560,4585628
560,46;-92,55538527;558,8707428
555,70;-91,72997191;562,0488442
557,29;-91,72997191;562,0488442
560,46;-94,20596316;555,7024709
557,29;-90,90447033;558,8707428
555,70;-93,38071436;557,2853802
554,12;-95,03113561;555,7024709
558,87;-91,72997191;554,1220112
557,29;-92,55538527;558,8707428
560,46;-94,20596316;555,7024709
560,46;-96,68126736;554,1220112
560,46;-94,20596316;558,8707428
558,87;-95,85623569;557,2853802
557,29;-97,50623457;558,8707428
563,64;-98,33114129;557,2853802
563,64;-95,85623569;562,0488442
562,05;-94,20596316;558,8707428
560,46;-95,85623569;560,4585628
560,46;-91,72997191;562,0488442
562,05;-91,72997191;563,6415909
560,46;-91,72997191;562,0488442
568,43;-92,55538527;555,7024709
563,64;-90,90447033;562,0488442
562,05;-92,55538527;558,8707428
558,87;-95,03113561;560,4585628
560,46;-92,55538527;562,0488442
557,29;-92,55538527;562,0488442
557,29;-92,55538527;558,8707428
560,46;-94,20596316;554,1220112
560,46;-91,72997191;558,8707428
563,64;-92,55538527;558,8707428
557,29;-92,55538527;558,8707428
560,46;-92,55538527;560,4585628
558,87;-92,55538527;565,2368068
557,29;-91,72997191;562,0488442
558,87;-93,38071436;558,8707428
558,87;-89,25318665;566,8344959
557,29;-91,72997191;566,8344959
557,29;-92,55538527;568,4346622
563,64;-91,72997191;563,6415909
560,46;-90,90447033;568,4346622
560,46;-94,20596316;566,8344959
558,87;-97,50623457;563,6415909
558,87;-92,55538527;563,6415909
557,29;-92,55538527;560,4585628
554,12;-91,72997191;560,4585628
562,05;-92,55538527;557,2853802
562,05;-91,72997191;563,6415909
560,46;-92,55538527;560,4585628
558,87;-93,38071436;562,0488442
565,24;-90,07887656;565,2368068
563,64;-91,72997191;563,6415909
563,64;-91,72997191;560,4585628
563,64;-92,55538527;554,1220112
562,05;-90,90447033;558,8707428
562,05;-92,55538527;557,2853802
560,46;-94,20596316;558,8707428
565,24;-93,38071436;560,4585628
566,83;-93,38071436;562,0488442
565,24;-93,38071436;562,0488442
562,05;-95,03113561;560,4585628
558,87;-91,72997191;563,6415909
560,46;-92,55538527;562,0488442
557,29;-90,90447033;563,6415909
563,64;-90,07887656;563,6415909
563,64;-89,25318665;566,8344959
565,24;-90,07887656;563,6415909
563,64;-91,72997191;557,2853802
565,24;-87,60150253;560,4585628
566,83;-89,25318665;560,4585628
562,05;-89,25318665;560,4585628
566,83;-89,25318665;555,7024709
560,46;-89,25318665;557,2853802
557,29;-90,90447033;555,7024709
554,12;-92,55538527;555,7024709
557,29;-88,42739663;560,4585628
554,12;-90,07887656;558,8707428
554,12;-89,25318665;557,2853802
558,87;-90,07887656;554,1220112
557,29;-88,42739663;557,2853802
560,46;-87,60150253;555,7024709
558,87;-89,25318665;558,8707428
563,64;-87,60150253;562,0488442
558,87;-89,25318665;562,0488442
555,70;-89,25318665;563,6415909
554,12;-91,72997191;558,8707428
554,12;-90,07887656;563,6415909
552,54;-93,38071436;560,4585628
550,97;-93,38071436;563,6415909
554,12;-93,38071436;563,6415909
552,54;-94,20596316;565,2368068
554,12;-95,03113561;563,6415909
554,12;-95,03113561;558,8707428
554,12;-91,72997191;562,0488442
555,70;-92,55538527;562,0488442
552,54;-92,55538527;562,0488442
557,29;-93,38071436;560,4585628
555,70;-93,38071436;563,6415909
558,87;-95,03113561;558,8707428
554,12;-96,68126736;555,7024709
558,87;-94,20596316;558,8707428
557,29;-95,85623569;555,7024709
554,12;-95,03113561;557,2853802
558,87;-93,38071436;550,9684241
555,70;-90,90447033;557,2853802
557,29;-92,55538527;555,7024709
554,12;-95,85623569;557,2853802
562,05;-94,20596316;555,7024709
558,87;-95,03113561;557,2853802
557,29;-93,38071436;558,8707428
558,87;-94,20596316;558,8707428
560,46;-91,72997191;565,2368068
558,87;-91,72997191;565,2368068
557,29;-92,55538527;568,4346622
560,46;-92,55538527;565,2368068
560,46;-93,38071436;565,2368068
560,46;-94,20596316;563,6415909
560,46;-94,20596316;560,4585628
563,64;-90,90447033;566,8344959
555,70;-91,72997191;565,2368068
550,97;-91,72997191;562,0488442
555,70;-91,72997191;560,4585628
554,12;-92,55538527;563,6415909
557,29;-90,90447033;562,0488442
554,12;-90,07887656;558,8707428
560,46;-86,77550041;562,0488442
558,87;-87,60150253;560,4585628
555,70;-89,25318665;562,0488442
560,46;-90,90447033;560,4585628
558,87;-89,25318665;566,8344959
558,87;-90,07887656;562,0488442
555,70;-91,72997191;560,4585628
560,46;-90,07887656;560,4585628
558,87;-91,72997191;558,8707428
560,46;-93,38071436;555,7024709
560,46;-95,03113561;550,9684241
560,46;-92,55538527;557,2853802
562,05;-91,72997191;554,1220112
557,29;-91,72997191;555,7024709
562,05;-90,90447033;557,2853802
558,87;-92,55538527;558,8707428
557,29;-92,55538527;558,8707428
557,29;-94,20596316;554,1220112
563,64;-92,55538527;558,8707428
560,46;-92,55538527;558,8707428
554,12;-91,72997191;560,4585628
558,87;-91,72997191;557,2853802
557,29;-90,07887656;558,8707428
557,29;-92,55538527;558,8707428
554,12;-94,20596316;558,8707428
558,87;-90,90447033;565,2368068
560,46;-90,07887656;560,4585628
562,05;-89,25318665;557,2853802
563,64;-90,07887656;552,5439969
560,46;-88,42739663;557,2853802
558,87;-89,25318665;555,7024709
555,70;-89,25318665;554,1220112
560,46;-87,60150253;557,2853802
558,87;-89,25318665;554,1220112
560,46;-89,25318665;555,7024709
563,64;-90,90447033;552,5439969
566,83;-89,25318665;558,8707428
565,24;-91,72997191;558,8707428
560,46;-92,55538527;557,2853802
563,64;-89,25318665;552,5439969
560,46;-90,90447033;555,7024709
562,05;-91,72997191;555,7024709
563,64;-94,20596316;554,1220112
565,24;-90,07887656;563,6415909
563,64;-90,07887656;563,6415909
560,46;-90,90447033;565,2368068
563,64;-91,72997191;566,8344959
560,46;-91,72997191;568,4346622
560,46;-91,72997191;563,6415909
557,29;-94,20596316;560,4585628
562,05;-91,72997191;563,6415909
562,05;-92,55538527;560,4585628
563,64;-92,55538527;562,0488442
563,64;-92,55538527;557,2853802
560,46;-89,25318665;560,4585628
558,87;-91,72997191;557,2853802
554,12;-93,38071436;557,2853802
560,46;-91,72997191;558,8707428
560,46;-92,55538527;560,4585628
562,05;-92,55538527;562,0488442
563,64;-94,20596316;560,4585628
565,24;-91,72997191;563,6415909
563,64;-92,55538527;558,8707428
560,46;-92,55538527;560,4585628
566,83;-91,72997191;560,4585628
568,43;-92,55538527;562,0488442
565,24;-92,55538527;560,4585628
563,64;-95,03113561;558,8707428
566,83;-93,38071436;566,8344959
565,24;-96,68126736;563,6415909
563,64;-95,03113561;565,2368068
568,43;-93,38071436;563,6415909
568,43;-94,20596316;568,4346622
566,83;-94,20596316;566,8344959
562,05;-95,85623569;560,4585628
568,43;-93,38071436;560,4585628
565,24;-95,03113561;555,7024709
563,64;-95,03113561;557,2853802
566,83;-92,55538527;557,2853802
566,83;-89,25318665;562,0488442
568,43;-90,07887656;560,4585628
563,64;-93,38071436;560,4585628
566,83;-90,90447033;562,0488442
563,64;-90,07887656;560,4585628
563,64;-89,25318665;563,6415909
562,05;-90,90447033;558,8707428
563,64;-89,25318665;562,0488442
560,46;-90,07887656;563,6415909
555,70;-91,72997191;565,2368068
560,46;-89,25318665;565,2368068
557,29;-89,25318665;565,2368068
557,29;-89,25318665;565,2368068
557,29;-92,55538527;562,0488442
560,46;-90,07887656;566,8344959
558,87;-91,72997191;563,6415909
555,70;-90,90447033;565,2368068
560,46;-90,07887656;563,6415909
560,46;-90,07887656;565,2368068
560,46;-90,90447033;562,0488442
555,70;-92,55538527;558,8707428
560,46;-90,07887656;563,6415909
560,46;-91,72997191;563,6415909
560,46;-93,38071436;566,8344959
560,46;-92,55538527;566,8344959
560,46;-91,72997191;570,0373097
558,87;-93,38071436;565,2368068
554,12;-95,03113561;560,4585628
554,12;-92,55538527;563,6415909
552,54;-92,55538527;562,0488442
554,12;-91,72997191;560,4585628
552,54;-92,55538527;558,8707428
554,12;-90,07887656;563,6415909
554,12;-90,90447033;558,8707428
550,97;-93,38071436;558,8707428
557,29;-89,25318665;562,0488442
557,29;-90,07887656;557,2853802
560,46;-89,25318665;557,2853802
558,87;-90,90447033;555,7024709
560,46;-88,42739663;558,8707428
560,46;-90,90447033;557,2853802
555,70;-90,07887656;560,4585628
560,46;-88,42739663;558,8707428
558,87;-90,07887656;558,8707428
560,46;-92,55538527;560,4585628
560,46;-95,03113561;554,1220112
568,43;-89,25318665;563,6415909
565,24;-88,42739663;563,6415909
565,24;-89,25318665;565,2368068
568,43;-89,25318665;563,6415909
568,43;-90,90447033;568,4346622
565,24;-92,55538527;566,8344959
563,64;-94,20596316;563,6415909
568,43;-90,90447033;568,4346622
566,83;-91,72997191;565,2368068
568,43;-90,90447033;565,2368068
563,64;-90,90447033;562,0488442
563,64;-89,25318665;565,2368068
563,64;-90,07887656;563,6415909
557,29;-92,55538527;560,4585628
560,46;-90,07887656;563,6415909
558,87;-90,90447033;562,0488442
560,46;-91,72997191;563,6415909
560,46;-93,38071436;560,4585628
562,05;-93,38071436;563,6415909
560,46;-95,85623569;562,0488442
560,46;-97,50623457;562,0488442
563,64;-95,03113561;562,0488442
562,05;-95,85623569;560,4585628
560,46;-96,68126736;558,8707428
557,29;-98,33114129;552,5439969
560,46;-95,03113561;557,2853802
555,70;-95,03113561;554,1220112
554,12;-94,20596316;557,2853802
555,70;-91,72997191;558,8707428
558,87;-90,90447033;560,4585628
560,46;-90,90447033;558,8707428
557,29;-93,38071436;554,1220112
562,05;-89,25318665;560,4585628
560,46;-90,90447033;562,0488442
560,46;-89,25318665;563,6415909
558,87;-89,25318665;563,6415909
563,64;-88,42739663;565,2368068
563,64;-90,90447033;560,4585628
560,46;-93,38071436;554,1220112
565,24;-89,25318665;558,8707428
563,64;-90,07887656;554,1220112
565,24;-89,25318665;552,5439969
562,05;-90,90447033;547,8245873
563,64;-89,25318665;554,1220112
563,64;-92,55538527;555,7024709
560,46;-93,38071436;557,2853802
568,43;-91,72997191;560,4585628
563,64;-92,55538527;558,8707428
563,64;-92,55538527;558,8707428
558,87;-93,38071436;555,7024709
563,64;-90,07887656;560,4585628
563,64;-91,72997191;557,2853802
562,05;-92,55538527;557,2853802
565,24;-91,72997191;555,7024709
562,05;-92,55538527;558,8707428
562,05;-91,72997191;557,2853802
560,46;-94,20596316;557,2853802
568,43;-91,72997191;565,2368068
562,05;-91,72997191;563,6415909
560,46;-92,55538527;562,0488442
560,46;-91,72997191;562,0488442
563,64;-91,72997191;565,2368068
562,05;-92,55538527;560,4585628
555,70;-93,38071436;558,8707428
558,87;-90,07887656;560,4585628
558,87;-90,90447033;558,8707428
562,05;-90,07887656;560,4585628
562,05;-90,90447033;560,4585628
565,24;-89,25318665;566,8344959
563,64;-91,72997191;562,0488442
560,46;-93,38071436;557,2853802
565,24;-90,07887656;560,4585628
565,24;-90,07887656;560,4585628
568,43;-90,07887656;558,8707428
560,46;-92,55538527;555,7024709
563,64;-90,07887656;560,4585628
563,64;-92,55538527;557,2853802
563,64;-94,20596316;558,8707428
563,64;-93,38071436;557,2853802
563,64;-95,03113561;555,7024709
558,87;-93,38071436;554,1220112
552,54;-94,20596316;554,1220112
557,29;-91,72997191;562,0488442
557,29;-94,20596316;558,8707428
558,87;-93,38071436;558,8707428
560,46;-92,55538527;558,8707428
562,05;-93,38071436;560,4585628
563,64;-94,20596316;558,8707428
560,46;-95,85623569;555,7024709
563,64;-92,55538527;560,4585628
563,64;-93,38071436;558,8707428
565,24;-91,72997191;558,8707428
565,24;-93,38071436;557,2853802
565,24;-90,90447033;562,0488442
560,46;-92,55538527;562,0488442
557,29;-93,38071436;560,4585628
562,05;-90,07887656;563,6415909
562,05;-90,07887656;562,0488442
562,05;-90,90447033;563,6415909
560,46;-91,72997191;558,8707428
563,64;-90,90447033;562,0488442
562,05;-93,38071436;562,0488442
560,46;-95,03113561;563,6415909
560,46;-92,55538527;563,6415909
560,46;-92,55538527;562,0488442
560,46;-93,38071436;560,4585628
554,12;-95,85623569;557,2853802
558,87;-92,55538527;562,0488442
557,29;-95,03113561;560,4585628
558,87;-94,20596316;563,6415909
558,87;-94,20596316;563,6415909
558,87;-93,38071436;562,0488442
558,87;-92,55538527;562,0488442
557,29;-94,20596316;560,4585628
563,64;-91,72997191;566,8344959
560,46;-92,55538527;563,6415909
558,87;-90,90447033;568,4346622
558,87;-92,55538527;565,2368068
562,05;-91,72997191;565,2368068
558,87;-92,55538527;560,4585628
555,70;-93,38071436;558,8707428
557,29;-91,72997191;563,6415909
558,87;-90,90447033;560,4585628
560,46;-91,72997191;558,8707428
558,87;-93,38071436;555,7024709
560,46;-91,72997191;557,2853802
557,29;-93,38071436;552,5439969
555,70;-95,03113561;550,9684241
557,29;-92,55538527;555,7024709
560,46;-92,55538527;555,7024709
560,46;-91,72997191;555,7024709
558,87;-95,03113561;554,1220112
570,04;-92,55538527;563,6415909
570,04;-94,20596316;563,6415909
570,04;-93,38071436;562,0488442
570,04;-92,55538527;562,0488442
568,43;-92,55538527;563,6415909
568,43;-91,72997191;562,0488442
562,05;-92,55538527;558,8707428
568,43;-90,07887656;565,2368068
562,05;-92,55538527;563,6415909
560,46;-90,90447033;565,2368068
558,87;-90,90447033;565,2368068
558,87;-90,07887656;563,6415909
557,29;-92,55538527;558,8707428
552,54;-94,20596316;554,1220112
555,70;-92,55538527;558,8707428
558,87;-92,55538527;552,5439969
560,46;-92,55538527;554,1220112
558,87;-92,55538527;550,9684241
562,05;-91,72997191;555,7024709
560,46;-92,55538527;552,5439969
560,46;-95,03113561;552,5439969
565,24;-94,20596316;555,7024709
566,83;-95,03113561;558,8707428
568,43;-95,03113561;563,6415909
565,24;-95,03113561;558,8707428
568,43;-91,72997191;563,6415909
560,46;-93,38071436;560,4585628
558,87;-95,03113561;560,4585628
558,87;-93,38071436;560,4585628
557,29;-94,20596316;563,6415909
557,29;-95,03113561;563,6415909
554,12;-99,15599148;557,2853802
557,29;-95,03113561;562,0488442
555,70;-95,03113561;562,0488442
557,29;-92,55538527;563,6415909
552,54;-90,90447033;565,2368068
557,29;-90,07887656;566,8344959
560,46;-92,55538527;565,2368068
563,64;-94,20596316;563,6415909
568,43;-90,07887656;568,4346622
568,43;-91,72997191;560,4585628
565,24;-92,55538527;558,8707428
563,64;-94,20596316;555,7024709
570,04;-92,55538527;558,8707428
566,83;-93,38071436;558,8707428
563,64;-93,38071436;555,7024709
566,83;-90,90447033;560,4585628
563,64;-91,72997191;558,8707428
562,05;-90,07887656;555,7024709
558,87;-92,55538527;555,7024709
563,64;-90,07887656;562,0488442
563,64;-90,90447033;560,4585628
563,64;-90,90447033;558,8707428
562,05;-89,25318665;560,4585628
560,46;-89,25318665;558,8707428
557,29;-90,90447033;557,2853802
550,97;-92,55538527;554,1220112
557,29;-89,25318665;560,4585628
557,29;-90,90447033;560,4585628
560,46;-90,90447033;560,4585628
558,87;-90,90447033;560,4585628
560,46;-90,07887656;562,0488442
557,29;-92,55538527;562,0488442
557,29;-95,03113561;557,2853802
563,64;-92,55538527;563,6415909
563,64;-94,20596316;562,0488442
562,05;-93,38071436;566,8344959
562,05;-92,55538527;566,8344959
566,83;-90,90447033;568,4346622
562,05;-91,72997191;562,0488442
560,46;-94,20596316;560,4585628
565,24;-92,55538527;565,2368068
568,43;-92,55538527;562,0488442
568,43;-92,55538527;565,2368068
562,05;-94,20596316;562,0488442
563,64;-93,38071436;570,0373097
563,64;-95,03113561;566,8344959
566,83;-95,03113561;563,6415909
565,24;-93,38071436;563,6415909
565,24;-93,38071436;558,8707428
562,05;-93,38071436;557,2853802
558,87;-94,20596316;554,1220112
562,05;-90,07887656;562,0488442
560,46;-90,90447033;560,4585628
563,64;-90,90447033;558,8707428
563,64;-90,07887656;560,4585628
565,24;-90,07887656;560,4585628
560,46;-90,90447033;555,7024709
555,70;-92,55538527;552,5439969
560,46;-88,42739663;560,4585628
558,87;-90,90447033;560,4585628
560,46;-90,90447033;560,4585628
557,29;-91,72997191;560,4585628
562,05;-92,55538527;560,4585628
560,46;-93,38071436;557,2853802
560,46;-95,03113561;554,1220112
563,64;-92,55538527;560,4585628
562,05;-92,55538527;557,2853802
560,46;-91,72997191;558,8707428
552,54;-92,55538527;555,7024709
557,29;-92,55538527;562,0488442
552,54;-94,20596316;558,8707428
554,12;-95,85623569;557,2853802
554,12;-95,03113561;560,4585628
557,29;-93,38071436;558,8707428
555,70;-92,55538527;555,7024709
554,12;-92,55538527;555,7024709
560,46;-87,60150253;563,6415909
558,87;-89,25318665;560,4585628
560,46;-88,42739663;557,2853802
562,05;-86,77550041;557,2853802
566,83;-87,60150253;558,8707428
566,83;-89,25318665;555,7024709
565,24;-90,90447033;550,9684241
568,43;-88,42739663;557,2853802
563,64;-90,07887656;557,2853802
560,46;-89,25318665;558,8707428
557,29;-91,72997191;558,8707428
560,46;-92,55538527;560,4585628
558,87;-93,38071436;557,2853802
558,87;-95,03113561;550,9684241
560,46;-90,90447033;554,1220112
562,05;-92,55538527;555,7024709
563,64;-91,72997191;555,7024709
558,87;-92,55538527;554,1220112
562,05;-90,07887656;560,4585628
560,46;-90,90447033;557,2853802
560,46;-91,72997191;554,1220112
562,05;-90,07887656;558,8707428
560,46;-90,90447033;555,7024709
557,29;-92,55538527;555,7024709
557,29;-94,20596316;552,5439969
558,87;-92,55538527;558,8707428
557,29;-93,38071436;558,8707428
557,29;-92,55538527;560,4585628
555,70;-91,72997191;563,6415909
557,29;-92,55538527;562,0488442
554,12;-91,72997191;563,6415909
550,97;-93,38071436;558,8707428
554,12;-90,07887656;563,6415909
554,12;-92,55538527;558,8707428
557,29;-92,55538527;562,0488442
558,87;-92,55538527;562,0488442
563,64;-90,90447033;562,0488442
560,46;-92,55538527;558,8707428
563,64;-95,03113561;555,7024709
563,64;-92,55538527;563,6415909
560,46;-94,20596316;560,4585628
557,29;-92,55538527;558,8707428
554,12;-93,38071436;557,2853802
560,46;-91,72997191;563,6415909
560,46;-94,20596316;560,4585628
562,05;-95,03113561;557,2853802
563,64;-94,20596316;560,4585628
563,64;-95,03113561;563,6415909
563,64;-95,03113561;562,0488442
558,87;-95,85623569;558,8707428
560,46;-91,72997191;560,4585628
557,29;-94,20596316;558,8707428
560,46;-95,85623569;558,8707428
558,87;-94,20596316;562,0488442
563,64;-93,38071436;560,4585628
568,43;-93,38071436;557,2853802
562,05;-95,85623569;554,1220112
566,83;-92,55538527;560,4585628
563,64;-93,38071436;558,8707428
560,46;-91,72997191;560,4585628
557,29;-90,07887656;558,8707428
557,29;-88,42739663;558,8707428
555,70;-88,42739663;560,4585628
554,12;-91,72997191;555,7024709
560,46;-88,42739663;562,0488442
560,46;-89,25318665;560,4585628
560,46;-88,42739663;562,0488442
554,12;-90,90447033;560,4585628
560,46;-89,25318665;563,6415909
557,29;-89,25318665;560,4585628
557,29;-90,90447033;555,7024709
555,70;-89,25318665;560,4585628
558,87;-90,07887656;558,8707428
557,29;-90,90447033;558,8707428
554,12;-93,38071436;558,8707428
562,05;-90,07887656;565,2368068
558,87;-90,07887656;560,4585628
560,46;-90,90447033;560,4585628
557,29;-91,72997191;565,2368068
562,05;-91,72997191;563,6415909
560,46;-91,72997191;560,4585628
555,70;-92,55538527;554,1220112
560,46;-89,25318665;560,4585628
560,46;-90,07887656;558,8707428
560,46;-90,90447033;558,8707428
554,12;-89,25318665;557,2853802
558,87;-90,07887656;557,2853802
555,70;-90,07887656;558,8707428
555,70;-93,38071436;554,1220112
562,05;-90,90447033;563,6415909
563,64;-90,90447033;560,4585628
562,05;-90,90447033;557,2853802
558,87;-92,55538527;558,8707428
563,64;-92,55538527;557,2853802
560,46;-94,20596316;555,7024709
562,05;-95,85623569;555,7024709
563,64;-92,55538527;562,0488442
563,64;-92,55538527;560,4585628
563,64;-92,55538527;562,0488442
558,87;-92,55538527;562,0488442
562,05;-90,90447033;565,2368068
560,46;-93,38071436;565,2368068
558,87;-95,03113561;562,0488442
557,29;-93,38071436;562,0488442
562,05;-92,55538527;560,4585628
560,46;-92,55538527;562,0488442
558,87;-95,03113561;560,4585628
565,24;-91,72997191;563,6415909
565,24;-92,55538527;560,4585628
560,46;-92,55538527;560,4585628
557,29;-91,72997191;562,0488442
558,87;-91,72997191;563,6415909
555,70;-93,38071436;565,2368068
557,29;-95,85623569;562,0488442
558,87;-92,55538527;568,4346622
555,70;-95,03113561;565,2368068
557,29;-92,55538527;563,6415909
554,12;-92,55538527;560,4585628
558,87;-90,90447033;560,4585628
558,87;-90,90447033;558,8707428
558,87;-92,55538527;557,2853802
560,46;-89,25318665;562,0488442
562,05;-91,72997191;558,8707428
558,87;-92,55538527;560,4585628
550,97;-94,20596316;557,2853802
554,12;-91,72997191;558,8707428
554,12;-93,38071436;555,7024709
557,29;-95,03113561;550,9684241
558,87;-93,38071436;554,1220112
562,05;-93,38071436;554,1220112
560,46;-92,55538527;555,7024709
554,12;-93,38071436;554,1220112
554,12;-89,25318665;555,7024709
550,97;-89,25318665;554,1220112
554,12;-90,07887656;554,1220112
552,54;-89,25318665;558,8707428
557,29;-89,25318665;558,8707428
557,29;-90,07887656;558,8707428
554,12;-91,72997191;555,7024709
557,29;-89,25318665;563,6415909
560,46;-90,90447033;562,0488442
560,46;-91,72997191;563,6415909
560,46;-91,72997191;565,2368068
563,64;-92,55538527;565,2368068
562,05;-92,55538527;563,6415909
560,46;-93,38071436;557,2853802
560,46;-90,07887656;562,0488442
563,64;-91,72997191;558,8707428
565,24;-93,38071436;562,0488442
562,05;-95,03113561;565,2368068
568,43;-94,20596316;565,2368068
566,83;-95,03113561;565,2368068
568,43;-95,85623569;562,0488442
565,24;-93,38071436;568,4346622
565,24;-93,38071436;565,2368068
560,46;-93,38071436;563,6415909
558,87;-95,03113561;560,4585628
563,64;-92,55538527;566,8344959
562,05;-93,38071436;565,2368068
565,24;-93,38071436;563,6415909
562,05;-90,90447033;568,4346622
563,64;-91,72997191;563,6415909
563,64;-92,55538527;563,6415909
563,64;-94,20596316;558,8707428
563,64;-91,72997191;560,4585628
565,24;-93,38071436;557,2853802
568,43;-92,55538527;555,7024709
560,46;-92,55538527;558,8707428
565,24;-94,20596316;555,7024709
562,05;-95,03113561;557,2853802
562,05;-96,68126736;554,1220112
563,64;-93,38071436;562,0488442
563,64;-95,03113561;560,4585628
563,64;-93,38071436;562,0488442
558,87;-94,20596316;562,0488442
562,05;-91,72997191;563,6415909
558,87;-92,55538527;562,0488442
562,05;-95,03113561;557,2853802
562,05;-92,55538527;562,0488442
565,24;-92,55538527;562,0488442
560,46;-91,72997191;565,2368068
554,12;-91,72997191;562,0488442
558,87;-90,07887656;566,8344959
557,29;-91,72997191;560,4585628
558,87;-92,55538527;555,7024709
554,12;-91,72997191;558,8707428
557,29;-92,55538527;558,8707428
558,87;-92,55538527;557,2853802
557,29;-94,20596316;558,8707428
560,46;-90,90447033;560,4585628
560,46;-92,55538527;558,8707428
560,46;-90,90447033;560,4585628
557,29;-90,90447033;563,6415909
560,46;-90,90447033;563,6415909
560,46;-91,72997191;562,0488442
565,24;-94,20596316;557,2853802
563,64;-91,72997191;563,6415909
563,64;-92,55538527;560,4585628
565,24;-91,72997191;560,4585628
562,05;-91,72997191;560,4585628
565,24;-90,90447033;562,0488442
560,46;-93,38071436;563,6415909
558,87;-95,03113561;560,4585628
555,70;-91,72997191;568,4346622
558,87;-92,55538527;562,0488442
557,29;-92,55538527;562,0488442
554,12;-94,20596316;558,8707428
560,46;-90,90447033;560,4585628
560,46;-92,55538527;555,7024709
558,87;-94,20596316;552,5439969
555,70;-94,20596316;555,7024709
558,87;-95,03113561;554,1220112
558,87;-95,85623569;558,8707428
555,70;-98,33114129;557,2853802
555,70;-95,03113561;560,4585628
554,12;-94,20596316;560,4585628
554,12;-92,55538527;560,4585628
554,12;-90,90447033;562,0488442
558,87;-90,90447033;560,4585628
555,70;-91,72997191;557,2853802
557,29;-92,55538527;552,5439969
560,46;-89,25318665;557,2853802
565,24;-90,90447033;554,1220112
560,46;-89,25318665;555,7024709
557,29;-90,07887656;555,7024709
562,05;-89,25318665;558,8707428
560,46;-91,72997191;557,2853802
563,64;-95,03113561;554,1220112
562,05;-92,55538527;558,8707428
562,05;-93,38071436;557,2853802
558,87;-91,72997191;555,7024709
557,29;-90,90447033;557,2853802
563,64;-89,25318665;557,2853802
562,05;-89,25318665;557,2853802
560,46;-89,25318665;554,1220112
554,12;-88,42739663;557,2853802
558,87;-91,72997191;557,2853802
557,29;-92,55538527;560,4585628
554,12;-94,20596316;558,8707428
552,54;-90,90447033;563,6415909
547,82;-92,55538527;560,4585628
547,82;-92,55538527;558,8707428
547,82;-92,55538527;560,4585628
554,12;-92,55538527;558,8707428
555,70;-93,38071436;560,4585628
560,46;-96,68126736;554,1220112
562,05;-92,55538527;560,4585628
565,24;-92,55538527;558,8707428
563,64;-92,55538527;557,2853802
560,46;-93,38071436;558,8707428
566,83;-93,38071436;560,4585628
563,64;-94,20596316;558,8707428
563,64;-97,50623457;555,7024709
560,46;-93,38071436;560,4585628
563,64;-93,38071436;557,2853802
558,87;-92,55538527;558,8707428
557,29;-92,55538527;560,4585628
558,87;-92,55538527;560,4585628
558,87;-92,55538527;557,2853802
560,46;-95,03113561;552,5439969
557,29;-93,38071436;563,6415909
558,87;-95,03113561;563,6415909
555,70;-95,85623569;566,8344959
555,70;-96,68126736;565,2368068
560,46;-93,38071436;568,4346622
560,46;-95,03113561;568,4346622
560,46;-94,20596316;560,4585628
552,54;-92,55538527;563,6415909
555,70;-91,72997191;562,0488442
558,87;-90,07887656;562,0488442
558,87;-92,55538527;557,2853802
562,05;-88,42739663;563,6415909
565,24;-90,07887656;562,0488442
562,05;-91,72997191;563,6415909
558,87;-90,90447033;565,2368068
563,64;-90,07887656;565,2368068
560,46;-92,55538527;563,6415909
560,46;-95,03113561;562,0488442
557,29;-93,38071436;568,4346622
560,46;-94,20596316;563,6415909
557,29;-94,20596316;560,4585628
554,12;-93,38071436;560,4585628
560,46;-90,90447033;558,8707428
557,29;-91,72997191;557,2853802
558,87;-92,55538527;554,1220112
554,12;-89,25318665;560,4585628
560,46;-89,25318665;557,2853802
557,29;-88,42739663;557,2853802
554,12;-90,07887656;558,8707428
558,87;-87,60150253;562,0488442
558,87;-88,42739663;565,2368068
557,29;-89,25318665;563,6415909
555,70;-89,25318665;570,0373097
562,05;-90,07887656;566,8344959
563,64;-91,72997191;566,8344959
563,64;-95,03113561;562,0488442
560,46;-90,90447033;565,2368068
560,46;-93,38071436;562,0488442
560,46;-94,20596316;562,0488442
557,29;-95,03113561;568,4346622
562,05;-95,03113561;568,4346622
560,46;-95,85623569;566,8344959
557,29;-97,50623457;563,6415909
557,29;-94,20596316;566,8344959
558,87;-92,55538527;562,0488442
554,12;-91,72997191;560,4585628
554,12;-91,72997191;562,0488442
560,46;-90,07887656;562,0488442
558,87;-91,72997191;563,6415909
560,46;-95,85623569;555,7024709
558,87;-94,20596316;562,0488442
565,24;-95,03113561;560,4585628
565,24;-95,03113561;562,0488442
565,24;-94,20596316;560,4585628
568,43;-90,90447033;558,8707428
566,83;-91,72997191;552,5439969
566,83;-92,55538527;549,3952889
560,46;-90,90447033;554,1220112
563,64;-90,90447033;555,7024709
558,87;-92,55538527;560,4585628
557,29;-95,85623569;558,8707428
554,12;-92,55538527;560,4585628
554,12;-93,38071436;560,4585628
554,12;-93,38071436;560,4585628
549,40;-91,72997191;563,6415909
554,12;-92,55538527;562,0488442
554,12;-93,38071436;560,4585628
554,12;-97,50623457;557,2853802
554,12;-95,03113561;562,0488442
554,12;-94,20596316;558,8707428
554,12;-92,55538527;557,2853802
554,12;-92,55538527;560,4585628
558,87;-90,90447033;558,8707428
557,29;-92,55538527;558,8707428
557,29;-95,03113561;555,7024709
554,12;-91,72997191;563,6415909
554,12;-93,38071436;560,4585628
554,12;-93,38071436;562,0488442
554,12;-95,03113561;563,6415909
555,70;-94,20596316;563,6415909
557,29;-94,20596316;560,4585628
555,70;-94,20596316;555,7024709
550,97;-92,55538527;563,6415909
558,87;-91,72997191;560,4585628
560,46;-90,07887656;563,6415909
562,05;-93,38071436;566,8344959
560,46;-90,90447033;568,4346622
562,05;-94,20596316;563,6415909
562,05;-94,20596316;558,8707428
558,87;-94,20596316;558,8707428
562,05;-95,03113561;555,7024709
560,46;-95,85623569;557,2853802
558,87;-95,85623569;554,1220112
557,29;-91,72997191;558,8707428
560,46;-93,38071436;560,4585628
560,46;-92,55538527;558,8707428
560,46;-90,07887656;562,0488442
566,83;-89,25318665;560,4585628
563,64;-90,90447033;562,0488442
565,24;-95,03113561;560,4585628
562,05;-92,55538527;566,8344959
560,46;-94,20596316;563,6415909
555,70;-94,20596316;563,6415909
554,12;-94,20596316;562,0488442
557,29;-90,90447033;560,4585628
558,87;-90,90447033;560,4585628
562,05;-93,38071436;558,8707428
557,29;-90,90447033;565,2368068
562,05;-92,55538527;565,2368068
560,46;-93,38071436;568,4346622
562,05;-95,85623569;568,4346622
563,64;-92,55538527;566,8344959
563,64;-94,20596316;560,4585628
560,46;-94,20596316;557,2853802
554,12;-92,55538527;560,4585628
560,46;-91,72997191;557,2853802
560,46;-91,72997191;555,7024709
563,64;-95,03113561;550,9684241
563,64;-91,72997191;552,5439969
566,83;-92,55538527;550,9684241
562,05;-92,55538527;549,3952889
560,46;-92,55538527;552,5439969
563,64;-90,07887656;554,1220112
562,05;-90,90447033;557,2853802
562,05;-92,55538527;558,8707428
557,29;-90,90447033;568,4346622
563,64;-91,72997191;562,0488442
562,05;-91,72997191;558,8707428
560,46;-92,55538527;563,6415909
562,05;-90,90447033;563,6415909
563,64;-91,72997191;560,4585628
563,64;-94,20596316;557,2853802
558,87;-91,72997191;566,8344959
560,46;-93,38071436;563,6415909
557,29;-92,55538527;565,2368068
558,87;-94,20596316;566,8344959
558,87;-92,55538527;565,2368068
558,87;-93,38071436;563,6415909
560,46;-93,38071436;560,4585628
557,29;-90,90447033;566,8344959
562,05;-90,90447033;563,6415909
557,29;-90,07887656;560,4585628
558,87;-94,20596316;558,8707428
554,12;-91,72997191;560,4585628
555,70;-95,03113561;557,2853802
555,70;-94,20596316;555,7024709
554,12;-91,72997191;560,4585628
558,87;-91,72997191;560,4585628
558,87;-92,55538527;560,4585628
558,87;-95,03113561;557,2853802
555,70;-92,55538527;562,0488442
558,87;-94,20596316;558,8707428
557,29;-94,20596316;557,2853802
555,70;-93,38071436;557,2853802
558,87;-90,90447033;557,2853802
558,87;-91,72997191;560,4585628
560,46;-95,85623569;558,8707428
557,29;-94,20596316;568,4346622
563,64;-94,20596316;565,2368068
562,05;-92,55538527;565,2368068
560,46;-93,38071436;566,8344959
560,46;-90,90447033;565,2368068
562,05;-91,72997191;562,0488442
562,05;-92,55538527;557,2853802
557,29;-90,90447033;558,8707428
562,05;-91,72997191;555,7024709
560,46;-90,07887656;558,8707428
562,05;-90,90447033;562,0488442
558,87;-89,25318665;563,6415909
560,46;-88,42739663;562,0488442
558,87;-89,25318665;555,7024709
555,70;-88,42739663;560,4585628
560,46;-89,25318665;558,8707428
558,87;-91,72997191;562,0488442
558,87;-92,55538527;563,6415909
555,70;-89,25318665;568,4346622
563,64;-90,07887656;565,2368068
563,64;-89,25318665;562,0488442
563,64;-89,25318665;562,0488442
565,24;-90,07887656;560,4585628
563,64;-91,72997191;563,6415909
560,46;-94,20596316;560,4585628
554,12;-91,72997191;563,6415909
558,87;-91,72997191;560,4585628
554,12;-90,07887656;557,2853802
554,12;-90,07887656;557,2853802
558,87;-89,25318665;555,7024709
560,46;-90,90447033;554,1220112
555,70;-90,90447033;549,3952889
550,97;-89,25318665;560,4585628
557,29;-90,07887656;562,0488442
557,29;-90,90447033;563,6415909
558,87;-93,38071436;563,6415909
555,70;-90,07887656;568,4346622
558,87;-90,90447033;563,6415909
558,87;-90,90447033;560,4585628
557,29;-89,25318665;563,6415909
560,46;-90,07887656;563,6415909
562,05;-91,72997191;563,6415909
562,05;-92,55538527;565,2368068
560,46;-90,90447033;568,4346622
566,83;-92,55538527;560,4585628
565,24;-92,55538527;557,2853802
563,64;-91,72997191;563,6415909
563,64;-89,25318665;563,6415909
562,05;-89,25318665;565,2368068
563,64;-91,72997191;562,0488442
560,46;-90,07887656;566,8344959
565,24;-91,72997191;563,6415909
563,64;-91,72997191;560,4585628
560,46;-92,55538527;563,6415909
560,46;-91,72997191;563,6415909
562,05;-93,38071436;563,6415909
562,05;-95,03113561;558,8707428
557,29;-93,38071436;562,0488442
563,64;-94,20596316;562,0488442
563,64;-93,38071436;563,6415909
562,05;-95,03113561;563,6415909
560,46;-92,55538527;558,8707428
562,05;-93,38071436;555,7024709
558,87;-93,38071436;549,3952889
557,29;-90,90447033;554,1220112
560,46;-92,55538527;550,9684241
558,87;-90,90447033;554,1220112
558,87;-93,38071436;552,5439969
558,87;-89,25318665;552,5439969
566,83;-90,90447033;550,9684241
568,43;-90,90447033;554,1220112
563,64;-90,90447033;560,4585628
566,83;-90,07887656;560,4585628
565,24;-88,42739663;560,4585628
562,05;-90,90447033;558,8707428
554,12;-89,25318665;563,6415909
555,70;-90,90447033;562,0488442
552,54;-90,90447033;558,8707428
554,12;-92,55538527;560,4585628
554,12;-93,38071436;555,7024709
555,70;-95,03113561;555,7024709
554,12;-95,03113561;550,9684241
552,54;-91,72997191;555,7024709
557,29;-92,55538527;555,7024709
558,87;-92,55538527;555,7024709
558,87;-94,20596316;555,7024709
554,12;-91,72997191;555,7024709
557,29;-92,55538527;554,1220112
554,12;-93,38071436;550,9684241
552,54;-92,55538527;560,4585628
557,29;-93,38071436;558,8707428
557,29;-92,55538527;558,8707428
560,46;-94,20596316;558,8707428
558,87;-91,72997191;562,0488442
563,64;-91,72997191;560,4585628
562,05;-92,55538527;558,8707428
563,64;-92,55538527;563,6415909
568,43;-92,55538527;562,0488442
568,43;-95,03113561;560,4585628
565,24;-96,68126736;560,4585628
560,46;-92,55538527;565,2368068
568,43;-92,55538527;563,6415909
562,05;-90,90447033;562,0488442
560,46;-91,72997191;563,6415909
558,87;-92,55538527;562,0488442
558,87;-94,20596316;560,4585628
555,70;-94,20596316;557,2853802
550,97;-92,55538527;563,6415909
554,12;-92,55538527;560,4585628
554,12;-92,55538527;560,4585628
557,29;-92,55538527;566,8344959
557,29;-91,72997191;565,2368068
560,46;-93,38071436;566,8344959
558,87;-95,03113561;560,4585628
557,29;-93,38071436;565,2368068
568,43;-92,55538527;563,6415909
565,24;-92,55538527;563,6415909
568,43;-93,38071436;565,2368068
563,64;-89,25318665;568,4346622
566,83;-89,25318665;563,6415909
563,64;-90,07887656;558,8707428
560,46;-90,07887656;563,6415909
558,87;-89,25318665;562,0488442
560,46;-89,25318665;562,0488442
562,05;-92,55538527;557,2853802
557,29;-89,25318665;558,8707428
562,05;-89,25318665;554,1220112
562,05;-89,25318665;554,1220112
565,24;-89,25318665;557,2853802
562,05;-87,60150253;558,8707428
562,05;-89,25318665;557,2853802
558,87;-92,55538527;555,7024709
554,12;-90,07887656;560,4585628
560,46;-90,90447033;560,4585628
560,46;-90,90447033;560,4585628
560,46;-92,55538527;562,0488442
558,87;-91,72997191;558,8707428
563,64;-93,38071436;560,4585628
560,46;-95,03113561;555,7024709
554,12;-92,55538527;560,4585628
558,87;-92,55538527;554,1220112
555,70;-91,72997191;554,1220112
557,29;-92,55538527;555,7024709
555,70;-89,25318665;557,2853802
563,64;-90,90447033;557,2853802
562,05;-90,90447033;550,9684241
562,05;-90,07887656;557,2853802
565,24;-90,90447033;555,7024709
563,64;-90,90447033;557,2853802
563,64;-93,38071436;557,2853802
560,46;-90,90447033;557,2853802
563,64;-91,72997191;552,5439969
560,46;-90,90447033;547,8245873
562,05;-90,90447033;554,1220112
558,87;-90,90447033;552,5439969
558,87;-91,72997191;550,9684241
557,29;-94,20596316;544,6904691
554,12;-92,55538527;543,1270445
558,87;-93,38071436;538,4512615
560,46;-92,55538527;530,7063545
562,05;-93,38071436;530,7063545
560,46;-90,90447033;529,1645471
565,24;-90,07887656;526,0880747
562,05;-91,72997191;518,4383724
560,46;-90,07887656;518,4383724
562,05;-91,72997191;510,8475294
565,24;-90,90447033;506,32107
563,64;-92,55538527;503,3150503
563,64;-90,90447033;498,8233716
563,64;-90,90447033;492,8666882
558,87;-91,72997191;484,0001944
557,29;-90,90447033;484,0001944
560,46;-90,90447033;478,1345163
562,05;-91,72997191;475,2151775
562,05;-93,38071436;470,8529554
558,87;-90,90447033;462,1885493
570,04;-90,90447033;453,6034807
566,83;-90,07887656;443,6866995
563,64;-90,90447033;442,2786575
563,64;-90,07887656;435,2705932
562,05;-90,07887656;431,0913289
563,64;-90,90447033;424,1681688
558,87;-88,42739663;418,6674077
563,64;-90,90447033;407,7655204
563,64;-90,07887656;395,6575683
566,83;-90,90447033;391,6579727
560,46;-89,25318665;381,0801716
563,64;-90,90447033;370,6284553
560,46;-90,90447033;360,3007953
558,87;-89,25318665;355,1828525
558,87;-90,90447033;346,2990974
557,29;-90,90447033;336,2579416
558,87;-92,55538527;325,1016432
558,87;-91,72997191;312,8762275
562,05;-93,38071436;302,023616
555,70;-95,03113561;288,9482754
554,12;-93,38071436;283,0723319
554,12;-92,55538527;271,4442314
555,70;-91,72997191;258,8399867
555,70;-92,55538527;249,7931805
555,70;-89,25318665;238,623233
562,05;-91,72997191;227,6035439
558,87;-91,72997191;215,6507057
562,05;-91,72997191;204,9336633
560,46;-92,55538527;191,2071912
560,46;-92,55538527;179,7681635
560,46;-95,03113561;164,4189728
558,87;-92,55538527;151,3398185
568,43;-91,72997191;136,4944203
563,64;-89,25318665;124,7992646
562,05;-90,90447033;117,0882596
557,29;-89,25318665;102,8070839
560,46;-90,90447033;89,67631467
557,29;-93,38071436;74,8899353
552,54;-90,07887656;64,85251647
557,29;-90,90447033;50,42686628
555,70;-90,90447033;36,19317583
555,70;-92,55538527;24,75844573
550,97;-90,07887656;13,43102233
555,70;-90,90447033;0,482887731
554,12;-91,72997191;-13,19882622
554,12;-90,90447033;-23,38183805
557,29;-89,25318665;-35,18731675
557,29;-89,25318665;-46,08655192
552,54;-91,72997191;-56,93405245
550,97;-88,42739663;-69,39748389
555,70;-90,07887656;-80,16311881
558,87;-90,07887656;-93,38071436
562,05;-89,25318665;-99,15599148
562,05;-89,25318665;-109,0512266
563,64;-91,72997191;-118,1210559
568,43;-94,20596316;-128,0209178
565,24;-91,72997191;-134,6272907
571,64;-94,20596316;-142,0685722
568,43;-94,20596316;-152,0101141
566,83;-94,20596316;-156,1605723
563,64;-91,72997191;-162,8129929
565,24;-91,72997191;-167,8128019
562,05;-92,55538527;-174,4948326
560,46;-89,25318665;-179,5191787
562,05;-91,72997191;-187,0783569
560,46;-91,72997191;-190,4473719
563,64;-91,72997191;-192,1341629
558,87;-89,25318665;-195,5124705
565,24;-90,90447033;-197,2040504
563,64;-91,72997191;-201,4403308
560,46;-89,25318665;-198,8972901
560,46;-91,72997191;-202,2888752
563,64;-92,55538527;-203,9872841
562,05;-94,20596316;-203,9872841
557,29;-91,72997191;-205,6874795
565,24;-93,38071436;-205,6874795
563,64;-94,20596316;-208,2411915
563,64;-92,55538527;-205,6874795
560,46;-91,72997191;-207,389493
563,64;-92,55538527;-207,389493
562,05;-94,20596316;-207,389493
558,87;-91,72997191;-207,389493
560,46;-93,38071436;-209,0933564
557,29;-92,55538527;-210,7991013
555,70;-91,72997191;-208,2411915
554,12;-90,07887656;-210,7991013
558,87;-91,72997191;-209,0933564
555,70;-93,38071436;-210,7991013
552,54;-91,72997191;-208,2411915
557,29;-93,38071436;-209,9459917
555,70;-93,38071436;-209,9459917
558,87;-95,03113561;-205,6874795
554,12;-93,38071436;-206,538257
558,87;-94,20596316;-205,6874795
558,87;-93,38071436;-205,6874795
558,87;-90,90447033;-201,4403308
558,87;-90,90447033;-200,5922211
557,29;-90,90447033;-198,8972901
555,70;-93,38071436;-196,358055
554,12;-90,90447033;-196,358055
558,87;-92,55538527;-194,667293
555,70;-90,90447033;-194,667293
554,12;-90,90447033;-188,7621138
557,29;-92,55538527;-187,0783569
563,64;-92,55538527;-184,555467
563,64;-97,50623457;-183,71522
562,05;-95,03113561;-179,5191787
565,24;-95,85623569;-177,0055664
560,46;-95,03113561;-177,843112
557,29;-94,20596316;-171,1514804
557,29;-94,20596316;-170,3163825
560,46;-94,20596316;-165,3117077
557,29;-95,03113561;-161,148452
554,12;-91,72997191;-156,1605723
560,46;-92,55538527;-152,8397879
562,05;-92,55538527;-152,0101141
560,46;-92,55538527;-146,2078031
560,46;-89,25318665;-143,7237765
563,64;-89,25318665;-138,7599732
562,05;-90,90447033;-137,9331773
563,64;-90,07887656;-132,1491264
562,05;-91,72997191;-131,3232887
560,46;-92,55538527;-128,8463715
558,87;-95,03113561;-124,7199244
554,12;-92,55538527;-122,2449308
560,46;-95,03113561;-119,7704624
562,05;-94,20596316;-118,1210559
562,05;-92,55538527;-113,1736347
563,64;-93,38071436;-111,5246548
563,64;-93,38071436;-105,7532334
560,46;-95,85623569;-102,4549062
554,12;-92,55538527;-99,15599148
558,87;-94,20596316;-96,68126736
558,87;-94,20596316;-99,15599148
560,46;-94,20596316;-93,38071436
557,29;-91,72997191;-90,90447033
558,87;-92,55538527;-87,60150253
555,70;-95,03113561;-85,94938629
554,12;-91,72997191;-83,47033234
555,70;-92,55538527;-82,64373063
557,29;-91,72997191;-83,47033234
560,46;-90,90447033;-80,16311881
557,29;-88,42739663;-80,99012782
562,05;-90,07887656;-80,99012782
560,46;-91,72997191;-82,64373063
558,87;-89,25318665;-80,16311881
560,46;-90,07887656;-80,16311881
558,87;-91,72997191;-80,16311881
555,70;-92,55538527;-76,85360626
552,54;-90,90447033;-76,02583918
555,70;-91,72997191;-75,19790861
554,12;-92,55538527;-76,85360626
554,12;-90,90447033;-74,36981058
554,12;-92,55538527;-76,02583918
558,87;-93,38071436;-75,19790861
557,29;-95,03113561;-74,36981058
554,12;-93,38071436;-74,36981058
558,87;-96,68126736;-74,36981058
558,87;-96,68126736;-76,85360626
558,87;-95,03113561;-72,71309629
557,29;-93,38071436;-73,54154113
560,46;-93,38071436;-74,36981058
558,87;-96,68126736;-75,19790861
560,46;-93,38071436;-74,36981058
565,24;-94,20596316;-75,19790861
565,24;-95,03113561;-76,85360626
563,64;-95,85623569;-74,36981058
560,46;-93,38071436;-74,36981058
565,24;-95,03113561;-75,19790861
563,64;-96,68126736;-77,68121379
568,43;-93,38071436;-76,85360626
568,43;-94,20596316;-78,50866576
566,83;-91,72997191;-79,33596611
565,24;-92,55538527;-77,68121379
560,46;-90,07887656;-78,50866576
566,83;-92,55538527;-77,68121379
568,43;-95,03113561;-78,50866576
566,83;-93,38071436;-76,02583918
568,43;-93,38071436;-78,50866576
568,43;-92,55538527;-79,33596611
568,43;-95,85623569;-79,33596611
563,64;-90,90447033;-80,16311881
566,83;-91,72997191;-80,16311881
563,64;-93,38071436;-82,64373063
563,64;-92,55538527;-80,16311881
563,64;-90,90447033;-80,99012782
568,43;-90,90447033;-81,81699711
565,24;-94,20596316;-80,99012782
560,46;-90,90447033;-80,16311881
565,24;-90,90447033;-79,33596611
563,64;-91,72997191;-80,16311881
563,64;-92,55538527;-77,68121379
558,87;-93,38071436;-79,33596611
562,05;-93,38071436;-79,33596611
557,29;-96,68126736;-80,16311881
558,87;-92,55538527;-80,16311881
560,46;-91,72997191;-82,64373063
562,05;-92,55538527;-83,47033234
562,05;-92,55538527;-81,81699711
560,46;-90,07887656;-82,64373063
563,64;-91,72997191;-82,64373063
560,46;-90,90447033;-85,12315621
560,46;-90,07887656;-81,81699711
558,87;-91,72997191;-84,29680622
560,46;-90,07887656;-84,29680622
558,87;-94,20596316;-81,81699711
555,70;-92,55538527;-82,64373063
562,05;-95,03113561;-81,81699711
563,64;-94,20596316;-80,99012782
563,64;-92,55538527;-77,68121379
562,05;-93,38071436;-80,16311881
563,64;-93,38071436;-79,33596611
562,05;-95,85623569;-78,50866576
560,46;-90,90447033;-79,33596611
565,24;-92,55538527;-79,33596611
565,24;-90,90447033;-80,99012782
563,64;-91,72997191;-79,33596611
562,05;-91,72997191;-79,33596611
565,24;-91,72997191;-80,16311881
558,87;-93,38071436;-80,99012782
557,29;-90,07887656;-79,33596611
557,29;-91,72997191;-80,16311881
560,46;-90,90447033;-80,99012782
560,46;-92,55538527;-77,68121379
557,29;-90,90447033;-80,16311881
560,46;-92,55538527;-80,16311881
557,29;-93,38071436;-81,81699711
557,29;-90,90447033;-79,33596611
554,12;-91,72997191;-82,64373063
558,87;-91,72997191;-83,47033234
557,29;-93,38071436;-80,99012782
554,12;-90,90447033;-81,81699711
562,05;-92,55538527;-80,99012782
563,64;-93,38071436;-83,47033234
568,43;-92,55538527;-80,16311881
562,05;-93,38071436;-81,81699711
565,24;-93,38071436;-80,99012782
562,05;-95,03113561;-79,33596611
562,05;-90,90447033;-79,33596611
566,83;-91,72997191;-79,33596611
568,43;-92,55538527;-79,33596611
565,24;-92,55538527;-76,02583918
560,46;-92,55538527;-76,85360626
562,05;-94,20596316;-76,85360626
563,64;-95,85623569;-77,68121379
568,43;-93,38071436;-77,68121379
566,83;-95,03113561;-78,50866576
565,24;-94,20596316;-80,99012782
565,24;-95,03113561;-78,50866576
560,46;-94,20596316;-79,33596611
563,64;-93,38071436;-80,16311881
558,87;-93,38071436;-80,99012782
557,29;-90,90447033;-80,16311881
558,87;-90,90447033;-80,99012782
560,46;-91,72997191;-83,47033234
557,29;-93,38071436;-80,99012782
555,70;-90,07887656;-80,99012782
562,05;-90,90447033;-80,99012782
562,05;-89,25318665;-80,16311881
562,05;-89,25318665;-77,68121379
560,46;-88,42739663;-79,33596611
563,64;-88,42739663;-79,33596611
563,64;-89,25318665;-79,33596611
562,05;-86,77550041;-80,16311881
566,83;-88,42739663;-80,99012782
563,64;-89,25318665;-84,29680622
562,05;-89,25318665;-80,99012782
558,87;-89,25318665;-84,29680622
563,64;-89,25318665;-84,29680622
560,46;-90,90447033;-84,29680622
557,29;-88,42739663;-84,29680622
560,46;-89,25318665;-85,12315621
563,64;-88,42739663;-87,60150253
560,46;-89,25318665;-80,99012782
552,54;-88,42739663;-81,81699711
560,46;-90,90447033;-81,81699711
558,87;-92,55538527;-82,64373063
558,87;-90,07887656;-80,99012782
558,87;-90,90447033;-83,47033234
562,05;-92,55538527;-85,94938629
560,46;-92,55538527;-81,81699711
555,70;-91,72997191;-82,64373063
558,87;-92,55538527;-81,81699711
557,29;-92,55538527;-82,64373063
560,46;-90,90447033;-80,99012782
558,87;-91,72997191;-80,99012782
562,05;-90,90447033;-82,64373063
558,87;-92,55538527;-80,99012782
554,12;-90,90447033;-82,64373063
555,70;-92,55538527;-81,81699711
555,70;-92,55538527;-84,29680622
554,12;-91,72997191;-80,16311881
550,97;-91,72997191;-83,47033234
557,29;-92,55538527;-82,64373063
558,87;-95,03113561;-82,64373063
557,29;-90,07887656;-82,64373063
558,87;-90,07887656;-82,64373063
560,46;-90,90447033;-85,12315621
558,87;-92,55538527;-80,16311881
554,12;-92,55538527;-82,64373063
557,29;-94,20596316;-81,81699711
558,87;-95,03113561;-82,64373063
560,46;-90,90447033;-81,81699711
563,64;-93,38071436;-83,47033234
565,24;-92,55538527;-85,94938629
568,43;-94,20596316;-81,81699711
563,64;-91,72997191;-83,47033234
568,43;-91,72997191;-82,64373063
560,46;-90,90447033;-82,64373063
560,46;-87,60150253;-80,99012782
554,12;-88,42739663;-82,64373063
557,29;-89,25318665;-83,47033234
554,12;-92,55538527;-80,99012782
554,12;-89,25318665;-80,99012782
560,46;-91,72997191;-80,16311881
558,87;-92,55538527;-81,81699711
557,29;-90,07887656;-80,16311881
552,54;-90,07887656;-81,81699711
557,29;-91,72997191;-80,99012782
555,70;-94,20596316;-79,33596611
557,29;-91,72997191;-80,99012782
557,29;-92,55538527;-80,99012782
557,29;-90,90447033;-83,47033234
555,70;-90,07887656;-80,16311881
555,70;-90,07887656;-80,99012782
562,05;-92,55538527;-81,81699711
560,46;-94,20596316;-81,81699711
563,64;-90,90447033;-80,99012782
562,05;-92,55538527;-80,16311881
562,05;-91,72997191;-84,29680622
558,87;-90,90447033;-82,64373063
554,12;-89,25318665;-84,29680622
560,46;-90,07887656;-84,29680622
560,46;-90,07887656;-84,29680622
562,05;-87,60150253;-82,64373063
557,29;-88,42739663;-85,94938629
557,29;-88,42739663;-87,60150253
560,46;-90,07887656;-85,94938629
562,05;-87,60150253;-86,77550041
568,43;-88,42739663;-86,77550041
563,64;-89,25318665;-85,94938629
563,64;-88,42739663;-83,47033234
562,05;-89,25318665;-84,29680622
566,83;-90,07887656;-85,94938629
566,83;-93,38071436;-83,47033234
565,24;-90,90447033;-84,29680622
568,43;-92,55538527;-84,29680622
565,24;-90,90447033;-85,12315621
566,83;-90,90447033;-81,81699711
565,24;-92,55538527;-84,29680622
566,83;-93,38071436;-85,12315621
563,64;-95,03113561;-84,29680622
560,46;-91,72997191;-84,29680622
560,46;-91,72997191;-85,12315621
560,46;-90,07887656;-85,94938629
560,46;-90,90447033;-83,47033234
555,70;-90,07887656;-85,12315621
560,46;-90,07887656;-85,12315621
557,29;-91,72997191;-87,60150253
560,46;-91,72997191;-85,12315621
560,46;-91,72997191;-85,94938629
563,64;-91,72997191;-88,42739663
560,46;-92,55538527;-86,77550041
558,87;-90,90447033;-86,77550041
563,64;-92,55538527;-86,77550041
560,46;-93,38071436;-87,60150253
560,46;-94,20596316;-84,29680622
555,70;-94,20596316;-85,12315621
562,05;-94,20596316;-85,94938629
560,46;-95,03113561;-84,29680622
560,46;-91,72997191;-85,94938629
563,64;-94,20596316;-84,29680622
562,05;-93,38071436;-85,12315621
558,87;-93,38071436;-81,81699711
557,29;-93,38071436;-84,29680622
563,64;-93,38071436;-83,47033234
563,64;-95,03113561;-81,81699711
562,05;-91,72997191;-83,47033234
560,46;-92,55538527;-83,47033234
562,05;-90,90447033;-85,12315621
560,46;-90,07887656;-81,81699711
557,29;-89,25318665;-80,99012782
563,64;-90,90447033;-81,81699711
562,05;-92,55538527;-80,99012782
562,05;-89,25318665;-80,16311881
560,46;-89,25318665;-80,99012782
562,05;-90,07887656;-84,29680622
560,46;-92,55538527;-80,16311881
555,70;-90,07887656;-80,16311881
557,29;-92,55538527;-79,33596611
554,12;-92,55538527;-80,99012782
555,70;-90,90447033;-78,50866576
557,29;-90,90447033;-77,68121379
563,64;-92,55538527;-80,16311881
562,05;-95,85623569;-79,33596611
562,05;-93,38071436;-81,81699711
565,24;-95,03113561;-80,99012782
563,64;-93,38071436;-82,64373063
560,46;-91,72997191;-80,99012782
552,54;-92,55538527;-82,64373063
557,29;-95,03113561;-83,47033234
555,70;-98,33114129;-81,81699711
557,29;-94,20596316;-82,64373063
557,29;-95,03113561;-83,47033234
560,46;-94,20596316;-87,60150253
558,87;-94,20596316;-84,29680622
554,12;-92,55538527;-84,29680622
558,87;-93,38071436;-83,47033234
558,87;-92,55538527;-82,64373063
563,64;-89,25318665;-82,64373063
560,46;-89,25318665;-84,29680622
563,64;-90,90447033;-84,29680622
562,05;-91,72997191;-80,16311881
562,05;-90,07887656;-81,81699711
563,64;-90,90447033;-82,64373063
563,64;-92,55538527;-83,47033234
563,64;-93,38071436;-84,29680622
558,87;-94,20596316;-85,12315621
560,46;-94,20596316;-86,77550041
557,29;-96,68126736;-82,64373063
555,70;-93,38071436;-84,29680622
555,70;-95,03113561;-84,29680622
557,29;-95,03113561;-85,94938629
554,12;-94,20596316;-84,29680622
547,82;-93,38071436;-84,29680622
552,54;-93,38071436;-85,12315621
549,40;-95,85623569;-83,47033234
550,97;-93,38071436;-83,47033234
550,97;-95,03113561;-85,12315621
550,97;-93,38071436;-86,77550041
547,82;-92,55538527;-82,64373063
540,01;-90,07887656;-82,64373063
543,13;-89,25318665;-83,47033234
535,35;-91,72997191;-84,29680622
533,80;-88,42739663;-85,12315621
529,16;-89,25318665;-85,94938629
527,63;-90,07887656;-87,60150253
524,55;-92,55538527;-84,29680622
523,02;-90,07887656;-85,94938629
524,55;-91,72997191;-85,12315621
519,96;-94,20596316;-85,94938629
518,44;-94,20596316;-84,29680622
510,85;-95,85623569;-85,94938629
507,83;-95,03113561;-86,77550041
501,82;-95,85623569;-83,47033234
497,33;-92,55538527;-85,12315621
494,35;-95,03113561;-85,12315621
486,95;-95,03113561;-86,77550041
478,13;-93,38071436;-83,47033234
467,96;-95,03113561;-83,47033234
470,85;-95,03113561;-85,12315621
463,63;-99,15599148;-85,12315621
460,75;-94,20596316;-85,94938629
452,18;-94,20596316;-85,12315621
445,10;-94,20596316;-84,29680622
433,88;-95,03113561;-80,99012782
421,41;-94,20596316;-83,47033234
415,93;-95,03113561;-84,29680622
406,41;-95,85623569;-82,64373063
401,02;-92,55538527;-84,29680622
390,33;-93,38071436;-84,29680622
383,71;-91,72997191;-87,60150253
373,23;-91,72997191;-85,94938629
364,16;-90,07887656;-87,60150253
359,02;-90,90447033;-85,12315621
350,10;-91,72997191;-82,64373063
341,26;-90,90447033;-82,64373063
327,57;-91,72997191;-84,29680622
321,42;-90,07887656;-86,77550041
306,83;-92,55538527;-84,29680622
296,05;-90,07887656;-85,94938629
284,24;-90,90447033;-87,60150253
272,60;-90,90447033;-86,77550041
261,12;-90,07887656;-83,47033234
248,67;-90,07887656;-83,47033234
240,85;-90,90447033;-85,94938629
229,80;-93,38071436;-84,29680622
218,89;-90,07887656;-86,77550041
207,07;-93,38071436;-85,94938629
197,51;-94,20596316;-87,60150253
183,91;-93,38071436;-85,12315621
168,48;-92,55538527;-86,77550041
158,36;-92,55538527;-88,42739663
144,38;-95,03113561;-87,60150253
130,63;-92,55538527;-85,94938629
116,13;-93,38071436;-83,47033234
104,70;-94,20596316;-84,29680622
90,61;-95,03113561;-81,81699711
77,65;-92,55538527;-83,47033234
66,67;-94,20596316;-83,47033234
52,22;-95,03113561;-84,29680622
37,96;-90,90447033;-84,29680622
21,26;-90,90447033;-85,94938629
9,97;-91,72997191;-85,94938629
-4,66;-92,55538527;-81,81699711
-17,45;-90,07887656;-84,29680622
-28,45;-90,07887656;-83,47033234
-41,06;-90,90447033;-85,12315621
-54,43;-90,90447033;-83,47033234
-69,40;-92,55538527;-85,94938629
-79,34;-94,20596316;-87,60150253
-91,73;-95,85623569;-84,29680622
-103,28;-93,38071436;-85,12315621
-117,30;-93,38071436;-83,47033234
-128,85;-92,55538527;-85,12315621
-140,41;-90,90447033;-82,64373063
-154,50;-90,07887656;-85,12315621
-163,65;-91,72997191;-86,77550041
-174,49;-94,20596316;-84,29680622
-185,40;-90,90447033;-84,29680622
-195,51;-90,90447033;-84,29680622
-204,84;-90,90447033;-87,60150253
-216,78;-90,90447033;-85,12315621
-227,97;-90,90447033;-85,94938629
-235,76;-92,55538527;-85,94938629
-244,48;-94,20596316;-85,12315621
-254,15;-90,90447033;-85,12315621
-264,78;-92,55538527;-84,29680622
-271,93;-92,55538527;-85,94938629
-281,84;-92,55538527;-83,47033234
-289,11;-90,07887656;-85,12315621
-294,59;-90,07887656;-84,29680622
-300,11;-90,07887656;-83,47033234
-307,51;-90,07887656;-81,81699711
-316,85;-91,72997191;-81,81699711
-316,85;-92,55538527;-83,47033234
-323,44;-92,55538527;-80,16311881
-328,18;-90,90447033;-80,99012782
-331,98;-92,55538527;-80,16311881
-332,94;-91,72997191;-81,81699711
-335,81;-90,07887656;-80,16311881
-339,65;-90,90447033;-84,29680622
-339,65;-92,55538527;-85,12315621
-344,47;-96,68126736;-84,29680622
-345,44;-93,38071436;-85,94938629
-345,44;-93,38071436;-84,29680622
-341,58;-92,55538527;-85,94938629
-342,54;-92,55538527;-84,29680622
-343,51;-92,55538527;-85,94938629
-339,65;-94,20596316;-84,29680622
-336,77;-95,85623569;-81,81699711
-333,89;-92,55538527;-81,81699711
-331,98;-92,55538527;-83,47033234
-327,23;-94,20596316;-85,12315621
-324,38;-95,03113561;-81,81699711
-317,79;-92,55538527;-82,64373063
-312,17;-93,38071436;-82,64373063
-307,51;-93,38071436;-81,81699711
-301,95;-90,90447033;-82,64373063
-298,27;-91,72997191;-82,64373063
-287,29;-90,90447033;-85,12315621
-281,84;-93,38071436;-81,81699711
-275,52;-90,07887656;-84,29680622
-268,35;-92,55538527;-83,47033234
-258,57;-91,72997191;-84,29680622
-251,50;-90,07887656;-81,81699711
-247,11;-90,90447033;-82,64373063
-235,76;-90,07887656;-85,94938629
-227,97;-90,90447033;-81,81699711
-219,36;-88,42739663;-83,47033234
-213,36;-88,42739663;-83,47033234
-203,99;-88,42739663;-85,94938629
-197,20;-88,42739663;-85,12315621
-192,13;-85,94938629;-86,77550041
-183,72;-86,77550041;-85,94938629
-174,49;-90,07887656;-84,29680622
-166,15;-88,42739663;-85,12315621
-159,48;-90,07887656;-85,94938629
-148,69;-89,25318665;-88,42739663
-142,90;-89,25318665;-84,29680622
-134,63;-88,42739663;-85,94938629
-126,37;-90,07887656;-85,94938629
-119,77;-91,72997191;-85,12315621
-113,17;-90,90447033;-85,94938629
-109,05;-92,55538527;-85,12315621
-100,81;-91,72997191;-85,94938629
-97,51;-92,55538527;-81,81699711
-91,73;-90,90447033;-82,64373063
-85,95;-91,72997191;-80,99012782
-78,51;-91,72997191;-81,81699711
-73,54;-90,90447033;-80,99012782
-68,57;-92,55538527;-84,29680622
-59,43;-91,72997191;-85,12315621
-55,27;-94,20596316;-81,81699711
-50,26;-90,90447033;-83,47033234
-46,92;-91,72997191;-84,29680622
-38,55;-90,90447033;-87,60150253
-36,03;-91,72997191;-85,12315621
-32,66;-91,72997191;-85,12315621
-25,92;-92,55538527;-84,29680622
-20,84;-95,85623569;-81,81699711
-19,15;-91,72997191;-82,64373063
-17,45;-92,55538527;-81,81699711
-11,50;-90,07887656;-84,29680622
-8,94;-90,07887656;-80,16311881
-7,23;-87,60150253;-81,81699711
-3,81;-89,25318665;-80,99012782
0,48;-91,72997191;-81,81699711
3,92;-90,07887656;-84,29680622
3,92;-91,72997191;-85,12315621
9,10;-92,55538527;-86,77550041
10,83;-95,03113561;-83,47033234
13,43;-95,03113561;-83,47033234
13,43;-98,33114129;-83,47033234
12,56;-99,15599148;-82,64373063
13,43;-96,68126736;-83,47033234
12,56;-97,50623457;-85,94938629
14,30;-95,03113561;-88,42739663
15,17;-95,85623569;-85,94938629
14,30;-92,55538527;-86,77550041
10,83;-92,55538527;-86,77550041
12,56;-93,38071436;-87,60150253
8,24;-94,20596316;-85,94938629
5,65;-93,38071436;-88,42739663
5,65;-93,38071436;-88,42739663
4,79;-95,85623569;-85,94938629
1,34;-91,72997191;-87,60150253
-5,52;-93,38071436;-86,77550041
-6,37;-92,55538527;-88,42739663
-10,64;-93,38071436;-85,12315621
-13,20;-92,55538527;-86,77550041
-16,60;-93,38071436;-85,94938629
-20,84;-95,03113561;-85,12315621
-25,07;-93,38071436;-85,12315621
-30,98;-95,03113561;-84,29680622
-30,98;-94,20596316;-85,94938629
-36,03;-94,20596316;-81,81699711
-40,22;-92,55538527;-85,12315621
-46,09;-93,38071436;-83,47033234
-50,26;-93,38071436;-81,81699711
-57,77;-91,72997191;-81,81699711
-64,42;-91,72997191;-81,81699711
-65,25;-92,55538527;-87,60150253
-70,23;-95,03113561;-85,12315621
-74,37;-91,72997191;-87,60150253
-80,16;-92,55538527;-86,77550041
-82,64;-91,72997191;-87,60150253
-89,25;-91,72997191;-86,77550041
-97,51;-90,90447033;-85,94938629
-100,81;-92,55538527;-85,94938629
-106,58;-95,03113561;-85,12315621
-111,52;-92,55538527;-85,94938629
-117,30;-94,20596316;-85,94938629
-120,60;-95,03113561;-86,77550041
-128,02;-95,85623569;-84,29680622
-133,80;-94,20596316;-84,29680622
-137,93;-95,03113561;-85,94938629
-142,07;-95,85623569;-85,12315621
-148,69;-94,20596316;-86,77550041
-155,33;-94,20596316;-84,29680622
-157,82;-94,20596316;-85,94938629
-163,65;-94,20596316;-81,81699711
-166,98;-91,72997191;-84,29680622
-171,15;-92,55538527;-85,94938629
-174,49;-95,03113561;-86,77550041
-178,68;-93,38071436;-87,60150253
-185,40;-93,38071436;-87,60150253
-187,08;-95,03113561;-88,42739663
-191,29;-97,50623457;-84,29680622
-193,82;-95,03113561;-85,94938629
-198,05;-95,03113561;-85,12315621
-198,05;-94,20596316;-85,12315621
-201,44;-94,20596316;-85,12315621
-204,84;-95,03113561;-86,77550041
-204,84;-95,03113561;-88,42739663
-206,54;-95,03113561;-85,94938629
-209,09;-91,72997191;-85,12315621
-213,36;-92,55538527;-84,29680622
-212,51;-91,72997191;-85,94938629
-215,07;-91,72997191;-82,64373063
-216,78;-92,55538527;-82,64373063
-218,50;-94,20596316;-84,29680622
-219,36;-95,03113561;-81,81699711
-221,93;-91,72997191;-83,47033234
-222,79;-91,72997191;-82,64373063
-219,36;-88,42739663;-85,94938629
-220,22;-87,60150253;-82,64373063
-220,22;-85,94938629;-85,94938629
-219,36;-87,60150253;-85,12315621
-217,64;-89,25318665;-84,29680622
-217,64;-87,60150253;-85,12315621
-219,36;-88,42739663;-86,77550041
-215,07;-89,25318665;-88,42739663
-213,36;-90,90447033;-85,12315621
-210,80;-89,25318665;-85,94938629
-209,09;-90,90447033;-85,12315621
-207,39;-91,72997191;-83,47033234
-209,09;-92,55538527;-82,64373063
-210,80;-93,38071436;-84,29680622
-208,24;-92,55538527;-87,60150253
-206,54;-93,38071436;-83,47033234
-204,84;-90,07887656;-84,29680622
-204,84;-91,72997191;-85,12315621
-200,59;-90,90447033;-86,77550041
-199,74;-90,90447033;-85,12315621
-196,36;-89,25318665;-85,94938629
-193,82;-89,25318665;-85,94938629
-190,45;-91,72997191;-80,99012782
-189,60;-90,90447033;-82,64373063
-188,76;-93,38071436;-82,64373063
-182,88;-92,55538527;-85,12315621
-180,36;-92,55538527;-81,81699711
-177,84;-90,07887656;-82,64373063
-174,49;-91,72997191;-83,47033234
-171,99;-92,55538527;-84,29680622
-168,65;-90,90447033;-85,94938629
-166,98;-90,90447033;-85,94938629
-160,32;-90,07887656;-87,60150253
-157,82;-91,72997191;-83,47033234
-153,67;-88,42739663;-84,29680622
-152,01;-90,90447033;-85,94938629
-147,04;-92,55538527;-85,12315621
-145,38;-90,90447033;-82,64373063
-141,24;-90,90447033;-84,29680622
-136,28;-91,72997191;-87,60150253
-133,80;-94,20596316;-84,29680622
-132,15;-93,38071436;-85,12315621
-131,32;-95,03113561;-84,29680622
-125,55;-95,03113561;-84,29680622
-123,89;-94,20596316;-80,99012782
-121,42;-93,38071436;-82,64373063
-117,30;-93,38071436;-84,29680622
-115,65;-95,85623569;-81,81699711
-114,82;-93,38071436;-83,47033234
-115,65;-94,20596316;-81,81699711
-109,88;-94,20596316;-81,81699711
-108,23;-93,38071436;-79,33596611
-104,93;-92,55538527;-81,81699711
-102,45;-94,20596316;-84,29680622
-98,33;-95,85623569;-80,99012782
-99,98;-93,38071436;-81,81699711
-102,45;-93,38071436;-83,47033234
-98,33;-92,55538527;-85,94938629
-95,86;-93,38071436;-83,47033234
-91,73;-90,07887656;-84,29680622
-90,90;-92,55538527;-83,47033234
-87,60;-92,55538527;-83,47033234
-86,78;-92,55538527;-83,47033234
-87,60;-93,38071436;-84,29680622
-85,12;-93,38071436;-85,94938629
-84,30;-95,03113561;-82,64373063
-84,30;-92,55538527;-83,47033234
-84,30;-93,38071436;-82,64373063
-81,82;-90,90447033;-84,29680622
-81,82;-90,90447033;-81,81699711
-80,16;-89,25318665;-81,81699711
-78,51;-90,07887656;-85,12315621
-77,68;-93,38071436;-82,64373063
-78,51;-90,90447033;-82,64373063
-79,34;-93,38071436;-81,81699711
-76,85;-93,38071436;-82,64373063
-77,68;-94,20596316;-80,99012782
-77,68;-93,38071436;-81,81699711
-76,03;-94,20596316;-81,81699711
-72,71;-95,03113561;-83,47033234
-73,54;-91,72997191;-84,29680622
-77,68;-91,72997191;-83,47033234
-77,68;-92,55538527;-85,12315621
-80,16;-93,38071436;-82,64373063
-80,16;-91,72997191;-85,12315621
-82,64;-92,55538527;-84,29680622
-80,16;-92,55538527;-82,64373063
-80,99;-90,90447033;-84,29680622
-82,64;-94,20596316;-84,29680622
-82,64;-94,20596316;-85,12315621
-84,30;-96,68126736;-81,81699711
-86,78;-92,55538527;-83,47033234
-90,08;-94,20596316;-81,81699711
-88,43;-93,38071436;-81,81699711
-90,90;-92,55538527;-82,64373063
-93,38;-89,25318665;-84,29680622
-94,21;-89,25318665;-85,12315621
-96,68;-91,72997191;-81,81699711
-99,98;-87,60150253;-85,12315621
-102,45;-89,25318665;-82,64373063
-101,63;-89,25318665;-83,47033234
-104,93;-89,25318665;-81,81699711
-106,58;-89,25318665;-83,47033234
-108,23;-90,07887656;-85,12315621
-109,88;-91,72997191;-83,47033234
-112,35;-89,25318665;-84,29680622
-116,47;-90,90447033;-84,29680622
-116,47;-89,25318665;-85,12315621
-120,60;-90,07887656;-81,81699711
-123,07;-88,42739663;-82,64373063
-127,20;-90,07887656;-82,64373063
-128,02;-93,38071436;-83,47033234
-128,85;-91,72997191;-84,29680622
-132,15;-91,72997191;-83,47033234
-132,98;-91,72997191;-86,77550041
-134,63;-94,20596316;-82,64373063
-137,93;-90,07887656;-84,29680622
-141,24;-90,07887656;-85,12315621
-141,24;-90,90447033;-85,94938629
-144,55;-89,25318665;-85,94938629
-145,38;-88,42739663;-85,94938629
-146,21;-89,25318665;-88,42739663
-146,21;-91,72997191;-85,94938629
-147,86;-88,42739663;-85,94938629
-151,18;-90,90447033;-86,77550041
-150,35;-92,55538527;-88,42739663
-152,84;-92,55538527;-86,77550041
-154,50;-92,55538527;-87,60150253
-156,99;-93,38071436;-87,60150253
-156,99;-95,03113561;-84,29680622
-158,65;-91,72997191;-84,29680622
-161,15;-92,55538527;-84,29680622
-159,48;-92,55538527;-85,12315621
-161,15;-92,55538527;-83,47033234
-161,98;-89,25318665;-85,94938629
-162,81;-90,07887656;-85,94938629
-161,15;-91,72997191;-84,29680622
-163,65;-90,07887656;-84,29680622
-164,48;-91,72997191;-85,12315621
-164,48;-91,72997191;-86,77550041
-166,15;-94,20596316;-84,29680622
-166,98;-90,07887656;-85,94938629
-168,65;-89,25318665;-85,94938629
-166,98;-89,25318665;-85,12315621
-168,65;-88,42739663;-85,12315621
-168,65;-89,25318665;-86,77550041
-166,98;-90,90447033;-90,07887656
-165,31;-93,38071436;-86,77550041
-163,65;-90,90447033;-87,60150253
-164,48;-92,55538527;-85,94938629
-161,15;-92,55538527;-85,94938629
-161,98;-91,72997191;-84,29680622
-160,32;-90,90447033;-85,12315621
-159,48;-92,55538527;-85,94938629
-156,99;-94,20596316;-82,64373063
-158,65;-91,72997191;-84,29680622
-160,32;-92,55538527;-85,94938629
-156,99;-90,90447033;-85,12315621
-156,99;-90,90447033;-82,64373063
-158,65;-89,25318665;-83,47033234
-159,48;-90,07887656;-84,29680622
-156,99;-91,72997191;-82,64373063
-156,99;-90,90447033;-85,12315621
-156,99;-92,55538527;-85,12315621
-153,67;-93,38071436;-86,77550041
-152,84;-94,20596316;-84,29680622
-152,01;-91,72997191;-85,12315621
-152,01;-92,55538527;-85,94938629
-147,86;-94,20596316;-85,12315621
-150,35;-92,55538527;-84,29680622
-147,86;-90,90447033;-85,12315621
-146,21;-90,90447033;-88,42739663
-145,38;-94,20596316;-84,29680622
-145,38;-90,90447033;-85,12315621
-147,04;-91,72997191;-84,29680622
-142,07;-90,90447033;-85,12315621
-142,07;-90,07887656;-83,47033234
-140,41;-88,42739663;-84,29680622
-140,41;-88,42739663;-85,94938629
-138,76;-91,72997191;-84,29680622
-138,76;-89,25318665;-84,29680622
-138,76;-91,72997191;-83,47033234
-133,80;-92,55538527;-84,29680622
-134,63;-93,38071436;-81,81699711
-132,98;-91,72997191;-81,81699711
-134,63;-92,55538527;-84,29680622
-131,32;-93,38071436;-81,81699711
-132,98;-91,72997191;-82,64373063
-133,80;-95,03113561;-83,47033234
-132,15;-93,38071436;-85,94938629
-130,50;-94,20596316;-85,12315621
-130,50;-92,55538527;-84,29680622
-131,32;-94,20596316;-83,47033234
-128,02;-95,03113561;-81,81699711
-128,02;-92,55538527;-81,81699711
-128,85;-93,38071436;-82,64373063
-127,20;-93,38071436;-86,77550041
-125,55;-95,03113561;-83,47033234
-125,55;-90,90447033;-84,29680622
-128,02;-91,72997191;-84,29680622
-123,89;-90,90447033;-85,12315621
-125,55;-90,90447033;-84,29680622
-124,72;-90,90447033;-85,12315621
-123,89;-91,72997191;-87,60150253
-123,07;-94,20596316;-85,12315621
-125,55;-91,72997191;-85,12315621
-128,85;-90,07887656;-85,12315621
-126,37;-89,25318665;-85,94938629
-127,20;-88,42739663;-85,94938629
-127,20;-90,07887656;-87,60150253
-128,02;-92,55538527;-90,07887656
-125,55;-95,85623569;-85,94938629
-124,72;-92,55538527;-85,94938629
-126,37;-94,20596316;-85,94938629
-123,89;-94,20596316;-85,12315621
-123,07;-95,03113561;-82,64373063
-121,42;-92,55538527;-85,12315621
-122,24;-94,20596316;-85,12315621
-121,42;-95,03113561;-81,81699711
-123,07;-92,55538527;-82,64373063
-122,24;-95,85623569;-83,47033234
-123,07;-95,85623569;-85,12315621
-121,42;-97,50623457;-82,64373063
-123,89;-94,20596316;-87,60150253
-125,55;-93,38071436;-87,60150253
-123,89;-92,55538527;-86,77550041
-123,89;-91,72997191;-86,77550041
-123,89;-91,72997191;-85,94938629
-124,72;-91,72997191;-87,60150253
-123,07;-94,20596316;-85,12315621
-124,72;-92,55538527;-86,77550041
-125,55;-91,72997191;-85,94938629
-122,24;-90,90447033;-86,77550041
-123,89;-90,90447033;-83,47033234
-125,55;-92,55538527;-82,64373063
-125,55;-94,20596316;-82,64373063
-122,24;-95,03113561;-80,16311881
-123,89;-91,72997191;-81,81699711
-124,72;-92,55538527;-82,64373063
-123,07;-91,72997191;-84,29680622
-123,89;-92,55538527;-82,64373063
-123,07;-89,25318665;-83,47033234
-126,37;-90,90447033;-85,12315621
-125,55;-91,72997191;-82,64373063
-127,20;-90,90447033;-84,29680622
-128,02;-90,90447033;-84,29680622
-127,20;-90,90447033;-85,12315621
-128,85;-91,72997191;-81,81699711
-130,50;-89,25318665;-84,29680622
-132,15;-90,07887656;-85,12315621
-128,02;-92,55538527;-85,12315621
-128,85;-92,55538527;-84,29680622
-128,02;-93,38071436;-85,94938629
-128,02;-95,03113561;-88,42739663
-128,02;-95,85623569;-83,47033234
-129,67;-92,55538527;-84,29680622
-131,32;-92,55538527;-82,64373063
-128,85;-92,55538527;-83,47033234
-130,50;-94,20596316;-82,64373063
-131,32;-93,38071436;-85,12315621
-132,15;-95,85623569;-88,42739663
-130,50;-96,68126736;-84,29680622
-130,50;-91,72997191;-85,12315621
-133,80;-91,72997191;-83,47033234
-131,32;-90,07887656;-83,47033234
-131,32;-90,90447033;-80,99012782
-132,15;-90,07887656;-82,64373063
-132,98;-90,07887656;-83,47033234
-128,85;-90,07887656;-82,64373063
-131,32;-88,42739663;-85,12315621
-132,98;-90,07887656;-84,29680622
-132,15;-90,07887656;-86,77550041
-132,15;-92,55538527;-82,64373063
-132,98;-90,07887656;-84,29680622
-134,63;-91,72997191;-82,64373063
-132,15;-93,38071436;-80,99012782
-132,98;-93,38071436;-81,81699711
-132,15;-92,55538527;-84,29680622
-132,98;-94,20596316;-86,77550041
-130,50;-97,50623457;-85,12315621
-132,15;-94,20596316;-86,77550041
-133,80;-95,03113561;-85,94938629
-131,32;-94,20596316;-85,94938629
-132,15;-95,03113561;-85,12315621
-132,15;-94,20596316;-85,94938629
-133,80;-95,03113561;-90,07887656
-132,15;-95,85623569;-88,42739663
-132,98;-92,55538527;-88,42739663
-132,98;-93,38071436;-86,77550041
-132,15;-92,55538527;-85,94938629
-132,98;-91,72997191;-82,64373063
-132,98;-90,90447033;-82,64373063
-135,45;-93,38071436;-82,64373063
-132,98;-95,03113561;-80,16311881
-134,63;-90,90447033;-81,81699711
-135,45;-90,90447033;-81,81699711
-134,63;-90,90447033;-84,29680622
-133,80;-92,55538527;-81,81699711
-133,80;-90,90447033;-83,47033234
-137,11;-93,38071436;-86,77550041
-132,98;-94,20596316;-85,12315621
-133,80;-93,38071436;-86,77550041
-132,98;-95,03113561;-86,77550041
-132,98;-94,20596316;-88,42739663
-132,15;-97,50623457;-85,12315621
-132,98;-93,38071436;-85,12315621
-134,63;-95,03113561;-85,12315621
-131,32;-94,20596316;-84,29680622
-132,15;-92,55538527;-82,64373063
-132,15;-90,90447033;-83,47033234
-132,98;-90,07887656;-85,94938629
-130,50;-93,38071436;-83,47033234
-132,15;-90,90447033;-82,64373063
-132,98;-91,72997191;-82,64373063
-129,67;-90,90447033;-82,64373063
-128,85;-92,55538527;-81,81699711
-128,02;-91,72997191;-84,29680622
-131,32;-94,20596316;-87,60150253
-128,85;-97,50623457;-85,12315621
-131,32;-95,85623569;-87,60150253
-131,32;-96,68126736;-87,60150253
-128,85;-95,03113561;-88,42739663
-127,20;-94,20596316;-86,77550041
-129,67;-91,72997191;-86,77550041
-132,98;-91,72997191;-86,77550041
-132,98;-92,55538527;-85,12315621
-136,28;-90,07887656;-85,12315621
-135,45;-92,55538527;-84,29680622
-134,63;-95,03113561;-85,94938629
-132,15;-99,9807891;-83,47033234
-132,15;-96,68126736;-84,29680622
-134,63;-95,03113561;-84,29680622
-132,15;-95,03113561;-83,47033234
-133,80;-92,55538527;-84,29680622
-132,15;-92,55538527;-84,29680622
-134,63;-90,90447033;-85,94938629
-132,15;-92,55538527;-80,99012782
-133,80;-90,07887656;-81,81699711
-135,45;-90,07887656;-82,64373063
-134,63;-90,90447033;-83,47033234
-134,63;-89,25318665;-84,29680622
-134,63;-88,42739663;-85,94938629
-136,28;-90,07887656;-87,60150253
-132,98;-92,55538527;-84,29680622
-134,63;-90,07887656;-85,12315621
-134,63;-91,72997191;-84,29680622
-132,98;-92,55538527;-85,12315621
-132,15;-95,03113561;-84,29680622
-132,15;-92,55538527;-85,94938629
-133,80;-92,55538527;-88,42739663
-131,32;-94,20596316;-85,94938629
-132,98;-91,72997191;-85,94938629
-132,15;-92,55538527;-85,12315621
-133,80;-91,72997191;-86,77550041
-132,15;-95,03113561;-84,29680622
-134,63;-91,72997191;-86,77550041
-137,93;-93,38071436;-85,94938629
-134,63;-91,72997191;-81,81699711
-135,45;-90,90447033;-81,81699711
-135,45;-90,90447033;-81,81699711
-135,45;-91,72997191;-84,29680622
-132,98;-95,03113561;-81,81699711
-133,80;-91,72997191;-84,29680622
-134,63;-92,55538527;-83,47033234
-132,98;-92,55538527;-83,47033234
-132,98;-93,38071436;-82,64373063
-132,15;-91,72997191;-84,29680622
-133,80;-93,38071436;-85,94938629
-132,15;-95,03113561;-82,64373063
-134,63;-92,55538527;-84,29680622
-134,63;-93,38071436;-83,47033234
-133,80;-93,38071436;-85,12315621
-134,63;-94,20596316;-85,12315621
-137,93;-90,90447033;-86,77550041
-138,76;-93,38071436;-88,42739663
-134,63;-95,03113561;-84,29680622
-134,63;-93,38071436;-83,47033234
-132,98;-95,03113561;-85,12315621
-132,98;-95,03113561;-85,12315621
-130,50;-95,03113561;-82,64373063
-131,32;-91,72997191;-83,47033234
-132,15;-90,90447033;-84,29680622
-128,85;-90,07887656;-80,99012782
-129,67;-90,90447033;-84,29680622
-130,50;-92,55538527;-85,12315621
-132,15;-95,03113561;-86,77550041
-128,85;-97,50623457;-83,47033234
-130,50;-93,38071436;-84,29680622
-132,15;-94,20596316;-83,47033234
-130,50;-94,20596316;-83,47033234
-130,50;-93,38071436;-83,47033234
-131,32;-91,72997191;-85,94938629
-134,63;-91,72997191;-89,25318665
-134,63;-93,38071436;-87,60150253
-135,45;-90,07887656;-89,25318665
-134,63;-90,90447033;-89,25318665
-133,80;-89,25318665;-88,42739663
-132,15;-90,90447033;-88,42739663
-131,32;-89,25318665;-87,60150253
-133,80;-90,90447033;-88,42739663
-129,67;-92,55538527;-84,29680622
-132,98;-90,90447033;-83,47033234
-133,80;-90,07887656;-81,81699711
-136,28;-90,07887656;-81,81699711
-133,80;-91,72997191;-80,16311881
-133,80;-89,25318665;-81,81699711
-135,45;-91,72997191;-85,94938629
-132,15;-90,90447033;-81,81699711
-132,98;-89,25318665;-81,81699711
-132,98;-88,42739663;-80,16311881
-134,63;-87,60150253;-82,64373063
-132,15;-90,07887656;-81,81699711
-132,98;-88,42739663;-84,29680622
-132,98;-90,90447033;-85,12315621
-132,15;-90,07887656;-83,47033234
-133,80;-90,90447033;-83,47033234
-134,63;-90,90447033;-84,29680622
-137,11;-90,90447033;-88,42739663
-133,80;-92,55538527;-86,77550041
-134,63;-88,42739663;-88,42739663
-133,80;-90,07887656;-85,94938629
-133,80;-89,25318665;-84,29680622
-134,63;-90,07887656;-82,64373063
-136,28;-89,25318665;-82,64373063
-139,59;-90,90447033;-81,81699711
-135,45;-92,55538527;-79,33596611
-136,28;-90,90447033;-82,64373063
-132,98;-92,55538527;-82,64373063
-132,15;-91,72997191;-83,47033234
-130,50;-93,38071436;-81,81699711
-132,15;-90,90447033;-83,47033234
-134,63;-92,55538527;-84,29680622
-132,15;-92,55538527;-80,16311881
-132,15;-90,07887656;-82,64373063
-130,50;-90,07887656;-84,29680622
-131,32;-91,72997191;-84,29680622
-130,50;-95,03113561;-80,99012782
-132,15;-91,72997191;-81,81699711
-132,98;-92,55538527;-84,29680622
-132,15;-92,55538527;-83,47033234
-133,80;-91,72997191;-84,29680622
-134,63;-91,72997191;-84,29680622
-136,28;-90,90447033;-86,77550041
-133,80;-92,55538527;-84,29680622
-133,80;-91,72997191;-85,94938629
-132,98;-94,20596316;-85,94938629
-131,32;-92,55538527;-85,12315621
-130,50;-92,55538527;-85,12315621
-133,80;-92,55538527;-85,94938629
-135,45;-93,38071436;-88,42739663
-131,32;-95,03113561;-84,29680622
-132,15;-92,55538527;-85,12315621
-130,50;-93,38071436;-85,94938629
-132,15;-95,03113561;-85,94938629
-131,32;-95,85623569;-85,12315621
-133,80;-93,38071436;-86,77550041
-134,63;-95,03113561;-88,42739663
-131,32;-94,20596316;-85,12315621
-131,32;-91,72997191;-85,94938629
-129,67;-92,55538527;-85,12315621
-130,50;-92,55538527;-85,94938629
-128,85;-95,03113561;-83,47033234
-132,15;-93,38071436;-85,12315621
-133,80;-94,20596316;-85,94938629
-132,98;-93,38071436;-85,12315621
-132,98;-93,38071436;-86,77550041
-132,15;-93,38071436;-85,94938629
-133,80;-92,55538527;-88,42739663
-131,32;-95,03113561;-85,94938629
-132,15;-92,55538527;-87,60150253
-133,80;-95,03113561;-87,60150253
-134,63;-93,38071436;-86,77550041
-133,80;-91,72997191;-86,77550041
-134,63;-91,72997191;-88,42739663
-136,28;-92,55538527;-89,25318665
-132,98;-94,20596316;-84,29680622
-133,80;-91,72997191;-85,12315621
-132,98;-90,90447033;-84,29680622
-132,98;-90,90447033;-83,47033234
-130,50;-92,55538527;-81,81699711
-132,98;-91,72997191;-81,81699711
-134,63;-92,55538527;-83,47033234
-132,98;-92,55538527;-81,81699711
-134,63;-89,25318665;-83,47033234
-134,63;-91,72997191;-82,64373063
-133,80;-90,90447033;-82,64373063
-131,32;-92,55538527;-82,64373063
-132,15;-90,90447033;-84,29680622
-132,15;-91,72997191;-85,94938629
-130,50;-90,90447033;-83,47033234
-131,32;-89,25318665;-85,12315621
-132,15;-90,07887656;-85,12315621
-134,63;-90,07887656;-85,94938629
-132,15;-92,55538527;-84,29680622
-133,80;-89,25318665;-85,12315621
-134,63;-90,90447033;-85,12315621
-134,63;-90,07887656;-82,64373063
-134,63;-89,25318665;-84,29680622
-137,11;-88,42739663;-85,12315621
-138,76;-90,90447033;-88,42739663
-134,63;-95,85623569;-85,12315621
-135,45;-92,55538527;-85,94938629
-133,80;-94,20596316;-85,94938629
-135,45;-93,38071436;-85,12315621
-133,80;-92,55538527;-85,12315621
-136,28;-90,07887656;-84,29680622
-135,45;-91,72997191;-85,94938629
-132,15;-94,20596316;-81,81699711
-132,15;-90,90447033;-81,81699711
-129,67;-90,90447033;-81,81699711
-132,15;-90,07887656;-83,47033234
-128,85;-92,55538527;-82,64373063
-132,15;-90,90447033;-84,29680622
-134,63;-92,55538527;-87,60150253
-132,98;-95,03113561;-87,60150253
-133,80;-92,55538527;-88,42739663
-133,80;-92,55538527;-87,60150253
-134,63;-92,55538527;-87,60150253
-131,32;-93,38071436;-85,12315621
-131,32;-89,25318665;-86,77550041
-132,15;-90,07887656;-85,94938629
-132,15;-88,42739663;-81,81699711
-132,98;-87,60150253;-81,81699711
-132,98;-86,77550041;-82,64373063
-135,45;-88,42739663;-85,94938629
-132,98;-90,90447033;-83,47033234
-133,80;-90,07887656;-85,12315621
-133,80;-90,90447033;-84,29680622
-134,63;-89,25318665;-83,47033234
-133,80;-90,07887656;-83,47033234
-133,80;-89,25318665;-83,47033234
-134,63;-91,72997191;-84,29680622
-132,15;-94,20596316;-80,16311881
-131,32;-90,07887656;-82,64373063
-132,15;-90,90447033;-82,64373063
-134,63;-90,90447033;-84,29680622
-133,80;-91,72997191;-83,47033234
-134,63;-89,25318665;-85,12315621
-134,63;-90,90447033;-85,12315621
-132,98;-92,55538527;-80,16311881
-132,15;-92,55538527;-81,81699711
-132,15;-94,20596316;-81,81699711
-134,63;-94,20596316;-84,29680622
-132,15;-95,03113561;-81,81699711
-132,98;-90,90447033;-83,47033234
-133,80;-90,90447033;-85,94938629
-134,63;-90,07887656;-83,47033234
-132,15;-90,90447033;-84,29680622
-132,15;-92,55538527;-85,12315621
-134,63;-92,55538527;-86,77550041
-132,15;-93,38071436;-84,29680622
-132,15;-89,25318665;-85,94938629
-131,32;-91,72997191;-85,94938629
-132,15;-92,55538527;-85,12315621
-132,15;-92,55538527;-85,94938629
-132,98;-90,07887656;-85,12315621
-134,63;-91,72997191;-85,94938629
-132,15;-92,55538527;-81,81699711
-132,98;-91,72997191;-81,81699711
-132,15;-92,55538527;-82,64373063
-133,80;-91,72997191;-83,47033234
-132,15;-93,38071436;-83,47033234
-132,98;-91,72997191;-83,47033234
-132,98;-93,38071436;-85,94938629
-132,15;-95,03113561;-82,64373063
-131,32;-91,72997191;-81,81699711
-133,80;-90,90447033;-81,81699711
-135,45;-91,72997191;-81,81699711
-132,15;-92,55538527;-80,99012782
-134,63;-89,25318665;-81,81699711
-132,98;-88,42739663;-84,29680622
-132,15;-89,25318665;-81,81699711
-132,15;-86,77550041;-81,81699711
-131,32;-85,12315621;-83,47033234
-132,98;-83,47033234;-85,94938629
-129,67;-81,81699711;-84,29680622
-130,50;-75,19790861;-84,29680622
-130,50;-72,71309629;-84,29680622
-131,32;-66,90873893;-85,12315621
-130,50;-63,58749475;-85,94938629
-132,15;-56,10126798;-85,12315621
-134,63;-49,42935049;-85,94938629
-132,15;-41,90113625;-81,81699711
-132,98;-32,66384256;-83,47033234
-133,80;-25,91802905;-81,81699711
-135,45;-14,90041629;-81,81699711
-134,63;-4,662604025;-80,99012782
-135,45;9,101051572;-83,47033234
-134,63;20,38952082;-87,60150253
-133,80;33,54441209;-81,81699711
-133,80;48,63748996;-82,64373063
-133,80;61,22722026;-81,81699711
-134,63;75,80748955;-82,64373063
-131,32;88,74543284;-83,47033234
-133,80;108,4924625;-85,94938629
-132,98;121,8997458;-88,42739663
-132,15;137,4761653;-85,94938629
-133,80;154,3401616;-86,77550041
-134,63;171,5468078;-85,12315621
-137,93;189,1155681;-86,77550041
-132,98;204,9336633;-84,29680622
-132,15;227,6035439;-85,94938629
-131,32;243,0729591;-87,60150253
-133,80;262,2583994;-85,12315621
-132,15;280,7335818;-83,47033234
-131,32;298,4371901;-83,47033234
-132,15;314,0908011;-84,29680622
-130,50;330,0418688;-81,81699711
-132,15;351,3642631;-82,64373063
-133,80;365,449245;-82,64373063
-134,63;385,0319625;-80,99012782
-133,80;399,6752868;-81,81699711
-133,80;421,4136104;-83,47033234
-133,80;435,2705932;-85,94938629
-132,98;449,3404306;-80,99012782
-133,80;470,8529554;-82,64373063
-133,80;484,0001944;-82,64373063
-134,63;498,8233716;-83,47033234
-130,50;512,361013;-83,47033234
-132,98;532,2505479;-85,94938629
-132,98;541,5660377;-88,42739663
-132,98;546,2563153;-84,29680622
-132,15;550,9684241;-85,12315621
-132,15;552,5439969;-85,94938629
-133,80;550,9684241;-85,94938629
-131,32;547,8245873;-85,12315621
-132,98;549,3952889;-85,94938629
-133,80;546,2563153;-87,60150253
-134,63;544,6904691;-85,94938629
-132,98;544,6904691;-85,94938629
-132,98;546,2563153;-85,12315621
-136,28;543,1270445;-85,94938629
-133,80;536,8974842;-83,47033234
-135,45;540,0074447;-85,94938629
-135,45;538,4512615;-87,60150253
-137,11;540,0074447;-85,12315621
-133,80;540,0074447;-85,94938629
-135,45;546,2563153;-85,94938629
-137,11;547,8245873;-87,60150253
-134,63;547,8245873;-83,47033234
-135,45;557,2853802;-85,12315621
-134,63;558,8707428;-84,29680622
-134,63;562,0488442;-84,29680622
-132,15;560,4585628;-81,81699711
-132,98;565,2368068;-82,64373063
-132,98;560,4585628;-85,12315621
-132,98;557,2853802;-82,64373063
-132,98;555,7024709;-83,47033234
-135,45;555,7024709;-82,64373063
-137,11;552,5439969;-83,47033234
-132,98;547,8245873;-80,16311881
-132,98;552,5439969;-80,99012782
-131,32;547,8245873;-82,64373063
-130,50;543,1270445;-80,16311881
-128,85;541,5660377;-82,64373063
-129,67;540,0074447;-82,64373063
-131,32;535,3461088;-85,94938629
-130,50;532,2505479;-84,29680622
-131,32;536,8974842;-84,29680622
-132,98;533,7971314;-84,29680622
-134,63;533,7971314;-81,81699711
-132,98;529,1645471;-83,47033234
-134,63;532,2505479;-81,81699711
-134,63;529,1645471;-84,29680622
-134,63;529,1645471;-81,81699711
-135,45;532,2505479;-84,29680622
-134,63;529,1645471;-83,47033234
-137,11;529,1645471;-82,64373063
-134,63;526,0880747;-81,81699711
-134,63;526,0880747;-81,81699711
-135,45;524,5534017;-84,29680622
-134,63;521,4911625;-80,99012782
-136,28;521,4911625;-81,81699711
-135,45;519,9635883;-81,81699711
-135,45;523,021099;-81,81699711
-132,15;518,4383724;-80,16311881
-132,15;519,9635883;-80,16311881
-132,15;513,8768352;-82,64373063
-132,15;512,361013;-80,16311881
-132,15;510,8475294;-82,64373063
-132,98;507,8275618;-82,64373063
-134,63;501,8155146;-84,29680622
-130,50;495,84044;-83,47033234
-132,15;497,3307563;-85,12315621
-132,15;492,8666882;-87,60150253
-132,15;488,4232032;-85,94938629
-129,67;484,0001944;-87,60150253
-130,50;482,5303899;-85,12315621
-131,32;481,0628447;-85,94938629
-132,15;478,1345163;-82,64373063
-132,98;481,0628447;-84,29680622
-133,80;475,2151775;-85,12315621
-134,63;473,7588693;-84,29680622
-130,50;467,955952;-85,12315621
-131,32;467,955952;-84,29680622
-130,50;457,8861513;-85,94938629
-130,50;452,1802892;-81,81699711
-129,67;452,1802892;-81,81699711
-131,32;449,3404306;-81,81699711
-134,63;447,9237555;-81,81699711
-130,50;442,2786575;-81,81699711
-131,32;446,5092446;-85,12315621
-132,15;440,8727637;-87,60150253
-132,15;442,2786575;-85,12315621
-132,15;445,0968939;-85,94938629
-132,15;443,6866995;-86,77550041
-135,45;440,8727637;-88,42739663
-132,15;438,0674055;-88,42739663
-132,98;440,8727637;-89,25318665
-132,15;439,4690144;-89,25318665
-134,63;438,0674055;-85,94938629
-131,32;440,8727637;-86,77550041
-132,15;443,6866995;-86,77550041
-132,98;442,2786575;-87,60150253
-132,15;438,0674055;-84,29680622
-130,50;440,8727637;-85,94938629
-129,67;440,8727637;-86,77550041
-130,50;442,2786575;-86,77550041
-127,20;443,6866995;-86,77550041
-128,85;452,1802892;-86,77550041
-128,85;455,0288523;-87,60150253
-130,50;455,0288523;-84,29680622
-132,15;460,7522181;-85,12315621
-132,98;462,1885493;-84,29680622
-134,63;465,0678272;-84,29680622
-132,98;467,955952;-84,29680622
-136,28;475,2151775;-85,94938629
-134,63;476,6737252;-87,60150253
-135,45;481,0628447;-84,29680622
-132,15;488,4232032;-85,94938629
-132,98;494,3524186;-85,94938629
-133,80;498,8233716;-85,12315621
-130,50;503,3150503;-83,47033234
-131,32;515,3949999;-84,29680622
-132,15;523,021099;-86,77550041
-134,63;529,1645471;-83,47033234
-132,98;536,8974842;-85,12315621
-134,63;543,1270445;-84,29680622
-137,11;546,2563153;-84,29680622
-136,28;549,3952889;-83,47033234
-136,28;560,4585628;-85,94938629
-134,63;565,2368068;-87,60150253
-137,93;568,4346622;-86,77550041
-134,63;568,4346622;-86,77550041
-136,28;568,4346622;-86,77550041
-136,28;562,0488442;-88,42739663
-135,45;555,7024709;-85,94938629
-134,63;558,8707428;-86,77550041
-135,45;555,7024709;-86,77550041
-137,93;557,2853802;-86,77550041
-136,28;554,1220112;-86,77550041
-137,93;558,8707428;-85,94938629
-137,11;554,1220112;-86,77550041
-136,28;554,1220112;-82,64373063
-133,80;558,8707428;-84,29680622
-132,98;560,4585628;-84,29680622
-132,98;562,0488442;-84,29680622
-129,67;558,8707428;-83,47033234
-130,50;563,6415909;-84,29680622
-132,98;560,4585628;-86,77550041
-134,63;558,8707428;-83,47033234
-132,15;558,8707428;-85,12315621
-132,98;562,0488442;-85,94938629
-133,80;562,0488442;-87,60150253
-130,50;557,2853802;-85,94938629
-131,32;565,2368068;-85,12315621
-130,50;560,4585628;-85,12315621
-133,80;557,2853802;-83,47033234
-132,15;555,7024709;-85,12315621
-132,98;560,4585628;-84,29680622
-132,98;554,1220112;-85,12315621
-133,80;550,9684241;-81,81699711
-133,80;550,9684241;-84,29680622
-134,63;544,6904691;-82,64373063
-134,63;543,1270445;-80,99012782
-130,50;538,4512615;-81,81699711
-130,50;540,0074447;-83,47033234
-129,67;535,3461088;-85,94938629
-130,50;530,7063545;-81,81699711
-130,50;529,1645471;-81,81699711
-131,32;526,0880747;-81,81699711
-133,80;521,4911625;-81,81699711
-131,32;518,4383724;-81,81699711
-132,98;521,4911625;-83,47033234
-132,15;515,3949999;-85,12315621
-132,98;512,361013;-81,81699711
-131,32;509,3363803;-82,64373063
-131,32;507,8275618;-83,47033234
-132,98;507,8275618;-83,47033234
-130,50;501,8155146;-80,99012782
-131,32;504,8169008;-80,99012782
-133,80;500,3182897;-83,47033234
-135,45;501,8155146;-82,64373063
-132,98;500,3182897;-84,29680622
-133,80;501,8155146;-83,47033234
-133,80;500,3182897;-85,12315621
-132,98;495,84044;-83,47033234
-131,32;497,3307563;-84,29680622
-132,98;495,84044;-85,12315621
-135,45;491,3832448;-84,29680622
-132,15;486,9465971;-84,29680622
-133,80;486,9465971;-85,94938629
-133,80;482,5303899;-86,77550041
-134,63;481,0628447;-83,47033234
-134,63;485,4722621;-85,94938629
-135,45;485,4722621;-84,29680622
-137,11;485,4722621;-82,64373063
-134,63;482,5303899;-82,64373063
-135,45;488,4232032;-81,81699711
-134,63;489,9020844;-83,47033234
-134,63;488,4232032;-79,33596611
-131,32;488,4232032;-80,99012782
-132,98;486,9465971;-81,81699711
-133,80;486,9465971;-82,64373063
-132,15;484,0001944;-82,64373063
-132,98;491,3832448;-85,12315621
-133,80;489,9020844;-86,77550041
-137,11;495,84044;-83,47033234
-134,63;498,8233716;-85,94938629
-134,63;500,3182897;-85,12315621
-133,80;498,8233716;-86,77550041
-132,15;497,3307563;-85,12315621
-132,15;504,8169008;-86,77550041
-132,98;504,8169008;-86,77550041
-135,45;510,8475294;-85,94938629
-132,15;512,361013;-85,94938629
-134,63;521,4911625;-85,94938629
-133,80;523,021099;-86,77550041
-134,63;524,5534017;-83,47033234
-132,15;529,1645471;-85,12315621
-131,32;533,7971314;-85,94938629
-132,98;538,4512615;-84,29680622
-132,15;543,1270445;-85,94938629
-132,98;547,8245873;-86,77550041
-132,98;549,3952889;-89,25318665
-131,32;554,1220112;-85,94938629
-128,85;560,4585628;-85,94938629
-132,15;563,6415909;-85,94938629
-133,80;566,8344959;-83,47033234
-132,15;560,4585628;-81,81699711
-132,15;563,6415909;-81,81699711
-132,98;562,0488442;-85,94938629
-133,80;563,6415909;-83,47033234
-128,85;560,4585628;-84,29680622
-131,32;557,2853802;-82,64373063
-132,15;554,1220112;-81,81699711
-131,32;547,8245873;-80,99012782
-132,15;552,5439969;-84,29680622
-132,15;550,9684241;-85,12315621
-135,45;549,3952889;-83,47033234
-132,98;546,2563153;-85,94938629
-133,80;550,9684241;-85,12315621
-134,63;550,9684241;-86,77550041
-133,80;550,9684241;-84,29680622
-132,15;554,1220112;-85,12315621
-132,15;552,5439969;-84,29680622
-132,15;554,1220112;-82,64373063
-129,67;550,9684241;-82,64373063
-129,67;554,1220112;-81,81699711
-130,50;552,5439969;-85,12315621
-132,98;549,3952889;-83,47033234
-130,50;552,5439969;-85,12315621
-130,50;554,1220112;-85,12315621
-132,15;554,1220112;-83,47033234
-130,50;550,9684241;-81,81699711
-131,32;558,8707428;-84,29680622
-131,32;555,7024709;-86,77550041
-132,15;555,7024709;-83,47033234
-130,50;558,8707428;-83,47033234
-133,80;555,7024709;-82,64373063
-134,63;552,5439969;-84,29680622
-133,80;544,6904691;-83,47033234
-132,98;544,6904691;-86,77550041
-133,80;538,4512615;-86,77550041
-137,11;538,4512615;-82,64373063
-135,45;536,8974842;-84,29680622
-135,45;538,4512615;-85,12315621
-133,80;538,4512615;-87,60150253
-133,80;535,3461088;-85,94938629
-132,15;538,4512615;-86,77550041
-134,63;535,3461088;-85,94938629
-134,63;536,8974842;-83,47033234
-132,15;532,2505479;-83,47033234
-132,15;535,3461088;-81,81699711
-132,98;530,7063545;-84,29680622
-134,63;529,1645471;-81,81699711
-132,15;532,2505479;-81,81699711
-132,98;532,2505479;-81,81699711
-133,80;527,6251218;-79,33596611
-132,15;523,021099;-79,33596611
-132,15;527,6251218;-80,99012782
-132,98;524,5534017;-84,29680622
-134,63;524,5534017;-81,81699711
-133,80;523,021099;-85,12315621
-134,63;523,021099;-83,47033234
-133,80;523,021099;-84,29680622
-133,80;521,4911625;-83,47033234
-134,63;527,6251218;-83,47033234
-135,45;529,1645471;-85,12315621
-138,76;532,2505479;-81,81699711
-134,63;533,7971314;-83,47033234
-134,63;536,8974842;-85,12315621
-134,63;536,8974842;-86,77550041
-134,63;535,3461088;-83,47033234
-132,98;541,5660377;-85,94938629
-134,63;540,0074447;-86,77550041
-136,28;541,5660377;-85,12315621
-132,15;540,0074447;-85,94938629
-132,15;543,1270445;-85,12315621
-129,67;543,1270445;-86,77550041
-131,32;543,1270445;-84,29680622
-132,15;546,2563153;-84,29680622
-136,28;544,6904691;-85,94938629
-137,11;546,2563153;-84,29680622
-136,28;543,1270445;-85,12315621
-137,11;547,8245873;-85,94938629
-134,63;546,2563153;-88,42739663
-134,63;549,3952889;-84,29680622
-131,32;554,1220112;-85,12315621
-132,98;560,4585628;-84,29680622
-134,63;558,8707428;-83,47033234
-134,63;554,1220112;-82,64373063
-132,15;560,4585628;-84,29680622
-132,15;558,8707428;-86,77550041
-134,63;563,6415909;-85,12315621
-132,98;562,0488442;-85,94938629
-133,80;565,2368068;-84,29680622
-132,15;562,0488442;-84,29680622
-132,15;558,8707428;-81,81699711
-132,15;558,8707428;-83,47033234
-134,63;557,2853802;-85,94938629
-137,93;557,2853802;-83,47033234
-135,45;557,2853802;-83,47033234
-135,45;558,8707428;-83,47033234
-134,63;557,2853802;-84,29680622
-135,45;557,2853802;-82,64373063
-132,98;560,4585628;-85,12315621
-134,63;558,8707428;-87,60150253
-136,28;557,2853802;-85,94938629
-133,80;555,7024709;-85,94938629
-134,63;558,8707428;-86,77550041
-134,63;558,8707428;-89,25318665
-134,63;558,8707428;-85,94938629
-132,15;558,8707428;-86,77550041
-132,15;557,2853802;-86,77550041
-132,15;557,2853802;-85,94938629
-132,15;552,5439969;-85,94938629
-132,98;558,8707428;-86,77550041
-132,15;558,8707428;-90,07887656
-134,63;560,4585628;-85,94938629
-132,15;562,0488442;-85,12315621
-134,63;566,8344959;-83,47033234
-133,80;565,2368068;-84,29680622
-133,80;557,2853802;-81,81699711
-132,98;562,0488442;-84,29680622
-133,80;558,8707428;-85,12315621
-133,80;557,2853802;-82,64373063
-130,50;557,2853802;-85,12315621
-132,15;558,8707428;-85,12315621
-132,15;558,8707428;-85,94938629
-132,15;557,2853802;-85,12315621
-130,50;562,0488442;-86,77550041
-131,32;562,0488442;-88,42739663
-132,15;562,0488442;-87,60150253
-132,15;557,2853802;-88,42739663
-133,80;562,0488442;-86,77550041
-132,98;557,2853802;-86,77550041
-134,63;550,9684241;-83,47033234
-131,32;552,5439969;-85,94938629
-132,98;550,9684241;-85,12315621
-133,80;554,1220112;-83,47033234
-132,15;552,5439969;-85,12315621
-132,15;560,4585628;-84,29680622
-132,98;560,4585628;-85,94938629
-135,45;558,8707428;-82,64373063
-132,98;557,2853802;-85,12315621
-132,98;557,2853802;-85,94938629
-133,80;554,1220112;-85,94938629
-133,80;547,8245873;-85,94938629
-132,98;554,1220112;-85,94938629
-133,80;554,1220112;-87,60150253
-136,28;558,8707428;-84,29680622
-132,98;560,4585628;-84,29680622
-134,63;563,6415909;-82,64373063
-134,63;560,4585628;-85,12315621
-136,28;554,1220112;-83,47033234
-133,80;557,2853802;-84,29680622
-134,63;555,7024709;-83,47033234
-134,63;554,1220112;-80,99012782
-132,15;552,5439969;-83,47033234
-132,15;555,7024709;-84,29680622
-131,32;554,1220112;-85,94938629
-136,28;552,5439969;-81,81699711
-134,63;554,1220112;-83,47033234
-134,63;550,9684241;-83,47033234
-134,63;549,3952889;-83,47033234
-134,63;544,6904691;-84,29680622
-132,98;549,3952889;-85,94938629
-133,80;546,2563153;-88,42739663
-135,45;547,8245873;-85,12315621
-132,98;546,2563153;-87,60150253
-135,45;544,6904691;-85,94938629
-134,63;541,5660377;-85,12315621
-134,63;538,4512615;-82,64373063
-134,63;544,6904691;-82,64373063
-135,45;543,1270445;-85,12315621
-137,93;543,1270445;-81,81699711
-134,63;543,1270445;-82,64373063
-134,63;544,6904691;-82,64373063
-133,80;543,1270445;-81,81699711
-134,63;540,0074447;-80,99012782
-133,80;546,2563153;-80,99012782
-134,63;546,2563153;-84,29680622
-134,63;547,8245873;-81,81699711
-132,15;546,2563153;-84,29680622
-133,80;552,5439969;-84,29680622
-134,63;549,3952889;-85,94938629
-136,28;547,8245873;-83,47033234
-132,98;550,9684241;-83,47033234
-135,45;552,5439969;-83,47033234
-134,63;550,9684241;-81,81699711
-133,80;549,3952889;-81,81699711
-134,63;555,7024709;-83,47033234
-134,63;554,1220112;-85,94938629
-137,93;554,1220112;-81,81699711
-134,63;554,1220112;-84,29680622
-135,45;550,9684241;-84,29680622
-132,98;550,9684241;-84,29680622
-131,32;546,2563153;-85,12315621
-129,67;552,5439969;-85,12315621
-131,32;552,5439969;-87,60150253
-133,80;554,1220112;-85,94938629
-131,32;554,1220112;-88,42739663
-132,15;557,2853802;-86,77550041
-132,15;554,1220112;-87,60150253
-132,15;554,1220112;-86,77550041
-131,32;560,4585628;-88,42739663
-133,80;558,8707428;-90,90447033
-134,63;558,8707428;-86,77550041
-132,15;557,2853802;-85,94938629
-131,32;562,0488442;-85,12315621
-132,15;562,0488442;-85,12315621
-132,98;560,4585628;-82,64373063
-130,50;558,8707428;-82,64373063
-132,98;555,7024709;-83,47033234
-132,15;558,8707428;-81,81699711
-130,50;557,2853802;-83,47033234
-131,32;565,2368068;-83,47033234
-132,98;565,2368068;-86,77550041
-136,28;565,2368068;-85,12315621
-132,15;566,8344959;-87,60150253
-132,98;568,4346622;-85,94938629
-133,80;568,4346622;-84,29680622
-134,63;563,6415909;-85,12315621
-132,15;565,2368068;-87,60150253
-132,98;560,4585628;-88,42739663
-134,63;558,8707428;-85,94938629
-131,32;558,8707428;-86,77550041
-132,15;560,4585628;-85,94938629
-132,98;558,8707428;-83,47033234
-132,98;552,5439969;-82,64373063
-129,67;557,2853802;-84,29680622
-131,32;554,1220112;-84,29680622
-132,98;554,1220112;-81,81699711
-132,15;554,1220112;-84,29680622
-132,98;558,8707428;-86,77550041
-132,98;555,7024709;-88,42739663
-135,45;552,5439969;-86,77550041
-132,15;555,7024709;-88,42739663
-132,15;555,7024709;-89,25318665
-132,15;558,8707428;-87,60150253
-131,32;550,9684241;-89,25318665
-131,32;554,1220112;-86,77550041
-132,15;550,9684241;-88,42739663
-133,80;550,9684241;-85,94938629
-130,50;554,1220112;-87,60150253
-132,15;555,7024709;-88,42739663
-131,32;555,7024709;-87,60150253
-132,15;555,7024709;-87,60150253
-130,50;560,4585628;-86,77550041
-130,50;557,2853802;-87,60150253
-132,98;554,1220112;-84,29680622
-130,50;552,5439969;-85,12315621
-131,32;550,9684241;-85,12315621
-131,32;547,8245873;-81,81699711
-132,15;540,0074447;-82,64373063
-128,85;544,6904691;-85,94938629
-128,85;544,6904691;-88,42739663
-130,50;546,2563153;-85,12315621
-128,85;546,2563153;-85,94938629
-128,85;550,9684241;-86,77550041
-128,85;547,8245873;-86,77550041
-132,15;547,8245873;-86,77550041
-130,50;552,5439969;-85,94938629
-132,15;550,9684241;-86,77550041
-132,15;546,2563153;-83,47033234
-132,15;546,2563153;-85,12315621
-132,15;555,7024709;-84,29680622
-132,98;554,1220112;-85,12315621
-134,63;554,1220112;-81,81699711
-131,32;554,1220112;-82,64373063
-132,15;554,1220112;-84,29680622
-132,15;550,9684241;-82,64373063
-132,15;546,2563153;-84,29680622
-130,50;552,5439969;-85,12315621
-132,98;554,1220112;-86,77550041
-137,11;558,8707428;-83,47033234
-133,80;562,0488442;-85,94938629
-134,63;562,0488442;-85,12315621
-133,80;557,2853802;-84,29680622
-135,45;552,5439969;-81,81699711
-133,80;552,5439969;-81,81699711
-132,98;550,9684241;-86,77550041
-132,98;552,5439969;-83,47033234
-131,32;552,5439969;-85,12315621
-132,15;555,7024709;-83,47033234
-132,15;557,2853802;-81,81699711
-132,98;554,1220112;-82,64373063
-130,50;555,7024709;-84,29680622
-130,50;552,5439969;-88,42739663
-131,32;554,1220112;-85,12315621
-129,67;552,5439969;-86,77550041
-128,85;558,8707428;-85,94938629
-129,67;557,2853802;-85,94938629
-131,32;558,8707428;-83,47033234
-128,02;560,4585628;-85,94938629
-128,85;560,4585628;-87,60150253
-130,50;560,4585628;-85,94938629
-132,15;554,1220112;-88,42739663
-130,50;560,4585628;-88,42739663
-132,15;558,8707428;-89,25318665
-132,98;558,8707428;-85,94938629
-131,32;558,8707428;-86,77550041
-132,15;558,8707428;-86,77550041
-132,15;555,7024709;-85,12315621
-133,80;550,9684241;-84,29680622
-132,15;557,2853802;-84,29680622
-132,15;554,1220112;-84,29680622
-132,15;555,7024709;-81,81699711
-130,50;557,2853802;-84,29680622
-131,32;560,4585628;-83,47033234
-132,15;560,4585628;-83,47033234
-133,80;557,2853802;-83,47033234
-129,67;563,6415909;-83,47033234
-130,50;563,6415909;-84,29680622
-129,67;565,2368068;-82,64373063
-128,85;563,6415909;-84,29680622
-126,37;568,4346622;-82,64373063
-127,20;568,4346622;-83,47033234
-129,67;566,8344959;-82,64373063
-127,20;570,0373097;-83,47033234
-128,85;566,8344959;-84,29680622
-128,85;563,6415909;-82,64373063
-130,50;562,0488442;-84,29680622
-128,85;566,8344959;-84,29680622
-130,50;563,6415909;-85,94938629
-133,80;560,4585628;-83,47033234
-131,32;562,0488442;-84,29680622
-132,98;560,4585628;-83,47033234
-133,80;560,4585628;-81,81699711
-134,63;560,4585628;-82,64373063
-132,15;562,0488442;-82,64373063
-132,15;558,8707428;-84,29680622
-132,98;558,8707428;-80,16311881
-132,15;557,2853802;-80,99012782
-132,98;557,2853802;-80,99012782
-133,80;554,1220112;-80,99012782
-134,63;552,5439969;-82,64373063
-132,15;560,4585628;-83,47033234
-133,80;558,8707428;-86,77550041
-133,80;557,2853802;-83,47033234
-133,80;554,1220112;-84,29680622
-132,98;555,7024709;-83,47033234
-133,80;552,5439969;-83,47033234
-135,45;552,5439969;-84,29680622
-132,98;554,1220112;-85,12315621
-132,98;554,1220112;-86,77550041
-132,15;554,1220112;-83,47033234
-132,15;555,7024709;-85,12315621
-131,32;562,0488442;-85,12315621
-133,80;560,4585628;-85,94938629
-136,28;558,8707428;-84,29680622
-134,63;557,2853802;-85,12315621
-136,28;558,8707428;-86,77550041
-133,80;560,4585628;-84,29680622
-132,98;558,8707428;-85,12315621
-129,67;562,0488442;-85,94938629
-130,50;558,8707428;-87,60150253
-132,15;562,0488442;-84,29680622
-130,50;563,6415909;-85,12315621
-132,15;562,0488442;-85,12315621
-133,80;558,8707428;-83,47033234
-135,45;554,1220112;-83,47033234
-133,80;557,2853802;-84,29680622
-135,45;554,1220112;-86,77550041
-134,63;555,7024709;-83,47033234
-133,80;554,1220112;-85,12315621
-132,98;557,2853802;-85,12315621
-132,98;555,7024709;-86,77550041
-135,45;554,1220112;-86,77550041
-132,98;557,2853802;-87,60150253
-133,80;554,1220112;-88,42739663
-132,15;554,1220112;-84,29680622
-133,80;554,1220112;-85,94938629
-132,15;560,4585628;-85,12315621
-133,80;554,1220112;-85,94938629
-134,63;554,1220112;-82,64373063
-129,67;554,1220112;-83,47033234
-131,32;555,7024709;-85,12315621
-131,32;554,1220112;-81,81699711
-132,98;547,8245873;-84,29680622
-132,98;552,5439969;-84,29680622
-134,63;550,9684241;-85,94938629
-134,63;552,5439969;-82,64373063
-133,80;552,5439969;-85,94938629
-133,80;554,1220112;-85,12315621
-132,98;550,9684241;-83,47033234
-134,63;547,8245873;-84,29680622
-132,15;554,1220112;-85,12315621
-132,15;550,9684241;-85,94938629
-132,15;549,3952889;-81,81699711
-131,32;550,9684241;-83,47033234
-130,50;554,1220112;-82,64373063
-130,50;554,1220112;-84,29680622
-133,80;554,1220112;-85,94938629
-132,15;560,4585628;-85,12315621
-133,80;555,7024709;-86,77550041
-133,80;557,2853802;-82,64373063
-133,80;554,1220112;-83,47033234
-132,98;557,2853802;-83,47033234
-132,98;557,2853802;-85,12315621
-134,63;558,8707428;-85,12315621
-132,15;560,4585628;-86,77550041
-132,15;560,4585628;-87,60150253
-132,15;560,4585628;-85,94938629
-132,15;558,8707428;-85,94938629
-129,67;565,2368068;-85,94938629
-132,15;563,6415909;-87,60150253
-132,98;565,2368068;-85,12315621
-132,98;565,2368068;-85,94938629
-133,80;565,2368068;-85,12315621
-132,98;563,6415909;-81,81699711
-133,80;562,0488442;-82,64373063
-130,50;570,0373097;-84,29680622
-131,32;570,0373097;-87,60150253
-132,15;571,6424423;-85,12315621
-132,15;568,4346622;-85,94938629
-132,98;570,0373097;-84,29680622
-133,80;566,8344959;-84,29680622
-137,11;560,4585628;-82,64373063
-134,63;558,8707428;-84,29680622
-136,28;555,7024709;-86,77550041
-135,45;558,8707428;-83,47033234
-136,28;557,2853802;-84,29680622
-135,45;560,4585628;-83,47033234
-134,63;555,7024709;-83,47033234
-135,45;555,7024709;-81,81699711
-132,98;558,8707428;-83,47033234
-134,63;557,2853802;-86,77550041
-133,80;555,7024709;-85,12315621
-134,63;550,9684241;-85,94938629
-131,32;555,7024709;-87,60150253
-131,32;552,5439969;-89,25318665
-132,15;552,5439969;-87,60150253
-131,32;552,5439969;-87,60150253
-130,50;554,1220112;-88,42739663
-130,50;554,1220112;-86,77550041
-132,98;550,9684241;-86,77550041
-129,67;555,7024709;-86,77550041
-130,50;554,1220112;-88,42739663
-130,50;554,1220112;-84,29680622
-130,50;554,1220112;-83,47033234
-130,50;554,1220112;-83,47033234
-131,32;552,5439969;-81,81699711
-133,80;547,8245873;-82,64373063
-132,15;552,5439969;-81,81699711
-133,80;549,3952889;-84,29680622
-133,80;550,9684241;-81,81699711
-133,80;550,9684241;-83,47033234
-132,98;554,1220112;-83,47033234
-132,98;554,1220112;-84,29680622
-133,80;557,2853802;-84,29680622
-132,15;557,2853802;-85,12315621
-132,15;555,7024709;-86,77550041
-132,15;555,7024709;-85,94938629
-133,80;554,1220112;-86,77550041
-132,15;557,2853802;-85,94938629
-132,15;557,2853802;-86,77550041
-132,98;558,8707428;-85,94938629
-130,50;562,0488442;-86,77550041
-130,50;563,6415909;-89,25318665
-131,32;563,6415909;-86,77550041
-132,15;557,2853802;-86,77550041
-128,85;562,0488442;-86,77550041
-130,50;560,4585628;-88,42739663
-130,50;560,4585628;-85,94938629
-130,50;560,4585628;-86,77550041
-130,50;560,4585628;-87,60150253
-132,98;558,8707428;-85,12315621
-137,11;557,2853802;-84,29680622
-134,63;560,4585628;-83,47033234
-134,63;560,4585628;-85,12315621
-134,63;562,0488442;-81,81699711
-134,63;563,6415909;-81,81699711
-132,15;568,4346622;-81,81699711
-133,80;565,2368068;-83,47033234
-134,63;562,0488442;-83,47033234
-132,15;560,4585628;-84,29680622
-132,15;557,2853802;-85,12315621
-130,50;558,8707428;-81,81699711
-132,15;554,1220112;-85,12315621
-128,85;558,8707428;-85,12315621
-130,50;558,8707428;-85,94938629
-132,15;558,8707428;-85,94938629
-132,98;560,4585628;-86,77550041
-134,63;560,4585628;-89,25318665
-134,63;562,0488442;-85,94938629
-134,63;557,2853802;-86,77550041
-132,98;563,6415909;-86,77550041
-133,80;562,0488442;-86,77550041
-133,80;563,6415909;-84,29680622
-132,15;563,6415909;-85,94938629
-132,15;566,8344959;-88,42739663
-132,98;563,6415909;-86,77550041
-134,63;560,4585628;-86,77550041
-133,80;563,6415909;-88,42739663
-134,63;560,4585628;-90,07887656
-132,98;558,8707428;-84,29680622
-132,98;554,1220112;-85,12315621
-132,15;554,1220112;-84,29680622
-132,98;550,9684241;-82,64373063
-133,80;549,3952889;-82,64373063
-130,50;554,1220112;-83,47033234
-132,15;555,7024709;-85,94938629
-132,98;558,8707428;-81,81699711
-133,80;558,8707428;-82,64373063
-130,50;562,0488442;-83,47033234
-132,15;557,2853802;-84,29680622
-133,80;557,2853802;-84,29680622
-132,98;558,8707428;-86,77550041
-133,80;555,7024709;-88,42739663
-133,80;555,7024709;-85,12315621
-134,63;552,5439969;-85,94938629
-132,15;557,2853802;-84,29680622
-133,80;557,2853802;-84,29680622
-132,98;555,7024709;-81,81699711
-131,32;557,2853802;-83,47033234
-132,15;557,2853802;-85,94938629
-133,80;555,7024709;-83,47033234
-135,45;554,1220112;-84,29680622
-132,15;558,8707428;-84,29680622
-132,15;555,7024709;-88,42739663
-131,32;557,2853802;-85,12315621
-131,32;555,7024709;-83,47033234
-128,85;562,0488442;-82,64373063
-132,15;560,4585628;-81,81699711
-133,80;557,2853802;-80,99012782
-131,32;562,0488442;-80,99012782
-133,80;560,4585628;-83,47033234
-134,63;560,4585628;-80,99012782
-136,28;558,8707428;-81,81699711
-132,98;560,4585628;-80,16311881
-133,80;560,4585628;-78,50866576
-132,15;560,4585628;-79,33596611
-128,85;565,2368068;-81,81699711
-129,67;563,6415909;-85,12315621
-131,32;562,0488442;-83,47033234
-134,63;557,2853802;-85,12315621
-132,98;563,6415909;-84,29680622
-133,80;560,4585628;-82,64373063
-132,15;557,2853802;-81,81699711
-130,50;554,1220112;-84,29680622
-128,85;554,1220112;-85,94938629
-128,85;552,5439969;-84,29680622
-132,98;547,8245873;-85,94938629
-130,50;554,1220112;-84,29680622
-132,15;552,5439969;-85,12315621
-133,80;550,9684241;-81,81699711
-134,63;552,5439969;-84,29680622
-132,98;555,7024709;-85,12315621
-134,63;554,1220112;-84,29680622
-137,11;554,1220112;-86,77550041
-134,63;560,4585628;-86,77550041
-135,45;560,4585628;-90,07887656
-134,63;557,2853802;-85,12315621
-136,28;558,8707428;-85,94938629
-133,80;565,2368068;-85,12315621
-134,63;565,2368068;-85,12315621
-134,63;560,4585628;-86,77550041
-133,80;560,4585628;-85,94938629
-133,80;557,2853802;-87,60150253
-132,98;557,2853802;-83,47033234
-134,63;554,1220112;-85,94938629
-132,98;562,0488442;-84,29680622
-133,80;560,4585628;-84,29680622
-132,15;560,4585628;-84,29680622
-130,50;558,8707428;-85,94938629
-129,67;560,4585628;-87,60150253
-132,15;557,2853802;-85,12315621
-133,80;550,9684241;-85,94938629
-132,15;555,7024709;-85,12315621
-132,98;554,1220112;-85,94938629
-132,98;555,7024709;-84,29680622
-132,98;555,7024709;-85,12315621
-130,50;557,2853802;-85,94938629
-129,67;554,1220112;-85,94938629
-132,15;550,9684241;-86,77550041
-130,50;558,8707428;-85,94938629
-131,32;560,4585628;-87,60150253
-132,15;558,8707428;-83,47033234
-134,63;555,7024709;-84,29680622
-132,15;558,8707428;-85,12315621
-132,98;554,1220112;-83,47033234
-133,80;554,1220112;-84,29680622
-130,50;555,7024709;-85,12315621
-129,67;552,5439969;-86,77550041
-129,67;552,5439969;-81,81699711
-132,15;549,3952889;-83,47033234
-129,67;558,8707428;-84,29680622
-130,50;557,2853802;-85,12315621
-131,32;557,2853802;-85,94938629
-132,15;555,7024709;-85,12315621
-131,32;555,7024709;-85,94938629
-132,98;555,7024709;-83,47033234
-135,45;552,5439969;-85,94938629
-131,32;557,2853802;-85,94938629
-132,15;557,2853802;-85,94938629
-132,98;557,2853802;-83,47033234
-134,63;558,8707428;-84,29680622
-135,45;563,6415909;-85,12315621
-136,28;560,4585628;-82,64373063
-136,28;554,1220112;-84,29680622
-133,80;560,4585628;-84,29680622
-132,98;557,2853802;-85,94938629
-132,15;558,8707428;-82,64373063
-134,63;555,7024709;-84,29680622
-131,32;560,4585628;-84,29680622
-132,98;558,8707428;-83,47033234
-134,63;560,4585628;-84,29680622
-132,98;563,6415909;-85,12315621
-132,98;560,4585628;-88,42739663
-132,98;558,8707428;-85,94938629
-134,63;554,1220112;-86,77550041
-133,80;560,4585628;-87,60150253
-135,45;560,4585628;-86,77550041
-134,63;560,4585628;-87,60150253
-135,45;560,4585628;-86,77550041
-136,28;558,8707428;-87,60150253
-136,28;558,8707428;-82,64373063
-139,59;554,1220112;-84,29680622
-137,93;555,7024709;-83,47033234
-138,76;554,1220112;-85,12315621
-137,11;554,1220112;-84,29680622
-135,45;554,1220112;-83,47033234
-132,98;554,1220112;-85,12315621
-134,63;552,5439969;-81,81699711
-137,11;550,9684241;-82,64373063
-132,98;557,2853802;-83,47033234
-133,80;554,1220112;-85,12315621
-132,98;554,1220112;-83,47033234
-133,80;557,2853802;-85,12315621
-132,15;562,0488442;-86,77550041
-132,98;560,4585628;-85,12315621
-133,80;557,2853802;-85,12315621
-132,15;563,6415909;-83,47033234
-132,15;563,6415909;-85,94938629
-133,80;560,4585628;-81,81699711
-134,63;554,1220112;-83,47033234
-131,32;560,4585628;-84,29680622
-132,15;557,2853802;-83,47033234
-131,32;557,2853802;-82,64373063
-131,32;557,2853802;-83,47033234
-130,50;557,2853802;-85,94938629
-131,32;554,1220112;-83,47033234
-134,63;552,5439969;-85,94938629
-132,98;558,8707428;-85,94938629
-133,80;557,2853802;-85,94938629
-133,80;560,4585628;-84,29680622
-133,80;563,6415909;-83,47033234
-132,98;566,8344959;-85,94938629
-135,45;565,2368068;-81,81699711
-137,11;560,4585628;-85,12315621
-134,63;563,6415909;-83,47033234
-136,28;560,4585628;-84,29680622
-134,63;562,0488442;-81,81699711
-136,28;558,8707428;-85,12315621
-132,15;560,4585628;-85,94938629
-132,15;558,8707428;-84,29680622
-132,98;552,5439969;-85,12315621
-132,98;554,1220112;-84,29680622
-133,80;554,1220112;-86,77550041
-133,80;554,1220112;-85,94938629
-135,45;550,9684241;-86,77550041
-132,15;557,2853802;-88,42739663
-132,15;555,7024709;-87,60150253
-132,15;557,2853802;-87,60150253
-132,15;560,4585628;-89,25318665
-131,32;562,0488442;-90,90447033
-132,98;562,0488442;-85,94938629
-135,45;554,1220112;-85,94938629
-132,98;560,4585628;-85,12315621
-133,80;557,2853802;-84,29680622
-132,15;557,2853802;-82,64373063
-133,80;560,4585628;-84,29680622
-132,98;560,4585628;-86,77550041
-134,63;560,4585628;-83,47033234
-137,11;554,1220112;-84,29680622
-132,98;560,4585628;-85,12315621
-132,98;558,8707428;-85,12315621
-132,15;558,8707428;-84,29680622
-133,80;558,8707428;-85,12315621
-132,15;562,0488442;-85,12315621
-134,63;560,4585628;-81,81699711
-134,63;560,4585628;-83,47033234
-134,63;563,6415909;-83,47033234
-134,63;558,8707428;-85,94938629
-134,63;555,7024709;-84,29680622
-135,45;554,1220112;-85,94938629
-132,15;555,7024709;-85,94938629
-132,15;555,7024709;-83,47033234
-132,15;554,1220112;-85,94938629
-132,15;554,1220112;-85,94938629
-130,50;554,1220112;-86,77550041
-131,32;554,1220112;-82,64373063
-134,63;550,9684241;-83,47033234
-132,98;557,2853802;-81,81699711
-134,63;557,2853802;-81,81699711
-132,98;558,8707428;-80,99012782
-132,98;560,4585628;-81,81699711
-130,50;558,8707428;-84,29680622
-132,15;554,1220112;-81,81699711
-134,63;550,9684241;-81,81699711
-132,15;557,2853802;-81,81699711
-133,80;558,8707428;-81,81699711
-134,63;557,2853802;-81,81699711
-134,63;557,2853802;-82,64373063
-132,15;560,4585628;-84,29680622
-134,63;558,8707428;-81,81699711
-134,63;555,7024709;-84,29680622
-133,80;558,8707428;-82,64373063
-134,63;557,2853802;-85,94938629
-134,63;554,1220112;-84,29680622
-136,28;552,5439969;-85,94938629
-132,15;557,2853802;-87,60150253
-132,98;552,5439969;-85,12315621
-132,15;554,1220112;-83,47033234
-132,15;557,2853802;-81,81699711
-130,50;555,7024709;-84,29680622
-131,32;554,1220112;-81,81699711
-133,80;554,1220112;-83,47033234
-130,50;560,4585628;-85,12315621
-132,15;557,2853802;-83,47033234
-132,15;555,7024709;-84,29680622
-133,80;554,1220112;-85,12315621
-132,98;557,2853802;-86,77550041
-133,80;557,2853802;-83,47033234
-135,45;554,1220112;-85,12315621
-134,63;558,8707428;-84,29680622
-135,45;557,2853802;-85,12315621
-134,63;560,4585628;-84,29680622
-136,28;560,4585628;-84,29680622
-133,80;562,0488442;-86,77550041
-132,98;560,4585628;-84,29680622
-132,15;560,4585628;-85,94938629
-132,15;565,2368068;-85,94938629
-132,15;563,6415909;-84,29680622
-131,32;565,2368068;-83,47033234
-132,98;560,4585628;-85,12315621
-131,32;563,6415909;-87,60150253
-132,15;560,4585628;-85,94938629
-133,80;557,2853802;-85,94938629
-133,80;562,0488442;-84,29680622
-132,15;560,4585628;-85,12315621
-130,50;560,4585628;-82,64373063
-132,15;554,1220112;-85,12315621
-131,32;560,4585628;-87,60150253
-132,15;557,2853802;-85,94938629
-131,32;557,2853802;-86,77550041
-132,15;557,2853802;-85,94938629
-130,50;558,8707428;-86,77550041
-132,15;558,8707428;-83,47033234
-132,98;552,5439969;-85,12315621
-131,32;558,8707428;-85,12315621
-132,15;560,4585628;-85,94938629
-131,32;560,4585628;-85,94938629
-132,98;558,8707428;-86,77550041
-130,50;560,4585628;-88,42739663
-131,32;557,2853802;-84,29680622
-132,98;554,1220112;-85,12315621
-131,32;560,4585628;-84,29680622
-132,98;562,0488442;-83,47033234
-134,63;562,0488442;-83,47033234
-137,11;560,4585628;-85,94938629
-134,63;562,0488442;-89,25318665
-137,11;560,4585628;-85,94938629
-137,11;558,8707428;-89,25318665
-135,45;562,0488442;-88,42739663
-133,80;557,2853802;-89,25318665
-134,63;560,4585628;-86,77550041
-134,63;558,8707428;-87,60150253
-132,98;563,6415909;-87,60150253
-134,63;562,0488442;-85,94938629
-133,80;558,8707428;-85,12315621
-133,80;558,8707428;-85,12315621
-131,32;558,8707428;-86,77550041
-131,32;560,4585628;-82,64373063
-134,63;555,7024709;-85,94938629
-130,50;562,0488442;-85,12315621
-131,32;562,0488442;-85,12315621
-131,32;563,6415909;-85,12315621
-132,98;563,6415909;-84,29680622
-132,15;565,2368068;-86,77550041
-133,80;562,0488442;-84,29680622
-134,63;560,4585628;-85,12315621
-132,15;562,0488442;-83,47033234
-132,15;557,2853802;-83,47033234
-132,98;557,2853802;-82,64373063
-135,45;557,2853802;-82,64373063
-133,80;560,4585628;-86,77550041
-134,63;557,2853802;-81,81699711
-132,98;555,7024709;-84,29680622
-132,98;560,4585628;-85,12315621
-132,15;560,4585628;-85,94938629
-132,15;558,8707428;-83,47033234
-133,80;552,5439969;-84,29680622
-130,50;554,1220112;-87,60150253
-132,15;554,1220112;-85,12315621
-132,15;555,7024709;-85,94938629
-132,15;558,8707428;-85,94938629
-131,32;557,2853802;-87,60150253
-132,15;557,2853802;-85,12315621
-134,63;552,5439969;-85,94938629
-132,15;557,2853802;-86,77550041
-132,98;554,1220112;-85,94938629
-132,98;554,1220112;-85,12315621
-134,63;557,2853802;-85,12315621
-132,15;558,8707428;-85,94938629
-132,98;560,4585628;-81,81699711
-134,63;554,1220112;-84,29680622
-132,98;558,8707428;-85,12315621
-134,63;555,7024709;-84,29680622
-134,63;558,8707428;-83,47033234
-138,76;558,8707428;-83,47033234
-136,28;562,0488442;-85,94938629
-136,28;560,4585628;-83,47033234
-134,63;558,8707428;-85,94938629
-132,15;562,0488442;-86,77550041
-130,50;560,4585628;-87,60150253
-131,32;557,2853802;-85,94938629
-132,98;554,1220112;-86,77550041
-129,67;558,8707428;-88,42739663
-132,15;558,8707428;-84,29680622
-131,32;558,8707428;-86,77550041
-131,32;562,0488442;-85,94938629
-128,85;563,6415909;-86,77550041
-131,32;563,6415909;-84,29680622
-133,80;557,2853802;-86,77550041
-131,32;560,4585628;-86,77550041
-132,98;558,8707428;-84,29680622
-132,15;557,2853802;-85,12315621
-132,98;558,8707428;-83,47033234
-130,50;558,8707428;-85,12315621
-132,15;558,8707428;-82,64373063
-132,15;557,2853802;-85,12315621
-129,67;563,6415909;-85,94938629
-131,32;560,4585628;-84,29680622
-132,15;562,0488442;-84,29680622
-134,63;560,4585628;-84,29680622
-130,50;562,0488442;-85,94938629
-132,15;558,8707428;-81,81699711
-131,32;555,7024709;-82,64373063
-132,15;558,8707428;-81,81699711
-132,15;554,1220112;-82,64373063
-132,98;554,1220112;-83,47033234
-135,45;554,1220112;-85,12315621
-132,98;560,4585628;-86,77550041
-132,98;563,6415909;-81,81699711
-132,15;562,0488442;-80,99012782
-132,15;566,8344959;-79,33596611
-132,15;563,6415909;-80,99012782
-132,98;560,4585628;-80,16311881
-133,80;554,1220112;-81,81699711
-131,32;560,4585628;-85,94938629
-132,15;562,0488442;-85,12315621
-133,80;562,0488442;-85,94938629
-134,63;560,4585628;-85,12315621
-131,32;562,0488442;-87,60150253
-132,15;560,4585628;-84,29680622
-133,80;554,1220112;-85,12315621
-132,15;558,8707428;-85,94938629
-132,98;557,2853802;-83,47033234
-132,98;557,2853802;-84,29680622
-134,63;560,4585628;-85,12315621
-131,32;560,4585628;-86,77550041
-132,15;558,8707428;-84,29680622
-131,32;554,1220112;-85,94938629
-132,15;560,4585628;-84,29680622
-132,15;560,4585628;-83,47033234
-134,63;558,8707428;-83,47033234
-137,93;558,8707428;-84,29680622
-134,63;562,0488442;-85,94938629
-135,45;560,4585628;-83,47033234
-134,63;560,4585628;-84,29680622
-134,63;563,6415909;-84,29680622
-132,98;563,6415909;-85,94938629
-133,80;565,2368068;-83,47033234
-136,28;565,2368068;-85,12315621
-132,98;568,4346622;-85,94938629
-132,98;566,8344959;-81,81699711
-132,15;565,2368068;-81,81699711
-134,63;560,4585628;-81,81699711
-132,15;560,4585628;-83,47033234
-132,15;558,8707428;-81,81699711
-132,98;554,1220112;-84,29680622
-132,15;560,4585628;-85,94938629
-133,80;557,2853802;-85,94938629
-134,63;557,2853802;-85,94938629
-137,93;554,1220112;-84,29680622
-134,63;562,0488442;-85,12315621
-134,63;562,0488442;-82,64373063
-135,45;557,2853802;-85,12315621
-133,80;563,6415909;-85,12315621
-132,98;560,4585628;-84,29680622
-132,15;555,7024709;-84,29680622
-133,80;552,5439969;-85,94938629
-132,15;555,7024709;-87,60150253
-131,32;552,5439969;-86,77550041
-129,67;554,1220112;-89,25318665
-130,50;557,2853802;-87,60150253
-130,50;557,2853802;-85,94938629
-132,15;555,7024709;-85,12315621
-134,63;552,5439969;-85,94938629
-130,50;557,2853802;-88,42739663
-131,32;557,2853802;-85,12315621
-130,50;555,7024709;-87,60150253
-132,98;555,7024709;-88,42739663
-130,50;557,2853802;-89,25318665
-132,15;554,1220112;-88,42739663
-132,98;550,9684241;-88,42739663
-132,15;555,7024709;-89,25318665
-132,15;554,1220112;-86,77550041
-131,32;554,1220112;-88,42739663
-133,80;555,7024709;-86,77550041
-132,15;555,7024709;-87,60150253
-133,80;555,7024709;-83,47033234
-133,80;554,1220112;-83,47033234
-132,98;560,4585628;-83,47033234
-132,98;562,0488442;-84,29680622
-132,98;563,6415909;-85,94938629
-134,63;566,8344959;-85,94938629
-132,15;571,6424423;-87,60150253
-132,98;568,4346622;-84,29680622
-132,98;562,0488442;-85,94938629
-133,80;565,2368068;-84,29680622
-132,98;563,6415909;-82,64373063
-133,80;565,2368068;-81,81699711
-135,45;560,4585628;-84,29680622
-134,63;562,0488442;-85,94938629
-136,28;558,8707428;-81,81699711
-137,11;558,8707428;-84,29680622
-137,11;562,0488442;-85,12315621
-134,63;562,0488442;-85,94938629
-135,45;562,0488442;-84,29680622
-136,28;555,7024709;-84,29680622
-133,80;562,0488442;-86,77550041
-134,63;558,8707428;-84,29680622
-134,63;560,4585628;-83,47033234
-134,63;560,4585628;-82,64373063
-128,85;563,6415909;-82,64373063
-128,85;560,4585628;-80,99012782
-128,02;555,7024709;-83,47033234
-128,02;563,6415909;-85,12315621
-128,85;560,4585628;-82,64373063
-130,50;560,4585628;-84,29680622
-133,80;558,8707428;-85,12315621
-131,32;558,8707428;-87,60150253
-132,98;557,2853802;-83,47033234
-132,98;552,5439969;-83,47033234
-134,63;554,1220112;-81,81699711
-134,63;552,5439969;-81,81699711
-134,63;554,1220112;-81,81699711
-136,28;554,1220112;-81,81699711
-132,15;562,0488442;-83,47033234
-132,15;560,4585628;-78,50866576
-132,15;560,4585628;-81,81699711
-133,80;560,4585628;-82,64373063
-132,15;560,4585628;-82,64373063
-132,98;558,8707428;-83,47033234
-134,63;555,7024709;-85,94938629
-133,80;565,2368068;-88,42739663
-133,80;563,6415909;-85,94938629
-133,80;562,0488442;-86,77550041
-137,11;562,0488442;-85,94938629
-133,80;563,6415909;-87,60150253
-134,63;560,4585628;-85,94938629
-133,80;554,1220112;-86,77550041
-132,15;562,0488442;-86,77550041
-131,32;562,0488442;-83,47033234
-132,15;562,0488442;-83,47033234
-134,63;562,0488442;-84,29680622
-130,50;563,6415909;-85,94938629
-131,32;563,6415909;-81,81699711
-130,50;558,8707428;-81,81699711
-132,15;565,2368068;-82,64373063
-132,15;565,2368068;-81,81699711
-133,80;563,6415909;-83,47033234
-135,45;562,0488442;-85,12315621
-134,63;568,4346622;-88,42739663
-135,45;563,6415909;-85,12315621
-133,80;560,4585628;-86,77550041
-134,63;560,4585628;-85,12315621
-132,15;555,7024709;-85,94938629
-132,98;554,1220112;-85,94938629
-132,98;550,9684241;-85,94938629
-130,50;554,1220112;-86,77550041
-131,32;552,5439969;-83,47033234
-132,98;552,5439969;-84,29680622
-134,63;554,1220112;-83,47033234
-131,32;558,8707428;-85,12315621
-132,98;557,2853802;-85,94938629
-132,98;550,9684241;-86,77550041
-133,80;557,2853802;-87,60150253
-133,80;557,2853802;-85,12315621
-132,15;558,8707428;-85,12315621
-133,80;557,2853802;-83,47033234
-130,50;558,8707428;-85,12315621
-132,15;558,8707428;-81,81699711
-131,32;557,2853802;-82,64373063
-132,15;562,0488442;-85,12315621
-131,32;558,8707428;-83,47033234
-131,32;558,8707428;-80,99012782
-133,80;554,1220112;-80,99012782
-131,32;558,8707428;-84,29680622
-132,98;557,2853802;-79,33596611
-133,80;557,2853802;-79,33596611
-134,63;558,8707428;-79,33596611
-131,32;555,7024709;-80,99012782
-132,15;554,1220112;-80,16311881
-132,15;554,1220112;-81,81699711
-132,15;562,0488442;-85,12315621
-132,98;560,4585628;-81,81699711
-133,80;560,4585628;-83,47033234
-134,63;560,4585628;-83,47033234
-132,15;560,4585628;-84,29680622
-133,80;560,4585628;-84,29680622
-133,80;555,7024709;-85,94938629
-132,15;563,6415909;-88,42739663
-130,50;560,4585628;-85,94938629
-131,32;560,4585628;-85,94938629
-132,98;560,4585628;-85,94938629
-128,85;563,6415909;-87,60150253
-130,50;562,0488442;-85,94938629
-129,67;558,8707428;-87,60150253
-131,32;563,6415909;-88,42739663
-130,50;562,0488442;-86,77550041
-132,15;563,6415909;-88,42739663
-136,28;562,0488442;-88,42739663
-134,63;563,6415909;-88,42739663
-136,28;560,4585628;-85,94938629
-134,63;555,7024709;-86,77550041
-134,63;557,2853802;-86,77550041
-132,15;554,1220112;-85,94938629
-130,50;554,1220112;-84,29680622
-130,50;550,9684241;-85,12315621
-129,67;558,8707428;-87,60150253
-130,50;558,8707428;-84,29680622
-132,15;558,8707428;-85,94938629
-136,28;562,0488442;-84,29680622
-133,80;560,4585628;-83,47033234
-134,63;560,4585628;-82,64373063
-134,63;557,2853802;-85,12315621
-134,63;563,6415909;-87,60150253
-132,98;560,4585628;-85,12315621
-132,98;558,8707428;-85,94938629
-135,45;557,2853802;-85,12315621
-131,32;560,4585628;-85,94938629
-132,15;558,8707428;-82,64373063
-130,50;557,2853802;-85,12315621
-132,15;560,4585628;-86,77550041
-131,32;557,2853802;-85,12315621
-132,15;560,4585628;-85,94938629
-136,28;558,8707428;-87,60150253
-134,63;560,4585628;-88,42739663
-136,28;558,8707428;-85,94938629
-136,28;555,7024709;-86,77550041
-136,28;560,4585628;-86,77550041
-132,15;557,2853802;-85,94938629
-132,98;557,2853802;-85,94938629
-133,80;557,2853802;-85,94938629
-131,32;563,6415909;-89,25318665
-130,50;560,4585628;-85,12315621
-130,50;557,2853802;-85,12315621
-133,80;560,4585628;-84,29680622
-132,15;558,8707428;-85,94938629
-132,15;560,4585628;-85,94938629
-132,15;558,8707428;-87,60150253
-130,50;565,2368068;-88,42739663
-129,67;563,6415909;-85,94938629
-129,67;566,8344959;-86,77550041
-132,15;563,6415909;-85,12315621
-128,85;565,2368068;-85,94938629
-128,85;563,6415909;-83,47033234
-129,67;557,2853802;-85,12315621
-130,50;560,4585628;-86,77550041
-128,85;555,7024709;-84,29680622
-129,67;554,1220112;-85,94938629
-132,98;550,9684241;-86,77550041
-131,32;557,2853802;-88,42739663
-132,15;558,8707428;-85,12315621
-134,63;558,8707428;-85,12315621
-137,93;562,0488442;-85,94938629
-136,28;560,4585628;-84,29680622
-137,11;560,4585628;-85,12315621
-137,93;555,7024709;-85,12315621
-134,63;558,8707428;-85,94938629
-133,80;555,7024709;-80,99012782
-132,98;555,7024709;-81,81699711
-134,63;558,8707428;-82,64373063
-130,50;555,7024709;-84,29680622
-132,15;555,7024709;-85,12315621
-132,98;550,9684241;-85,94938629
-134,63;554,1220112;-88,42739663
-133,80;554,1220112;-85,94938629
-134,63;554,1220112;-86,77550041
-135,45;557,2853802;-85,94938629
-131,32;560,4585628;-87,60150253
-132,15;562,0488442;-84,29680622
-132,15;560,4585628;-84,29680622
-132,15;565,2368068;-86,77550041
-131,32;562,0488442;-84,29680622
-132,15;560,4585628;-84,29680622
-133,80;557,2853802;-83,47033234
-130,50;558,8707428;-85,12315621
-129,67;554,1220112;-82,64373063
-128,85;554,1220112;-83,47033234
-131,32;560,4585628;-85,94938629
-129,67;558,8707428;-83,47033234
-132,15;560,4585628;-83,47033234
-132,98;557,2853802;-84,29680622
-132,15;560,4585628;-87,60150253
-132,15;560,4585628;-85,94938629
-132,15;563,6415909;-88,42739663
-133,80;563,6415909;-86,77550041
-130,50;560,4585628;-84,29680622
-131,32;560,4585628;-82,64373063
-132,98;558,8707428;-82,64373063
-133,80;563,6415909;-85,94938629
-133,80;560,4585628;-81,81699711
-134,63;563,6415909;-83,47033234
-137,11;563,6415909;-81,81699711
-132,98;565,2368068;-83,47033234
-134,63;563,6415909;-84,29680622
-132,98;558,8707428;-85,94938629
-133,80;563,6415909;-86,77550041
-130,50;565,2368068;-84,29680622
-130,50;563,6415909;-85,94938629
-132,98;563,6415909;-85,94938629
-132,15;568,4346622;-87,60150253
-132,98;565,2368068;-85,12315621
-132,98;558,8707428;-85,94938629
-133,80;562,0488442;-86,77550041
-129,67;560,4585628;-84,29680622
-129,67;558,8707428;-84,29680622
-132,15;557,2853802;-83,47033234
-130,50;562,0488442;-84,29680622
-131,32;558,8707428;-82,64373063
-132,15;558,8707428;-85,94938629
-133,80;558,8707428;-85,94938629
-130,50;557,2853802;-86,77550041
-132,15;557,2853802;-87,60150253
-131,32;557,2853802;-86,77550041
-131,32;563,6415909;-88,42739663
-129,67;562,0488442;-82,64373063
-130,50;562,0488442;-85,12315621
-132,98;560,4585628;-85,94938629
-131,32;558,8707428;-85,94938629
-132,98;560,4585628;-85,12315621
-134,63;557,2853802;-85,94938629
-136,28;560,4585628;-87,60150253
-134,63;560,4585628;-84,29680622
-135,45;560,4585628;-85,94938629
-134,63;560,4585628;-85,12315621
-132,98;562,0488442;-86,77550041
-132,15;560,4585628;-85,12315621
-132,15;555,7024709;-85,94938629
-132,15;558,8707428;-89,25318665
-129,67;554,1220112;-87,60150253
-131,32;555,7024709;-86,77550041
-132,15;552,5439969;-86,77550041
-132,15;557,2853802;-88,42739663
-132,15;555,7024709;-85,94938629
-132,15;554,1220112;-86,77550041
-134,63;555,7024709;-87,60150253
-132,15;554,1220112;-85,94938629
-133,80;554,1220112;-85,94938629
-134,63;554,1220112;-85,94938629
-134,63;560,4585628;-87,60150253
-133,80;560,4585628;-85,12315621
-132,15;562,0488442;-85,94938629
-134,63;562,0488442;-86,77550041
-132,15;563,6415909;-85,94938629
-134,63;563,6415909;-85,12315621
-132,98;560,4585628;-85,12315621
-132,98;563,6415909;-86,77550041
-132,15;560,4585628;-83,47033234
-132,15;560,4585628;-85,12315621
-133,80;557,2853802;-85,94938629
-131,32;557,2853802;-86,77550041
-132,15;557,2853802;-86,77550041
-131,32;549,3952889;-86,77550041
-132,15;554,1220112;-88,42739663
-129,67;550,9684241;-85,12315621
-132,15;550,9684241;-85,94938629
-132,15;549,3952889;-83,47033234
-130,50;554,1220112;-85,12315621
-130,50;554,1220112;-82,64373063
-130,50;554,1220112;-84,29680622
-132,98;557,2853802;-86,77550041
-130,50;557,2853802;-84,29680622
-132,15;558,8707428;-85,94938629
-132,98;557,2853802;-85,12315621
-132,98;560,4585628;-85,94938629
-132,15;560,4585628;-83,47033234
-133,80;560,4585628;-84,29680622
-137,11;560,4585628;-85,12315621
-132,15;560,4585628;-82,64373063
-134,63;562,0488442;-83,47033234
-132,15;558,8707428;-83,47033234
-133,80;568,4346622;-85,12315621
-132,15;565,2368068;-81,81699711
-132,15;565,2368068;-84,29680622
-133,80;565,2368068;-84,29680622
-129,67;565,2368068;-85,12315621
-130,50;568,4346622;-85,94938629
-131,32;560,4585628;-86,77550041
-132,98;568,4346622;-88,42739663
-128,85;563,6415909;-85,12315621
-129,67;563,6415909;-85,94938629
-131,32;560,4585628;-85,12315621
-130,50;563,6415909;-83,47033234
-130,50;563,6415909;-80,99012782
-132,15;560,4585628;-81,81699711
-135,45;562,0488442;-84,29680622
-132,98;558,8707428;-82,64373063
-134,63;560,4585628;-84,29680622
-134,63;555,7024709;-84,29680622
-133,80;560,4585628;-85,94938629
-132,15;558,8707428;-81,81699711
-132,98;560,4585628;-84,29680622
-134,63;565,2368068;-84,29680622
-131,32;566,8344959;-83,47033234
-131,32;565,2368068;-85,12315621
-131,32;562,0488442;-84,29680622
-132,98;563,6415909;-85,94938629
-132,15;562,0488442;-82,64373063
-132,15;562,0488442;-84,29680622
-132,98;563,6415909;-84,29680622
-130,50;566,8344959;-85,12315621
-132,15;563,6415909;-85,12315621
-131,32;557,2853802;-85,94938629
-132,98;562,0488442;-87,60150253
-129,67;563,6415909;-83,47033234
-130,50;565,2368068;-84,29680622
-132,15;560,4585628;-85,12315621
-131,32;560,4585628;-83,47033234
-130,50;558,8707428;-82,64373063
-132,15;555,7024709;-84,29680622
-135,45;558,8707428;-85,94938629
-133,80;555,7024709;-81,81699711
-134,63;554,1220112;-81,81699711
-132,15;552,5439969;-81,81699711
-132,15;560,4585628;-82,64373063
-132,15;557,2853802;-81,81699711
-132,15;557,2853802;-82,64373063
-133,80;563,6415909;-85,12315621
-130,50;566,8344959;-83,47033234
-131,32;565,2368068;-83,47033234
-130,50;560,4585628;-84,29680622
-130,50;565,2368068;-86,77550041
-129,67;558,8707428;-84,29680622
-130,50;560,4585628;-85,94938629
-132,98;558,8707428;-85,12315621
-132,98;558,8707428;-84,29680622
-135,45;560,4585628;-84,29680622
-134,63;557,2853802;-82,64373063
-136,28;562,0488442;-85,12315621
-134,63;558,8707428;-81,81699711
-134,63;562,0488442;-84,29680622
-136,28;560,4585628;-84,29680622
-134,63;560,4585628;-84,29680622
-135,45;558,8707428;-83,47033234
-133,80;557,2853802;-85,94938629
-135,45;563,6415909;-88,42739663
-132,98;560,4585628;-84,29680622
-134,63;560,4585628;-85,94938629
-134,63;560,4585628;-85,12315621
-134,63;565,2368068;-86,77550041
-134,63;560,4585628;-83,47033234
-134,63;558,8707428;-84,29680622
-137,93;560,4585628;-86,77550041
-134,63;560,4585628;-84,29680622
-135,45;558,8707428;-83,47033234
-135,45;555,7024709;-83,47033234
-136,28;558,8707428;-84,29680622
-133,80;557,2853802;-82,64373063
-133,80;555,7024709;-85,12315621
-133,80;555,7024709;-86,77550041
-130,50;554,1220112;-85,94938629
-131,32;554,1220112;-85,94938629
-132,98;552,5439969;-85,94938629
-132,98;557,2853802;-88,42739663
-130,50;557,2853802;-85,94938629
-133,80;562,0488442;-86,77550041
-133,80;562,0488442;-85,12315621
-132,15;562,0488442;-84,29680622
-132,15;558,8707428;-83,47033234
-130,50;554,1220112;-83,47033234
-132,15;557,2853802;-85,94938629
-128,85;555,7024709;-83,47033234
-130,50;557,2853802;-86,77550041
-130,50;555,7024709;-85,94938629
-131,32;558,8707428;-85,94938629
-132,15;558,8707428;-84,29680622
-133,80;560,4585628;-85,12315621
-134,63;566,8344959;-85,94938629
-133,80;563,6415909;-83,47033234
-133,80;562,0488442;-85,12315621
-133,80;557,2853802;-85,94938629
-133,80;563,6415909;-87,60150253
-133,80;562,0488442;-82,64373063
-133,80;558,8707428;-83,47033234
-134,63;558,8707428;-85,94938629
-132,15;557,2853802;-85,12315621
-133,80;557,2853802;-86,77550041
-132,98;554,1220112;-86,77550041
-134,63;563,6415909;-89,25318665
-131,32;560,4585628;-86,77550041
-133,80;558,8707428;-88,42739663
-134,63;558,8707428;-90,07887656
-133,80;560,4585628;-90,07887656
-134,63;560,4585628;-89,25318665
-134,63;557,2853802;-88,42739663
-135,45;563,6415909;-89,25318665
-132,98;560,4585628;-85,94938629
-132,98;558,8707428;-85,94938629
-133,80;558,8707428;-84,29680622
-132,15;560,4585628;-85,12315621
-132,15;558,8707428;-85,94938629
-132,15;557,2853802;-85,94938629
-134,63;560,4585628;-88,42739663
-130,50;557,2853802;-85,12315621
-131,32;555,7024709;-85,12315621
-129,67;555,7024709;-85,94938629
-128,85;562,0488442;-86,77550041
-127,20;560,4585628;-85,12315621
-128,02;557,2853802;-85,94938629
-131,32;558,8707428;-86,77550041
-130,50;557,2853802;-83,47033234
-131,32;555,7024709;-85,12315621
-132,98;552,5439969;-85,12315621
-134,63;557,2853802;-85,12315621
-131,32;555,7024709;-80,99012782
-130,50;557,2853802;-80,99012782
-130,50;557,2853802;-81,81699711
-130,50;560,4585628;-81,81699711
-132,15;558,8707428;-81,81699711
-133,80;554,1220112;-80,99012782
-138,76;557,2853802;-83,47033234
-134,63;554,1220112;-81,81699711
-134,63;557,2853802;-82,64373063
-133,80;554,1220112;-83,47033234
-133,80;557,2853802;-85,12315621
-134,63;555,7024709;-85,94938629
-137,11;554,1220112;-86,77550041
-138,76;558,8707428;-88,42739663
-135,45;557,2853802;-86,77550041
-135,45;560,4585628;-86,77550041
-132,98;560,4585628;-85,94938629
-133,80;565,2368068;-85,12315621
-132,98;560,4585628;-85,12315621
-134,63;557,2853802;-85,94938629
-137,11;558,8707428;-87,60150253
-134,63;560,4585628;-85,12315621
-136,28;560,4585628;-85,94938629
-134,63;552,5439969;-85,94938629
-134,63;558,8707428;-87,60150253
-132,15;554,1220112;-85,12315621
-132,15;554,1220112;-85,94938629
-132,98;554,1220112;-86,77550041
-131,32;554,1220112;-84,29680622
-131,32;554,1220112;-85,12315621
-132,15;555,7024709;-84,29680622
-134,63;562,0488442;-85,94938629
-130,50;560,4585628;-82,64373063
-131,32;563,6415909;-81,81699711
-130,50;560,4585628;-81,81699711
-130,50;563,6415909;-82,64373063
-130,50;565,2368068;-83,47033234
-130,50;562,0488442;-83,47033234
-132,98;566,8344959;-85,12315621
-130,50;563,6415909;-80,99012782
-132,15;558,8707428;-83,47033234
-132,15;555,7024709;-83,47033234
-131,32;558,8707428;-85,12315621
-130,50;557,2853802;-84,29680622
-131,32;557,2853802;-85,12315621
-132,98;560,4585628;-85,94938629
-128,85;557,2853802;-84,29680622
-130,50;555,7024709;-85,12315621
-128,85;552,5439969;-87,60150253
-128,85;560,4585628;-87,60150253
-126,37;558,8707428;-84,29680622
-127,20;560,4585628;-85,94938629
-129,67;563,6415909;-87,60150253
-128,85;565,2368068;-84,29680622
-128,85;563,6415909;-85,12315621
-128,85;560,4585628;-85,94938629
-130,50;565,2368068;-86,77550041
-128,85;563,6415909;-81,81699711
-132,15;563,6415909;-84,29680622
-132,15;562,0488442;-85,12315621
-133,80;563,6415909;-84,29680622
-132,98;563,6415909;-84,29680622
-133,80;560,4585628;-85,94938629
-132,98;565,2368068;-88,42739663
-129,67;565,2368068;-84,29680622
-131,32;565,2368068;-85,12315621
-131,32;560,4585628;-84,29680622
-132,15;563,6415909;-83,47033234
-132,15;563,6415909;-82,64373063
-133,80;562,0488442;-81,81699711
-134,63;563,6415909;-81,81699711
-132,15;558,8707428;-80,16311881
-132,15;558,8707428;-80,16311881
-133,80;555,7024709;-79,33596611
-133,80;562,0488442;-81,81699711
-132,15;560,4585628;-81,81699711
-133,80;562,0488442;-82,64373063
-134,63;563,6415909;-85,94938629
-132,98;565,2368068;-83,47033234
-133,80;565,2368068;-84,29680622
-135,45;560,4585628;-85,12315621
-136,28;566,8344959;-86,77550041
-134,63;562,0488442;-82,64373063
-134,63;562,0488442;-85,12315621
-132,98;560,4585628;-85,94938629
-133,80;558,8707428;-84,29680622
-133,80;558,8707428;-85,12315621
-133,80;554,1220112;-85,12315621
-136,28;560,4585628;-87,60150253
-134,63;563,6415909;-85,12315621
-133,80;563,6415909;-85,12315621
-132,15;562,0488442;-83,47033234
-132,98;563,6415909;-83,47033234
-131,32;557,2853802;-80,99012782
-131,32;557,2853802;-82,64373063
-132,15;562,0488442;-85,94938629
-129,67;562,0488442;-84,29680622
-130,50;562,0488442;-85,94938629
-128,85;557,2853802;-85,12315621
-131,32;563,6415909;-85,12315621
-128,85;560,4585628;-85,12315621
-130,50;557,2853802;-85,12315621
-130,50;557,2853802;-88,42739663
-129,67;557,2853802;-85,94938629
-132,15;555,7024709;-85,94938629
-132,98;550,9684241;-85,94938629
-134,63;557,2853802;-85,94938629
-132,15;557,2853802;-83,47033234
-133,80;558,8707428;-86,77550041
-132,98;560,4585628;-87,60150253
-133,80;562,0488442;-85,94938629
-132,98;560,4585628;-86,77550041
-132,98;558,8707428;-87,60150253
-134,63;565,2368068;-88,42739663
-132,15;565,2368068;-85,12315621
-134,63;566,8344959;-85,94938629
-133,80;563,6415909;-85,12315621
-132,98;563,6415909;-85,94938629
-129,67;562,0488442;-86,77550041
-133,80;560,4585628;-86,77550041
-134,63;563,6415909;-88,42739663
-132,98;560,4585628;-86,77550041
-133,80;557,2853802;-88,42739663
-133,80;554,1220112;-87,60150253
-133,80;557,2853802;-88,42739663
-131,32;555,7024709;-86,77550041
-132,15;557,2853802;-86,77550041
-132,98;558,8707428;-88,42739663
-131,32;558,8707428;-85,12315621
-132,15;558,8707428;-85,94938629
-132,98;557,2853802;-85,12315621
-134,63;563,6415909;-85,94938629
-132,15;562,0488442;-81,81699711
-132,15;562,0488442;-82,64373063
-131,32;565,2368068;-85,12315621
-132,15;566,8344959;-84,29680622
-132,15;568,4346622;-85,12315621
-132,98;562,0488442;-84,29680622
-134,63;566,8344959;-85,12315621
-132,98;563,6415909;-80,16311881
-134,63;562,0488442;-80,99012782
-135,45;560,4585628;-80,99012782
-134,63;560,4585628;-80,99012782
-132,98;557,2853802;-81,81699711
-132,98;554,1220112;-82,64373063
-134,63;560,4585628;-85,94938629
-132,15;558,8707428;-81,81699711
-132,15;557,2853802;-85,12315621
-130,50;554,1220112;-85,12315621
-130,50;558,8707428;-85,94938629
-129,67;555,7024709;-85,12315621
-131,32;554,1220112;-85,94938629
-132,98;558,8707428;-87,60150253
-132,15;558,8707428;-84,29680622
-132,98;558,8707428;-84,29680622
-134,63;557,2853802;-83,47033234
-134,63;562,0488442;-83,47033234
-132,15;560,4585628;-81,81699711
-132,98;563,6415909;-82,64373063
-132,15;560,4585628;-85,12315621
-132,98;562,0488442;-84,29680622
-132,15;560,4585628;-84,29680622
-132,15;555,7024709;-84,29680622
-133,80;558,8707428;-86,77550041
-131,32;555,7024709;-84,29680622
-132,15;558,8707428;-85,94938629
-132,98;560,4585628;-86,77550041
-134,63;563,6415909;-85,94938629
-135,45;560,4585628;-87,60150253
-136,28;560,4585628;-88,42739663
-137,93;565,2368068;-90,90447033
-135,45;562,0488442;-86,77550041
-134,63;565,2368068;-86,77550041
-133,80;562,0488442;-86,77550041
-134,63;566,8344959;-85,94938629
-132,15;563,6415909;-84,29680622
-133,80;562,0488442;-84,29680622
-136,28;566,8344959;-87,60150253
-134,63;566,8344959;-85,12315621
-134,63;565,2368068;-85,94938629
-134,63;562,0488442;-86,77550041
-135,45;568,4346622;-88,42739663
-131,32;563,6415909;-85,94938629
-132,98;565,2368068;-86,77550041
-133,80;563,6415909;-88,42739663
-134,63;565,2368068;-85,94938629
-133,80;565,2368068;-86,77550041
-133,80;563,6415909;-86,77550041
-135,45;568,4346622;-88,42739663
-132,15;563,6415909;-84,29680622
-132,98;565,2368068;-84,29680622
-132,98;563,6415909;-84,29680622
-133,80;563,6415909;-83,47033234
-132,15;562,0488442;-83,47033234
-132,98;563,6415909;-82,64373063
-133,80;566,8344959;-85,94938629
-130,50;562,0488442;-82,64373063
-132,15;560,4585628;-83,47033234
-132,15;557,2853802;-85,12315621
-134,63;558,8707428;-84,29680622
-131,32;557,2853802;-81,81699711
-131,32;554,1220112;-81,81699711
-132,98;557,2853802;-81,81699711
-131,32;557,2853802;-79,33596611
-130,50;558,8707428;-79,33596611
-130,50;558,8707428;-79,33596611
-132,15;565,2368068;-80,99012782
-128,85;563,6415909;-80,99012782
-130,50;563,6415909;-81,81699711
-128,85;562,0488442;-83,47033234
-129,67;560,4585628;-81,81699711
-128,85;558,8707428;-81,81699711
-130,50;554,1220112;-83,47033234
-133,80;560,4585628;-85,12315621
-130,50;560,4585628;-84,29680622
-132,15;560,4585628;-85,12315621
-132,98;558,8707428;-85,94938629
-133,80;560,4585628;-84,29680622
-132,15;560,4585628;-85,12315621
-132,15;560,4585628;-85,12315621
-133,80;565,2368068;-85,94938629
-132,15;563,6415909;-83,47033234
-132,98;563,6415909;-84,29680622
-130,50;562,0488442;-85,12315621
-132,15;563,6415909;-84,29680622
-128,85;562,0488442;-84,29680622
-129,67;558,8707428;-83,47033234
-132,15;560,4585628;-86,77550041
-130,50;560,4585628;-81,81699711
-132,15;558,8707428;-84,29680622
-132,98;560,4585628;-85,12315621
-134,63;566,8344959;-85,94938629
-132,15;565,2368068;-85,94938629
-133,80;565,2368068;-85,12315621
-133,80;565,2368068;-86,77550041
-132,98;563,6415909;-82,64373063
-132,98;563,6415909;-82,64373063
-132,98;558,8707428;-83,47033234
-134,63;565,2368068;-84,29680622
-132,98;563,6415909;-80,99012782
-133,80;562,0488442;-84,29680622
-132,98;562,0488442;-85,94938629
-133,80;563,6415909;-83,47033234
-132,98;560,4585628;-84,29680622
-132,98;555,7024709;-84,29680622
-134,63;558,8707428;-85,94938629
-132,15;555,7024709;-83,47033234
-133,80;557,2853802;-84,29680622
-134,63;555,7024709;-84,29680622
-136,28;560,4585628;-84,29680622
-134,63;555,7024709;-85,12315621
-135,45;554,1220112;-85,12315621
-134,63;557,2853802;-86,77550041
-132,15;555,7024709;-83,47033234
-132,98;558,8707428;-85,12315621
-133,80;557,2853802;-85,12315621
-134,63;560,4585628;-83,47033234
-132,15;558,8707428;-84,29680622
-132,98;557,2853802;-85,12315621
-133,80;560,4585628;-88,42739663
-132,98;560,4585628;-85,94938629
-131,32;558,8707428;-86,77550041
-132,15;555,7024709;-85,12315621
-133,80;562,0488442;-84,29680622
-131,32;558,8707428;-82,64373063
-132,98;558,8707428;-84,29680622
-132,15;558,8707428;-85,94938629
-132,15;562,0488442;-82,64373063
-129,67;560,4585628;-82,64373063
-130,50;557,2853802;-81,81699711
-132,15;560,4585628;-82,64373063
-128,85;557,2853802;-79,33596611
-128,85;555,7024709;-80,99012782
-128,85;554,1220112;-83,47033234
-132,15;560,4585628;-82,64373063
-130,50;557,2853802;-84,29680622
-132,98;552,5439969;-83,47033234
-134,63;557,2853802;-83,47033234
-133,80;557,2853802;-80,99012782
-133,80;557,2853802;-81,81699711
-134,63;557,2853802;-81,81699711
-137,11;563,6415909;-81,81699711
-134,63;563,6415909;-82,64373063
-134,63;562,0488442;-81,81699711
-134,63;560,4585628;-85,12315621
-132,98;557,2853802;-85,12315621
-132,15;554,1220112;-88,42739663
-132,98;552,5439969;-87,60150253
-136,28;558,8707428;-86,77550041
-132,15;557,2853802;-85,12315621
-134,63;558,8707428;-85,12315621
-132,98;562,0488442;-87,60150253
-132,15;563,6415909;-83,47033234
-129,67;562,0488442;-84,29680622
-131,32;558,8707428;-83,47033234
-133,80;565,2368068;-85,12315621
-131,32;562,0488442;-83,47033234
-130,50;563,6415909;-83,47033234
-130,50;565,2368068;-85,94938629
-132,15;568,4346622;-84,29680622
-130,50;565,2368068;-84,29680622
-130,50;560,4585628;-84,29680622
-130,50;565,2368068;-85,94938629
-128,85;565,2368068;-82,64373063
-129,67;565,2368068;-84,29680622
-130,50;558,8707428;-85,12315621
-132,98;560,4585628;-84,29680622
-129,67;558,8707428;-85,12315621
-132,15;557,2853802;-82,64373063
-132,98;560,4585628;-85,12315621
-131,32;562,0488442;-83,47033234
-129,67;560,4585628;-85,94938629
-129,67;555,7024709;-85,94938629
-132,98;558,8707428;-85,94938629
-130,50;555,7024709;-85,12315621
-132,15;554,1220112;-85,94938629
-132,98;557,2853802;-86,77550041
-135,45;560,4585628;-80,99012782
-135,45;558,8707428;-80,16311881
-136,28;555,7024709;-78,50866576
-137,93;562,0488442;-80,16311881
-133,80;558,8707428;-79,33596611
-134,63;562,0488442;-81,81699711
-134,63;560,4585628;-83,47033234
-134,63;560,4585628;-81,81699711
-132,15;558,8707428;-84,29680622
-132,98;552,5439969;-83,47033234
-133,80;557,2853802;-84,29680622
-133,80;554,1220112;-81,81699711
-133,80;554,1220112;-83,47033234
-132,98;555,7024709;-83,47033234
-134,63;558,8707428;-82,64373063
-132,98;557,2853802;-84,29680622
-132,98;557,2853802;-85,94938629
-132,98;558,8707428;-87,60150253
-132,15;558,8707428;-83,47033234
-131,32;558,8707428;-83,47033234
-131,32;554,1220112;-83,47033234
-133,80;557,2853802;-84,29680622
-132,15;555,7024709;-83,47033234
-132,15;560,4585628;-83,47033234
-130,50;560,4585628;-84,29680622
-130,50;562,0488442;-81,81699711
-129,67;563,6415909;-84,29680622
-132,15;560,4585628;-84,29680622
-134,63;568,4346622;-84,29680622
-133,80;563,6415909;-82,64373063
-134,63;563,6415909;-83,47033234
-134,63;562,0488442;-84,29680622
-135,45;560,4585628;-81,81699711
-132,98;557,2853802;-82,64373063
-134,63;552,5439969;-81,81699711
-134,63;558,8707428;-84,29680622
-131,32;557,2853802;-82,64373063
-132,15;558,8707428;-85,12315621
-132,15;558,8707428;-86,77550041
-134,63;558,8707428;-84,29680622
-132,98;554,1220112;-85,12315621
-133,80;552,5439969;-82,64373063
-133,80;557,2853802;-85,12315621
-132,98;560,4585628;-81,81699711
-132,98;562,0488442;-83,47033234
-133,80;560,4585628;-83,47033234
-137,11;562,0488442;-82,64373063
-133,80;560,4585628;-83,47033234
-134,63;558,8707428;-85,12315621
-132,98;562,0488442;-87,60150253
-132,98;562,0488442;-84,29680622
-130,50;558,8707428;-86,77550041
-130,50;558,8707428;-85,12315621
-131,32;565,2368068;-86,77550041
-128,85;566,8344959;-85,12315621
-129,67;568,4346622;-85,94938629
-129,67;565,2368068;-86,77550041
-131,32;562,0488442;-84,29680622
-129,67;560,4585628;-85,12315621
-132,15;554,1220112;-84,29680622
-133,80;560,4585628;-84,29680622
-133,80;560,4585628;-82,64373063
-133,80;558,8707428;-85,12315621
-133,80;554,1220112;-86,77550041
-135,45;557,2853802;-85,94938629
-132,98;554,1220112;-86,77550041
-134,63;554,1220112;-85,94938629
-134,63;562,0488442;-87,60150253
-134,63;560,4585628;-84,29680622
-133,80;558,8707428;-84,29680622
-134,63;557,2853802;-85,94938629
-137,11;565,2368068;-85,94938629
-132,98;565,2368068;-85,94938629
-135,45;562,0488442;-85,94938629
-135,45;562,0488442;-86,77550041
-135,45;563,6415909;-80,99012782
-133,80;566,8344959;-82,64373063
-135,45;566,8344959;-81,81699711
-137,93;570,0373097;-81,81699711
-134,63;566,8344959;-81,81699711
-134,63;566,8344959;-83,47033234
-134,63;566,8344959;-85,12315621
-136,28;565,2368068;-81,81699711
-134,63;563,6415909;-83,47033234
-134,63;558,8707428;-82,64373063
-137,11;560,4585628;-83,47033234
-134,63;557,2853802;-83,47033234
-134,63;558,8707428;-85,12315621
-134,63;560,4585628;-85,94938629
-136,28;562,0488442;-81,81699711
-132,15;557,2853802;-82,64373063
-132,15;555,7024709;-82,64373063
-131,32;560,4585628;-85,12315621
-131,32;557,2853802;-83,47033234
-130,50;557,2853802;-85,12315621
-130,50;550,9684241;-85,94938629
-132,15;554,1220112;-83,47033234
-128,02;550,9684241;-84,29680622
-127,20;550,9684241;-83,47033234
-128,02;555,7024709;-85,12315621
-128,85;557,2853802;-82,64373063
-127,20;557,2853802;-84,29680622
-129,67;555,7024709;-85,12315621
-132,15;560,4585628;-85,94938629
-128,85;560,4585628;-85,94938629
-129,67;560,4585628;-85,94938629
-129,67;560,4585628;-88,42739663
-131,32;562,0488442;-85,94938629
-128,85;560,4585628;-87,60150253
-129,67;555,7024709;-86,77550041
-131,32;558,8707428;-87,60150253
-130,50;557,2853802;-85,12315621
-130,50;557,2853802;-85,12315621
-130,50;557,2853802;-87,60150253
-132,15;558,8707428;-85,94938629
-128,85;557,2853802;-85,94938629
-129,67;555,7024709;-84,29680622
-129,67;562,0488442;-85,12315621
-131,32;562,0488442;-81,81699711
-132,15;560,4585628;-82,64373063
-133,80;554,1220112;-84,29680622
-136,28;557,2853802;-83,47033234
-132,15;554,1220112;-85,12315621
-134,63;554,1220112;-84,29680622
-134,63;558,8707428;-85,12315621
-135,45;558,8707428;-82,64373063
-133,80;560,4585628;-85,12315621
-132,98;558,8707428;-86,77550041
-133,80;563,6415909;-85,12315621
-130,50;560,4585628;-85,12315621
-132,15;560,4585628;-85,12315621
-132,98;565,2368068;-86,77550041
-133,80;565,2368068;-81,81699711
-130,50;560,4585628;-83,47033234
-132,15;554,1220112;-83,47033234
-132,15;560,4585628;-83,47033234
-131,32;558,8707428;-82,64373063
-130,50;558,8707428;-83,47033234
-129,67;562,0488442;-85,12315621
-132,15;563,6415909;-81,81699711
-131,32;557,2853802;-81,81699711
-132,15;555,7024709;-82,64373063
-132,98;565,2368068;-82,64373063
-133,80;560,4585628;-80,99012782
-134,63;560,4585628;-81,81699711
-135,45;558,8707428;-82,64373063
-137,93;562,0488442;-80,16311881
-132,98;560,4585628;-82,64373063
-132,98;555,7024709;-83,47033234
-132,98;555,7024709;-85,12315621
-135,45;555,7024709;-82,64373063
-132,98;558,8707428;-85,12315621
-133,80;558,8707428;-85,12315621
-134,63;565,2368068;-85,12315621
-132,15;562,0488442;-85,12315621
-134,63;558,8707428;-83,47033234
-134,63;557,2853802;-85,94938629
-136,28;557,2853802;-82,64373063
-133,80;558,8707428;-82,64373063
-134,63;557,2853802;-83,47033234
-135,45;566,8344959;-85,12315621
-132,98;563,6415909;-85,12315621
-132,15;563,6415909;-85,12315621
-131,32;562,0488442;-86,77550041
-132,98;563,6415909;-83,47033234
-129,67;560,4585628;-85,12315621
-129,67;558,8707428;-83,47033234
-129,67;563,6415909;-83,47033234
-129,67;560,4585628;-81,81699711
-130,50;555,7024709;-82,64373063
-132,15;550,9684241;-84,29680622
-133,80;554,1220112;-80,16311881
-132,15;554,1220112;-81,81699711
-132,98;554,1220112;-82,64373063
-132,15;557,2853802;-85,94938629
-134,63;558,8707428;-83,47033234
-132,15;560,4585628;-83,47033234
-132,98;560,4585628;-84,29680622
-133,80;562,0488442;-82,64373063
-131,32;560,4585628;-83,47033234
-131,32;560,4585628;-83,47033234
-129,67;562,0488442;-84,29680622
-130,50;558,8707428;-81,81699711
-128,85;558,8707428;-83,47033234
-130,50;555,7024709;-83,47033234
-132,15;562,0488442;-82,64373063
-130,50;557,2853802;-82,64373063
-132,98;557,2853802;-83,47033234
-135,45;560,4585628;-85,94938629
-137,93;562,0488442;-81,81699711
-134,63;560,4585628;-82,64373063
-136,28;555,7024709;-81,81699711
-134,63;558,8707428;-83,47033234
-132,98;557,2853802;-82,64373063
-132,15;558,8707428;-84,29680622
-132,98;558,8707428;-88,42739663
-135,45;562,0488442;-84,29680622
-132,15;558,8707428;-85,94938629
-132,98;554,1220112;-85,12315621
-132,98;555,7024709;-85,94938629
-135,45;552,5439969;-84,29680622
-134,63;554,1220112;-85,94938629
-133,80;550,9684241;-86,77550041
-134,63;555,7024709;-84,29680622
-130,50;557,2853802;-83,47033234
-129,67;558,8707428;-83,47033234
-129,67;560,4585628;-85,94938629
-131,32;562,0488442;-83,47033234
-129,67;562,0488442;-84,29680622
-130,50;557,2853802;-85,12315621
-132,15;560,4585628;-83,47033234
-130,50;557,2853802;-84,29680622
-132,15;558,8707428;-83,47033234
-132,15;558,8707428;-85,94938629
-133,80;560,4585628;-82,64373063
-128,85;560,4585628;-83,47033234
-129,67;557,2853802;-82,64373063
-130,50;562,0488442;-82,64373063
-130,50;557,2853802;-84,29680622
-130,50;558,8707428;-85,12315621
-130,50;560,4585628;-89,25318665
-132,15;563,6415909;-86,77550041
-129,67;558,8707428;-88,42739663
-130,50;554,1220112;-85,94938629
-130,50;557,2853802;-85,94938629
-132,15;557,2853802;-85,12315621
-130,50;557,2853802;-86,77550041
-132,98;555,7024709;-88,42739663
-135,45;562,0488442;-85,94938629
-132,15;558,8707428;-85,12315621
-133,80;557,2853802;-85,12315621
-133,80;560,4585628;-86,77550041
-133,80;558,8707428;-82,64373063
-132,15;560,4585628;-83,47033234
-132,15;558,8707428;-83,47033234
-132,15;565,2368068;-80,16311881
-131,32;563,6415909;-81,81699711
-132,15;562,0488442;-81,81699711
-132,98;562,0488442;-85,12315621
-135,45;560,4585628;-81,81699711
-133,80;558,8707428;-82,64373063
-135,45;554,1220112;-83,47033234
-134,63;558,8707428;-83,47033234
-134,63;555,7024709;-83,47033234
-132,15;557,2853802;-83,47033234
-131,32;555,7024709;-85,94938629
-132,98;560,4585628;-83,47033234
-131,32;560,4585628;-85,94938629
-133,80;555,7024709;-85,94938629
-132,98;560,4585628;-85,94938629
-133,80;558,8707428;-85,12315621
-133,80;558,8707428;-86,77550041
-137,11;557,2853802;-87,60150253
-137,11;565,2368068;-85,94938629
-135,45;563,6415909;-86,77550041
-133,80;563,6415909;-87,60150253
-132,15;568,4346622;-87,60150253
-132,98;565,2368068;-85,12315621
-130,50;560,4585628;-85,12315621
-129,67;555,7024709;-84,29680622
-128,85;560,4585628;-81,81699711
-128,02;557,2853802;-83,47033234
-130,50;555,7024709;-82,64373063
-131,32;558,8707428;-85,12315621
-132,98;560,4585628;-80,99012782
-129,67;557,2853802;-83,47033234
-130,50;550,9684241;-83,47033234
-130,50;557,2853802;-82,64373063
-130,50;555,7024709;-81,81699711
-129,67;557,2853802;-81,81699711
-130,50;558,8707428;-85,12315621
-134,63;560,4585628;-81,81699711
-132,98;557,2853802;-82,64373063
-133,80;554,1220112;-81,81699711
-134,63;557,2853802;-82,64373063
-135,45;550,9684241;-83,47033234
-134,63;550,9684241;-84,29680622
-136,28;550,9684241;-85,94938629
-137,11;557,2853802;-81,81699711
-133,80;560,4585628;-81,81699711
-134,63;558,8707428;-80,99012782
-134,63;563,6415909;-81,81699711
-134,63;562,0488442;-81,81699711
-132,15;562,0488442;-83,47033234
-132,98;557,2853802;-85,12315621
-132,98;560,4585628;-81,81699711
-132,98;557,2853802;-83,47033234
-134,63;557,2853802;-82,64373063
-134,63;562,0488442;-84,29680622
-136,28;560,4585628;-81,81699711
-132,98;560,4585628;-84,29680622
-134,63;557,2853802;-84,29680622
-134,63;563,6415909;-82,64373063
-134,63;562,0488442;-84,29680622
-133,80;560,4585628;-84,29680622
-132,15;558,8707428;-85,94938629
-133,80;558,8707428;-82,64373063
-130,50;560,4585628;-85,94938629
-132,15;557,2853802;-85,12315621
-131,32;560,4585628;-85,94938629
-132,15;557,2853802;-84,29680622
-130,50;558,8707428;-84,29680622
-132,15;557,2853802;-86,77550041
-132,15;562,0488442;-81,81699711
-131,32;560,4585628;-82,64373063
-130,50;554,1220112;-82,64373063
-130,50;557,2853802;-84,29680622
-132,15;558,8707428;-81,81699711
-130,50;558,8707428;-83,47033234
-132,98;557,2853802;-84,29680622
-134,63;560,4585628;-82,64373063
-133,80;560,4585628;-83,47033234
-133,80;557,2853802;-82,64373063
-132,98;560,4585628;-84,29680622
-134,63;560,4585628;-81,81699711
-131,32;560,4585628;-84,29680622
-132,15;554,1220112;-84,29680622
-131,32;557,2853802;-82,64373063
-131,32;555,7024709;-81,81699711
-129,67;554,1220112;-83,47033234
-132,15;555,7024709;-85,12315621
-135,45;555,7024709;-80,99012782
-134,63;557,2853802;-84,29680622
-136,28;555,7024709;-84,29680622
-133,80;560,4585628;-84,29680622
-133,80;558,8707428;-82,64373063
-133,80;557,2853802;-84,29680622
-135,45;555,7024709;-86,77550041
-137,11;560,4585628;-83,47033234
-134,63;557,2853802;-84,29680622
-135,45;554,1220112;-82,64373063
-134,63;558,8707428;-82,64373063
-135,45;558,8707428;-80,16311881
-133,80;558,8707428;-80,16311881
-134,63;560,4585628;-82,64373063
-134,63;565,2368068;-80,99012782
-132,15;563,6415909;-81,81699711
-130,50;562,0488442;-82,64373063
-129,67;565,2368068;-84,29680622
-133,80;565,2368068;-82,64373063
-131,32;563,6415909;-84,29680622
-132,15;562,0488442;-86,77550041
-131,32;570,0373097;-85,12315621
-132,15;563,6415909;-85,94938629
-130,50;560,4585628;-85,94938629
-130,50;558,8707428;-86,77550041
-132,15;557,2853802;-85,12315621
-129,67;557,2853802;-85,94938629
-131,32;554,1220112;-85,94938629
-132,15;557,2853802;-84,29680622
-132,98;554,1220112;-85,94938629
-130,50;555,7024709;-85,12315621
-132,15;558,8707428;-86,77550041
-132,15;560,4585628;-84,29680622
-129,67;560,4585628;-85,94938629
-132,15;557,2853802;-82,64373063
-131,32;562,0488442;-81,81699711
-133,80;558,8707428;-81,81699711
-132,15;560,4585628;-82,64373063
-132,15;555,7024709;-84,29680622
-132,15;555,7024709;-81,81699711
-132,15;554,1220112;-82,64373063
-132,15;554,1220112;-81,81699711
-132,15;560,4585628;-83,47033234
-136,28;562,0488442;-81,81699711
-134,63;562,0488442;-83,47033234
-135,45;560,4585628;-84,29680622
-134,63;563,6415909;-81,81699711
-132,98;562,0488442;-85,94938629
-132,15;563,6415909;-85,94938629
-130,50;563,6415909;-87,60150253
-132,15;563,6415909;-85,94938629
-128,85;560,4585628;-86,77550041
-129,67;554,1220112;-86,77550041
-131,32;562,0488442;-85,12315621
-132,15;562,0488442;-82,64373063
-131,32;563,6415909;-83,47033234
-132,15;563,6415909;-86,77550041
-133,80;566,8344959;-84,29680622
-132,15;563,6415909;-86,77550041
-132,15;557,2853802;-85,94938629
-132,15;562,0488442;-85,94938629
-134,63;558,8707428;-85,12315621
-132,15;557,2853802;-85,94938629
-133,80;557,2853802;-87,60150253
-132,98;560,4585628;-84,29680622
-131,32;560,4585628;-85,12315621
-130,50;558,8707428;-83,47033234
-131,32;563,6415909;-83,47033234
-134,63;560,4585628;-81,81699711
-134,63;558,8707428;-84,29680622
-134,63;557,2853802;-85,94938629
-133,80;563,6415909;-83,47033234
-133,80;562,0488442;-85,12315621
-132,15;563,6415909;-84,29680622
-132,98;563,6415909;-85,12315621
-134,63;563,6415909;-84,29680622
-132,15;558,8707428;-86,77550041
-134,63;554,1220112;-87,60150253
-133,80;558,8707428;-85,94938629
-133,80;557,2853802;-85,94938629
-132,15;557,2853802;-85,94938629
-132,15;560,4585628;-87,60150253
-133,80;563,6415909;-85,12315621
-132,15;562,0488442;-86,77550041
-132,98;557,2853802;-85,94938629
-132,15;562,0488442;-85,94938629
-134,63;560,4585628;-86,77550041
-132,15;563,6415909;-88,42739663
-132,15;558,8707428;-89,25318665
-133,80;562,0488442;-85,94938629
-131,32;557,2853802;-87,60150253
-129,67;554,1220112;-85,94938629
-131,32;558,8707428;-85,94938629
-134,63;557,2853802;-85,12315621
-132,15;557,2853802;-86,77550041
-132,98;552,5439969;-88,42739663
-132,98;554,1220112;-85,94938629
-133,80;550,9684241;-86,77550041
-132,15;552,5439969;-85,12315621
-132,15;557,2853802;-86,77550041
-133,80;558,8707428;-84,29680622
-131,32;560,4585628;-86,77550041
-132,15;555,7024709;-89,25318665
-130,50;560,4585628;-87,60150253
-132,98;560,4585628;-88,42739663
-132,15;560,4585628;-87,60150253
-133,80;562,0488442;-89,25318665
-134,63;562,0488442;-85,12315621
-132,98;558,8707428;-85,94938629
-133,80;554,1220112;-85,12315621
-133,80;560,4585628;-84,29680622
-134,63;555,7024709;-85,94938629
-131,32;557,2853802;-87,60150253
-132,98;555,7024709;-89,25318665
-132,98;558,8707428;-85,94938629
-132,15;554,1220112;-87,60150253
-133,80;550,9684241;-85,94938629
-133,80;557,2853802;-85,12315621
-135,45;554,1220112;-85,12315621
-133,80;554,1220112;-85,94938629
-134,63;554,1220112;-88,42739663
-133,80;558,8707428;-84,29680622
-132,15;558,8707428;-85,12315621
-132,98;557,2853802;-83,47033234
-132,15;563,6415909;-85,12315621
-132,98;563,6415909;-83,47033234
-130,50;560,4585628;-85,12315621
-132,15;555,7024709;-86,77550041
-132,15;562,0488442;-85,12315621
-133,80;560,4585628;-85,94938629
-132,15;563,6415909;-84,29680622
-133,80;565,2368068;-85,94938629
-135,45;565,2368068;-84,29680622
-132,98;565,2368068;-85,12315621
-133,80;562,0488442;-84,29680622
-132,98;566,8344959;-82,64373063
-133,80;565,2368068;-82,64373063
-132,98;563,6415909;-84,29680622
-133,80;562,0488442;-86,77550041
-132,98;565,2368068;-83,47033234
-131,32;560,4585628;-84,29680622
-132,15;557,2853802;-84,29680622
-131,32;557,2853802;-82,64373063
-132,98;555,7024709;-83,47033234
-129,67;557,2853802;-85,94938629
-132,15;554,1220112;-88,42739663
-132,15;558,8707428;-83,47033234
-130,50;557,2853802;-85,12315621
-131,32;560,4585628;-84,29680622
-133,80;562,0488442;-84,29680622
-135,45;562,0488442;-82,64373063
-133,80;562,0488442;-83,47033234
-135,45;560,4585628;-85,94938629
-135,45;563,6415909;-84,29680622
-137,11;557,2853802;-85,12315621
-133,80;555,7024709;-85,12315621
-133,80;554,1220112;-86,77550041
-134,63;552,5439969;-83,47033234
-132,98;552,5439969;-84,29680622
-134,63;550,9684241;-85,12315621
-132,98;555,7024709;-84,29680622
-134,63;554,1220112;-85,94938629
-132,15;557,2853802;-85,94938629
-134,63;557,2853802;-86,77550041
-134,63;562,0488442;-84,29680622
-132,15;560,4585628;-86,77550041
-132,15;557,2853802;-88,42739663
-132,15;560,4585628;-87,60150253
-133,80;557,2853802;-86,77550041
-130,50;560,4585628;-85,94938629
-132,15;558,8707428;-87,60150253
-132,98;562,0488442;-85,12315621
-132,98;555,7024709;-84,29680622
-132,15;552,5439969;-82,64373063
-132,15;557,2853802;-83,47033234
-134,63;558,8707428;-84,29680622
-132,15;558,8707428;-85,94938629
-132,98;554,1220112;-86,77550041
-132,98;557,2853802;-83,47033234
-133,80;554,1220112;-85,12315621
-132,15;557,2853802;-84,29680622
-134,63;560,4585628;-83,47033234
-135,45;562,0488442;-82,64373063
-132,98;560,4585628;-84,29680622
-134,63;554,1220112;-85,12315621
-134,63;562,0488442;-81,81699711
-137,93;557,2853802;-81,81699711
-135,45;558,8707428;-81,81699711
-137,11;558,8707428;-83,47033234
-135,45;562,0488442;-81,81699711
-133,80;560,4585628;-83,47033234
-132,98;557,2853802;-84,29680622
-132,15;560,4585628;-83,47033234
-134,63;558,8707428;-85,12315621
-131,32;560,4585628;-85,94938629
-132,98;558,8707428;-89,25318665
-133,80;566,8344959;-85,94938629
-134,63;560,4585628;-87,60150253
-133,80;557,2853802;-85,94938629
-132,98;560,4585628;-85,12315621
-134,63;555,7024709;-84,29680622
-130,50;555,7024709;-83,47033234
-132,15;552,5439969;-85,12315621
-132,98;554,1220112;-80,99012782
-132,98;554,1220112;-82,64373063
-132,15;555,7024709;-83,47033234
-132,15;557,2853802;-84,29680622
-132,15;558,8707428;-82,64373063
-129,67;560,4585628;-85,12315621
-132,15;555,7024709;-86,77550041
-132,15;563,6415909;-84,29680622
-133,80;560,4585628;-85,94938629
-132,15;562,0488442;-86,77550041
-132,98;560,4585628;-86,77550041
-132,98;563,6415909;-84,29680622
-131,32;560,4585628;-86,77550041
-131,32;557,2853802;-86,77550041
-132,98;565,2368068;-84,29680622
-134,63;563,6415909;-85,12315621
-132,98;562,0488442;-85,12315621
-134,63;558,8707428;-88,42739663
-134,63;560,4585628;-86,77550041
-132,98;558,8707428;-87,60150253
-132,15;555,7024709;-85,94938629
-132,15;557,2853802;-84,29680622
-133,80;557,2853802;-84,29680622
-130,50;557,2853802;-84,29680622
-131,32;555,7024709;-87,60150253
-132,15;562,0488442;-84,29680622
-132,15;560,4585628;-85,94938629
-131,32;557,2853802;-85,12315621
-131,32;558,8707428;-85,94938629
-132,15;560,4585628;-85,12315621
-131,32;562,0488442;-87,60150253
-132,98;560,4585628;-89,25318665
-132,15;566,8344959;-86,77550041
-134,63;563,6415909;-85,94938629
-132,15;563,6415909;-85,12315621
-133,80;565,2368068;-85,94938629
-134,63;566,8344959;-83,47033234
-132,15;565,2368068;-84,29680622
-134,63;560,4585628;-85,12315621
-132,98;566,8344959;-83,47033234
-134,63;568,4346622;-83,47033234
-130,50;571,6424423;-83,47033234
-131,32;571,6424423;-85,94938629
-132,15;571,6424423;-84,29680622
-132,15;568,4346622;-85,12315621
-131,32;562,0488442;-84,29680622
-131,32;563,6415909;-84,29680622
-133,80;560,4585628;-84,29680622
-132,15;562,0488442;-84,29680622
-133,80;560,4585628;-85,94938629
-134,63;563,6415909;-80,16311881
-135,45;562,0488442;-83,47033234
-131,32;560,4585628;-83,47033234
-131,32;563,6415909;-83,47033234
-132,15;563,6415909;-83,47033234
-128,85;563,6415909;-84,29680622
-129,67;560,4585628;-85,94938629
-130,50;563,6415909;-84,29680622
-132,15;557,2853802;-84,29680622
-129,67;560,4585628;-81,81699711
-130,50;557,2853802;-82,64373063
-130,50;558,8707428;-81,81699711
-128,85;557,2853802;-84,29680622
-129,67;554,1220112;-88,42739663
-130,50;560,4585628;-85,94938629
-133,80;555,7024709;-85,94938629
-132,15;558,8707428;-83,47033234
-132,98;557,2853802;-85,94938629
-132,98;562,0488442;-83,47033234
-132,15;560,4585628;-85,12315621
-128,85;557,2853802;-85,12315621
-129,67;558,8707428;-84,29680622
-132,15;555,7024709;-83,47033234
-128,85;555,7024709;-82,64373063
-130,50;557,2853802;-85,12315621
-132,98;563,6415909;-81,81699711
-134,63;560,4585628;-83,47033234
-133,80;557,2853802;-81,81699711
-134,63;562,0488442;-82,64373063
-134,63;563,6415909;-82,64373063
-132,98;565,2368068;-84,29680622
-132,98;562,0488442;-87,60150253
-132,98;566,8344959;-85,94938629
-133,80;562,0488442;-85,94938629
-132,15;563,6415909;-83,47033234
-133,80;560,4585628;-83,47033234
-135,45;562,0488442;-81,81699711
-134,63;562,0488442;-84,29680622
-134,63;558,8707428;-87,60150253
-135,45;558,8707428;-85,94938629
-136,28;554,1220112;-85,94938629
-132,15;554,1220112;-85,12315621
-134,63;557,2853802;-86,77550041
-132,15;558,8707428;-85,12315621
-132,98;558,8707428;-85,94938629
-132,98;554,1220112;-86,77550041
-133,80;560,4585628;-85,12315621
-136,28;557,2853802;-84,29680622
-132,15;557,2853802;-84,29680622
-134,63;554,1220112;-87,60150253
-134,63;557,2853802;-85,94938629
-135,45;555,7024709;-85,94938629
-133,80;555,7024709;-85,94938629
-134,63;557,2853802;-84,29680622
-135,45;555,7024709;-84,29680622
-132,98;555,7024709;-83,47033234
-134,63;552,5439969;-86,77550041
-133,80;558,8707428;-84,29680622
-135,45;557,2853802;-85,94938629
-131,32;558,8707428;-82,64373063
-131,32;558,8707428;-81,81699711
-132,15;554,1220112;-80,16311881
-130,50;557,2853802;-80,99012782
-132,15;552,5439969;-80,99012782
-132,98;558,8707428;-76,02583918
-134,63;555,7024709;-76,02583918
-131,32;557,2853802;-72,71309629
-132,15;557,2853802;-71,88447211
-132,15;558,8707428;-66,0787484
-132,98;557,2853802;-62,75663629
-131,32;554,1220112;-57,7665823
-132,15;560,4585628;-48,59409617
-134,63;560,4585628;-43,57625258
-130,50;560,4585628;-35,18731675
-132,15;558,8707428;-28,45060921
-131,32;563,6415909;-15,75053029
-132,98;563,6415909;-6,373723686
-132,15;563,6415909;4,785171781
-132,15;568,4346622;16,03597446
-132,98;565,2368068;28,26499101
-132,98;562,0488442;40,62156396
-134,63;557,2853802;52,21924196
-134,63;563,6415909;70,31493697
-135,45;558,8707428;85,03102827
-132,15;560,4585628;101,8629588
-132,98;558,8707428;116,1290835
-133,80;558,8707428;132,5785439
-131,32;558,8707428;145,3707166
-130,50;558,8707428;159,3644991
-130,50;566,8344959;178,7360393
-131,32;563,6415909;195,4064082
-128,02;560,4585628;210,2746898
-129,67;558,8707428;224,3263452
-130,50;558,8707428;243,0729591
-130,50;557,2853802;259,9778785
-129,67;550,9684241;276,07584
-131,32;555,7024709;298,4371901
-132,98;555,7024709;317,7450983
-131,32;555,7024709;336,2579416
-132,98;555,7024709;348,8279382
-132,98;558,8707428;368,0349893
-133,80;558,8707428;383,7127222
-130,50;554,1220112;402,3638869
-129,67;558,8707428;421,4136104
-131,32;558,8707428;435,2705932
-131,32;560,4585628;452,1802892
-133,80;555,7024709;467,955952
-133,80;557,2853802;488,4232032
-134,63;554,1220112;501,8155146
-129,67;554,1220112;518,4383724
-132,15;558,8707428;533,7971314
-132,98;560,4585628;547,8245873
-133,80;560,4585628;552,5439969
-133,80;557,2853802;550,9684241
-134,63;562,0488442;560,4585628
-138,76;562,0488442;560,4585628
-137,11;563,6415909;557,2853802
-137,11;560,4585628;554,1220112
-136,28;563,6415909;552,5439969
-136,28;560,4585628;547,8245873
-136,28;560,4585628;543,1270445
-136,28;566,8344959;544,6904691
-134,63;565,2368068;541,5660377
-132,15;562,0488442;538,4512615
-132,98;560,4585628;535,3461088
-133,80;562,0488442;541,5660377
-134,63;560,4585628;540,0074447
-134,63;558,8707428;538,4512615
-135,45;565,2368068;538,4512615
-135,45;565,2368068;538,4512615
-132,15;566,8344959;541,5660377
-132,15;563,6415909;544,6904691
-132,15;568,4346622;552,5439969
-132,15;566,8344959;557,2853802
-130,50;565,2368068;562,0488442
-132,15;568,4346622;562,0488442
-132,98;568,4346622;565,2368068
-132,15;570,0373097;562,0488442
-132,15;568,4346622;557,2853802
-133,80;571,6424423;558,8707428
-136,28;568,4346622;557,2853802
-132,15;565,2368068;557,2853802
-132,15;563,6415909;554,1220112
-128,85;562,0488442;550,9684241
-128,85;558,8707428;546,2563153
-129,67;557,2853802;543,1270445
-132,15;563,6415909;543,1270445
-134,63;563,6415909;538,4512615
-132,15;563,6415909;536,8974842
-133,80;565,2368068;532,2505479
-133,80;568,4346622;535,3461088
-134,63;565,2368068;533,7971314
-133,80;560,4585628;535,3461088
-133,80;566,8344959;536,8974842
-134,63;563,6415909;533,7971314
-132,15;566,8344959;529,1645471
-131,32;565,2368068;526,0880747
-132,15;570,0373097;529,1645471
-134,63;568,4346622;527,6251218
-132,15;565,2368068;529,1645471
-133,80;565,2368068;530,7063545
-133,80;562,0488442;529,1645471
-132,15;562,0488442;526,0880747
-131,32;558,8707428;518,4383724
-132,15;563,6415909;523,021099
-132,98;560,4585628;521,4911625
-129,67;558,8707428;521,4911625
-130,50;560,4585628;519,9635883
-130,50;563,6415909;521,4911625
-130,50;558,8707428;519,9635883
-129,67;554,1220112;513,8768352
-132,15;557,2853802;516,9155109
-134,63;555,7024709;509,3363803
-132,98;558,8707428;507,8275618
-133,80;558,8707428;503,3150503
-132,15;558,8707428;503,3150503
-132,98;554,1220112;498,8233716
-132,15;550,9684241;495,84044
-132,98;557,2853802;495,84044
-133,80;557,2853802;488,4232032
-132,15;558,8707428;484,0001944
-132,98;557,2853802;478,1345163
-132,15;562,0488442;481,0628447
-132,98;560,4585628;476,6737252
-130,50;557,2853802;470,8529554
-132,98;560,4585628;466,5107817
-133,80;557,2853802;460,7522181
-132,98;560,4585628;457,8861513
-132,15;557,2853802;449,3404306
-132,15;563,6415909;452,1802892
-134,63;560,4585628;449,3404306
-130,50;560,4585628;449,3404306
-131,32;560,4585628;443,6866995
-131,32;560,4585628;442,2786575
-132,15;558,8707428;440,8727637
-132,15;554,1220112;435,2705932
-133,80;562,0488442;440,8727637
-137,11;560,4585628;438,0674055
-132,15;560,4585628;435,2705932
-134,63;560,4585628;431,0913289
-134,63;562,0488442;431,0913289
-135,45;560,4585628;428,3157426
-132,15;555,7024709;428,3157426
-132,15;560,4585628;433,8753818
-134,63;558,8707428;435,2705932
-131,32;560,4585628;436,6679331
-132,15;560,4585628;435,2705932
-132,15;560,4585628;443,6866995
-132,98;558,8707428;445,0968939
-130,50;555,7024709;447,9237555
-131,32;557,2853802;449,3404306
-132,15;557,2853802;447,9237555
-131,32;558,8707428;447,9237555
-130,50;557,2853802;443,6866995
-132,15;563,6415909;450,7592739
-134,63;562,0488442;452,1802892
-132,98;562,0488442;457,8861513
-135,45;565,2368068;466,5107817
-135,45;560,4585628;470,8529554
-134,63;562,0488442;476,6737252
-134,63;557,2853802;478,1345163
-134,63;562,0488442;489,9020844
-136,28;560,4585628;495,84044
-133,80;560,4585628;501,8155146
-135,45;560,4585628;506,32107
-135,45;558,8707428;515,3949999
-136,28;558,8707428;518,4383724
-132,98;554,1220112;523,021099
-132,98;560,4585628;535,3461088
-133,80;560,4585628;541,5660377
-132,98;560,4585628;550,9684241
-134,63;558,8707428;554,1220112
-134,63;558,8707428;562,0488442
-137,11;554,1220112;562,0488442
-133,80;549,3952889;558,8707428
-133,80;557,2853802;560,4585628
-133,80;554,1220112;558,8707428
-132,15;555,7024709;558,8707428
-130,50;554,1220112;555,7024709
-132,15;558,8707428;563,6415909
-134,63;554,1220112;560,4585628
-132,15;557,2853802;558,8707428
-132,98;560,4585628;555,7024709
-134,63;560,4585628;554,1220112
-132,98;560,4585628;555,7024709
-131,32;554,1220112;552,5439969
-132,15;557,2853802;560,4585628
-134,63;552,5439969;557,2853802
-132,15;554,1220112;558,8707428
-132,98;555,7024709;555,7024709
-132,15;557,2853802;555,7024709
-132,15;555,7024709;558,8707428
-129,67;549,3952889;554,1220112
-129,67;552,5439969;562,0488442
-129,67;552,5439969;562,0488442
-128,02;557,2853802;568,4346622
-128,85;557,2853802;566,8344959
-128,85;560,4585628;568,4346622
-131,32;560,4585628;563,6415909
-130,50;558,8707428;558,8707428
-132,15;562,0488442;562,0488442
-131,32;560,4585628;558,8707428
-129,67;563,6415909;557,2853802
-130,50;562,0488442;549,3952889
-131,32;563,6415909;550,9684241
-135,45;560,4585628;544,6904691
-133,80;560,4585628;540,0074447
-132,98;562,0488442;541,5660377
-131,32;560,4585628;541,5660377
-129,67;560,4585628;540,0074447
-129,67;557,2853802;535,3461088
-130,50;562,0488442;538,4512615
-132,98;562,0488442;536,8974842
-132,15;560,4585628;535,3461088
-132,98;562,0488442;532,2505479
-132,15;560,4585628;532,2505479
-133,80;558,8707428;527,6251218
-132,15;554,1220112;518,4383724
-132,98;563,6415909;521,4911625
-134,63;563,6415909;518,4383724
-132,98;565,2368068;518,4383724
-134,63;563,6415909;518,4383724
-134,63;563,6415909;519,9635883
-134,63;562,0488442;515,3949999
-132,15;557,2853802;510,8475294
-132,98;560,4585628;512,361013
-133,80;560,4585628;507,8275618
-132,98;560,4585628;504,8169008
-132,98;554,1220112;503,3150503
-133,80;555,7024709;510,8475294
-135,45;555,7024709;509,3363803
-131,32;558,8707428;506,32107
-133,80;566,8344959;506,32107
-133,80;565,2368068;504,8169008
-133,80;562,0488442;498,8233716
-132,98;554,1220112;491,3832448
-132,98;555,7024709;495,84044
-133,80;554,1220112;492,8666882
-128,85;557,2853802;492,8666882
-129,67;562,0488442;494,3524186
-129,67;560,4585628;492,8666882
-129,67;562,0488442;489,9020844
-130,50;555,7024709;486,9465971
-132,15;562,0488442;492,8666882
-132,98;562,0488442;492,8666882
-132,15;562,0488442;494,3524186
-133,80;560,4585628;495,84044
-132,98;563,6415909;498,8233716
-133,80;563,6415909;500,3182897
-130,50;562,0488442;498,8233716
-132,98;565,2368068;504,8169008
-134,63;565,2368068;503,3150503
-133,80;563,6415909;506,32107
-132,98;560,4585628;506,32107
-131,32;563,6415909;513,8768352
-132,98;560,4585628;513,8768352
-129,67;560,4585628;513,8768352
-132,15;562,0488442;516,9155109
-133,80;560,4585628;518,4383724
-134,63;558,8707428;523,021099
-132,15;555,7024709;523,021099
-131,32;560,4585628;530,7063545
-132,98;557,2853802;533,7971314
-130,50;558,8707428;536,8974842
-130,50;560,4585628;543,1270445
-131,32;562,0488442;546,2563153
-132,15;562,0488442;550,9684241
-131,32;557,2853802;549,3952889
-132,98;566,8344959;560,4585628
-134,63;565,2368068;560,4585628
-132,15;565,2368068;560,4585628
-132,15;563,6415909;558,8707428
-132,15;568,4346622;560,4585628
-132,98;568,4346622;558,8707428
-130,50;565,2368068;554,1220112
-132,15;568,4346622;557,2853802
-132,15;565,2368068;557,2853802
-129,67;565,2368068;557,2853802
-131,32;560,4585628;554,1220112
-132,15;562,0488442;555,7024709
-134,63;560,4585628;550,9684241
-132,98;558,8707428;550,9684241
-133,80;563,6415909;557,2853802
-133,80;565,2368068;557,2853802
-132,98;565,2368068;558,8707428
-130,50;560,4585628;557,2853802
-131,32;565,2368068;560,4585628
-134,63;558,8707428;554,1220112
-132,15;558,8707428;550,9684241
-134,63;562,0488442;550,9684241
-134,63;563,6415909;549,3952889
-134,63;562,0488442;549,3952889
-132,98;557,2853802;544,6904691
-133,80;560,4585628;549,3952889
-133,80;558,8707428;547,8245873
-131,32;562,0488442;549,3952889
-132,98;560,4585628;544,6904691
-132,98;558,8707428;543,1270445
-136,28;557,2853802;538,4512615
-134,63;554,1220112;533,7971314
-136,28;562,0488442;541,5660377
-136,28;560,4585628;543,1270445
-132,98;560,4585628;546,2563153
-131,32;558,8707428;546,2563153
-132,15;562,0488442;547,8245873
-132,98;558,8707428;543,1270445
-132,15;560,4585628;538,4512615
-134,63;563,6415909;543,1270445
-134,63;565,2368068;541,5660377
-132,15;568,4346622;541,5660377
-130,50;566,8344959;535,3461088
-132,15;570,0373097;538,4512615
-133,80;566,8344959;535,3461088
-131,32;563,6415909;535,3461088
-133,80;563,6415909;535,3461088
-132,15;562,0488442;529,1645471
-132,15;562,0488442;527,6251218
-130,50;557,2853802;521,4911625
-132,15;562,0488442;526,0880747
-133,80;560,4585628;523,021099
-131,32;562,0488442;526,0880747
-133,80;562,0488442;526,0880747
-134,63;565,2368068;524,5534017
-136,28;562,0488442;524,5534017
-133,80;557,2853802;519,9635883
-132,15;565,2368068;524,5534017
-133,80;563,6415909;523,021099
-132,15;563,6415909;523,021099
-132,98;563,6415909;521,4911625
-132,98;565,2368068;524,5534017
-135,45;563,6415909;523,021099
-132,15;562,0488442;519,9635883
-132,15;565,2368068;521,4911625
-132,15;563,6415909;524,5534017
-132,15;562,0488442;527,6251218
-130,50;558,8707428;529,1645471
-130,50;563,6415909;536,8974842
-132,98;562,0488442;536,8974842
-130,50;560,4585628;533,7971314
-132,15;562,0488442;541,5660377
-131,32;557,2853802;541,5660377
-132,98;558,8707428;543,1270445
-132,15;557,2853802;538,4512615
-132,98;563,6415909;544,6904691
-135,45;558,8707428;544,6904691
-132,98;560,4585628;544,6904691
-132,98;558,8707428;552,5439969
-132,15;558,8707428;554,1220112
-133,80;555,7024709;554,1220112
-132,15;554,1220112;552,5439969
-133,80;560,4585628;560,4585628
-132,15;560,4585628;555,7024709
-130,50;558,8707428;558,8707428
-131,32;558,8707428;557,2853802
-131,32;560,4585628;558,8707428
-132,98;560,4585628;555,7024709
-129,67;555,7024709;552,5439969
-129,67;563,6415909;554,1220112
-130,50;558,8707428;554,1220112
-130,50;557,2853802;554,1220112
-130,50;555,7024709;552,5439969
-130,50;558,8707428;557,2853802
-133,80;558,8707428;554,1220112
-132,15;558,8707428;557,2853802
-132,15;560,4585628;562,0488442
-132,15;558,8707428;562,0488442
-131,32;562,0488442;560,4585628
-129,67;558,8707428;555,7024709
-130,50;563,6415909;563,6415909
-132,98;560,4585628;560,4585628
-131,32;557,2853802;560,4585628
-132,98;554,1220112;563,6415909
-132,98;555,7024709;563,6415909
-132,98;557,2853802;562,0488442
-131,32;554,1220112;558,8707428
-133,80;562,0488442;562,0488442
-134,63;563,6415909;558,8707428
-133,80;563,6415909;562,0488442
-133,80;562,0488442;560,4585628
-133,80;562,0488442;563,6415909
-134,63;563,6415909;562,0488442
-132,15;565,2368068;557,2853802
-132,98;571,6424423;562,0488442
-132,98;568,4346622;558,8707428
-132,15;568,4346622;560,4585628
-132,15;560,4585628;558,8707428
-133,80;562,0488442;562,0488442
-134,63;560,4585628;558,8707428
-130,50;558,8707428;554,1220112
-132,15;558,8707428;557,2853802
-132,15;558,8707428;560,4585628
-131,32;560,4585628;560,4585628
-130,50;557,2853802;557,2853802
-132,98;565,2368068;560,4585628
-136,28;562,0488442;558,8707428
-132,98;560,4585628;560,4585628
-133,80;558,8707428;563,6415909
-131,32;558,8707428;563,6415909
-132,15;558,8707428;563,6415909
-131,32;554,1220112;558,8707428
-132,98;558,8707428;565,2368068
-132,98;558,8707428;560,4585628
-130,50;560,4585628;560,4585628
-131,32;562,0488442;562,0488442
-132,15;566,8344959;565,2368068
-132,98;563,6415909;565,2368068
-132,15;560,4585628;560,4585628
-134,63;563,6415909;565,2368068
-134,63;562,0488442;560,4585628
-133,80;563,6415909;558,8707428
-132,98;563,6415909;557,2853802
-134,63;568,4346622;560,4585628
-135,45;568,4346622;560,4585628
-132,15;565,2368068;554,1220112
-133,80;566,8344959;558,8707428
-132,98;565,2368068;558,8707428
-134,63;563,6415909;560,4585628
-132,98;558,8707428;557,2853802
-134,63;560,4585628;558,8707428
-137,11;558,8707428;555,7024709
-132,15;562,0488442;552,5439969
-131,32;563,6415909;555,7024709
-131,32;563,6415909;554,1220112
-130,50;560,4585628;554,1220112
-128,85;554,1220112;549,3952889
-131,32;563,6415909;554,1220112
-132,15;562,0488442;552,5439969
-132,15;560,4585628;552,5439969
-132,15;557,2853802;550,9684241
-132,15;557,2853802;550,9684241
-133,80;554,1220112;547,8245873
-130,50;550,9684241;544,6904691
-132,15;558,8707428;547,8245873
-132,15;557,2853802;547,8245873
-130,50;557,2853802;550,9684241
-130,50;555,7024709;550,9684241
-132,15;558,8707428;550,9684241
-132,98;557,2853802;550,9684241
-128,85;555,7024709;544,6904691
-130,50;558,8707428;547,8245873
-128,85;560,4585628;547,8245873
-128,85;560,4585628;547,8245873
-128,85;555,7024709;546,2563153
-130,50;563,6415909;549,3952889
-133,80;563,6415909;546,2563153
-132,15;568,4346622;544,6904691
-132,98;568,4346622;550,9684241
-132,98;566,8344959;549,3952889
-132,15;566,8344959;550,9684241
-128,85;563,6415909;547,8245873
-128,85;570,0373097;552,5439969
-129,67;566,8344959;549,3952889
-128,02;565,2368068;550,9684241
-127,20;563,6415909;550,9684241
-124,72;562,0488442;550,9684241
-126,37;562,0488442;552,5439969
-120,60;558,8707428;549,3952889
-119,77;562,0488442;554,1220112
-116,47;560,4585628;552,5439969
-111,52;562,0488442;554,1220112
-106,58;560,4585628;554,1220112
-100,81;565,2368068;557,2853802
-96,68;560,4585628;558,8707428
-87,60;555,7024709;552,5439969
-80,16;562,0488442;558,8707428
-71,06;562,0488442;555,7024709
-61,93;563,6415909;552,5439969
-50,26;560,4585628;552,5439969
-39,39;566,8344959;554,1220112
-28,45;566,8344959;555,7024709
-14,05;568,4346622;555,7024709
-1,23;566,8344959;560,4585628
14,30;563,6415909;558,8707428
25,63;563,6415909;558,8707428
42,40;557,2853802;557,2853802
55,81;562,0488442;560,4585628
72,14;558,8707428;557,2853802
90,61;558,8707428;557,2853802
107,54;555,7024709;558,8707428
124,80;557,2853802;558,8707428
141,41;558,8707428;560,4585628
163,41;554,1220112;560,4585628
180,80;558,8707428;566,8344959
200,69;557,2853802;566,8344959
219,98;558,8707428;565,2368068
238,62;558,8707428;563,6415909
257,70;562,0488442;562,0488442
273,76;562,0488442;560,4585628
298,44;560,4585628;555,7024709
316,53;562,0488442;562,0488442
337,51;557,2853802;558,8707428
357,74;555,7024709;557,2853802
377,15;557,2853802;554,1220112
392,99;563,6415909;552,5439969
411,84;562,0488442;550,9684241
435,27;562,0488442;547,8245873
453,60;563,6415909;552,5439969
472,30;560,4585628;550,9684241
488,42;560,4585628;552,5439969
507,83;554,1220112;550,9684241
521,49;558,8707428;555,7024709
533,80;557,2853802;555,7024709
546,26;555,7024709;554,1220112
552,54;555,7024709;560,4585628
554,12;557,2853802;558,8707428
550,97;558,8707428;554,1220112
555,70;555,7024709;549,3952889
552,54;563,6415909;554,1220112
544,69;560,4585628;554,1220112
538,45;560,4585628;552,5439969
536,90;562,0488442;550,9684241
533,80;563,6415909;549,3952889
527,63;558,8707428;547,8245873
529,16;558,8707428;544,6904691
527,63;566,8344959;549,3952889
527,63;562,0488442;547,8245873
526,09;560,4585628;547,8245873
529,16;558,8707428;547,8245873
530,71;562,0488442;549,3952889
529,16;560,4585628;547,8245873
540,01;560,4585628;543,1270445
544,69;565,2368068;546,2563153
552,54;563,6415909;544,6904691
554,12;560,4585628;546,2563153
560,46;554,1220112;546,2563153
563,64;557,2853802;550,9684241
565,24;554,1220112;550,9684241
570,04;554,1220112;547,8245873
566,83;557,2853802;547,8245873
568,43;555,7024709;547,8245873
558,87;554,1220112;549,3952889
558,87;552,5439969;547,8245873
550,97;560,4585628;552,5439969
547,82;560,4585628;550,9684241
543,13;562,0488442;554,1220112
543,13;562,0488442;558,8707428
538,45;563,6415909;560,4585628
532,25;563,6415909;562,0488442
536,90;560,4585628;562,0488442
535,35;562,0488442;563,6415909
535,35;562,0488442;558,8707428
532,25;558,8707428;557,2853802
532,25;558,8707428;555,7024709
529,16;562,0488442;555,7024709
523,02;560,4585628;552,5439969
523,02;558,8707428;550,9684241
521,49;562,0488442;560,4585628
519,96;562,0488442;562,0488442
518,44;562,0488442;560,4585628
518,44;560,4585628;557,2853802
513,88;562,0488442;560,4585628
512,36;558,8707428;557,2853802
515,39;563,6415909;554,1220112
515,39;563,6415909;557,2853802
513,88;563,6415909;552,5439969
507,83;565,2368068;549,3952889
510,85;560,4585628;549,3952889
507,83;565,2368068;552,5439969
506,32;563,6415909;549,3952889
504,82;563,6415909;549,3952889
504,82;563,6415909;550,9684241
504,82;563,6415909;547,8245873
497,33;563,6415909;547,8245873
498,82;558,8707428;544,6904691
492,87;560,4585628;549,3952889
494,35;557,2853802;544,6904691
489,90;558,8707428;544,6904691
485,47;558,8707428;546,2563153
481,06;563,6415909;549,3952889
473,76;560,4585628;549,3952889
478,13;554,1220112;547,8245873
473,76;558,8707428;557,2853802
470,85;557,2853802;555,7024709
463,63;550,9684241;555,7024709
459,32;547,8245873;554,1220112
452,18;552,5439969;557,2853802
449,34;550,9684241;558,8707428
450,76;550,9684241;555,7024709
447,92;555,7024709;562,0488442
446,51;557,2853802;560,4585628
439,47;557,2853802;560,4585628
442,28;552,5439969;557,2853802
439,47;562,0488442;560,4585628
438,07;558,8707428;558,8707428
435,27;562,0488442;560,4585628
438,07;565,2368068;566,8344959
435,27;568,4346622;565,2368068
426,93;566,8344959;565,2368068
429,70;560,4585628;562,0488442
426,93;568,4346622;568,4346622
426,93;563,6415909;562,0488442
426,93;563,6415909;558,8707428
429,70;565,2368068;560,4585628
428,32;568,4346622;562,0488442
426,93;563,6415909;560,4585628
432,48;562,0488442;557,2853802
433,88;566,8344959;562,0488442
435,27;568,4346622;558,8707428
432,48;565,2368068;557,2853802
435,27;560,4585628;554,1220112
435,27;565,2368068;557,2853802
435,27;563,6415909;560,4585628
439,47;560,4585628;558,8707428
440,87;563,6415909;563,6415909
442,28;563,6415909;557,2853802
440,87;560,4585628;558,8707428
449,34;557,2853802;557,2853802
452,18;563,6415909;562,0488442
459,32;562,0488442;560,4585628
465,07;563,6415909;557,2853802
473,76;563,6415909;560,4585628
479,60;565,2368068;560,4585628
481,06;565,2368068;560,4585628
491,38;562,0488442;558,8707428
492,87;566,8344959;560,4585628
501,82;563,6415909;558,8707428
506,32;562,0488442;557,2853802
518,44;560,4585628;560,4585628
523,02;566,8344959;558,8707428
529,16;563,6415909;558,8707428
543,13;560,4585628;555,7024709
549,40;566,8344959;563,6415909
555,70;566,8344959;562,0488442
558,87;568,4346622;562,0488442
568,43;562,0488442;560,4585628
565,24;566,8344959;558,8707428
563,64;566,8344959;557,2853802
566,83;563,6415909;552,5439969
568,43;565,2368068;557,2853802
566,83;562,0488442;557,2853802
562,05;563,6415909;558,8707428
566,83;560,4585628;557,2853802
562,05;566,8344959;557,2853802
560,46;562,0488442;555,7024709
557,29;562,0488442;552,5439969
554,12;562,0488442;558,8707428
552,54;562,0488442;557,2853802
549,40;557,2853802;554,1220112
552,54;555,7024709;552,5439969
550,97;558,8707428;555,7024709
550,97;555,7024709;550,9684241
547,82;557,2853802;550,9684241
550,97;558,8707428;557,2853802
549,40;565,2368068;554,1220112
547,82;566,8344959;552,5439969
554,12;563,6415909;547,8245873
550,97;566,8344959;552,5439969
550,97;563,6415909;547,8245873
546,26;562,0488442;547,8245873
550,97;560,4585628;549,3952889
552,54;566,8344959;552,5439969
554,12;562,0488442;554,1220112
557,29;560,4585628;554,1220112
557,29;565,2368068;557,2853802
557,29;563,6415909;552,5439969
550,97;563,6415909;550,9684241
554,12;558,8707428;552,5439969
550,97;562,0488442;554,1220112
547,82;560,4585628;552,5439969
547,82;560,4585628;547,8245873
546,26;560,4585628;555,7024709
544,69;560,4585628;555,7024709
538,45;560,4585628;557,2853802
544,69;560,4585628;555,7024709
536,90;565,2368068;555,7024709
532,25;562,0488442;555,7024709
529,16;565,2368068;552,5439969
532,25;566,8344959;558,8707428
530,71;566,8344959;560,4585628
529,16;562,0488442;558,8707428
529,16;557,2853802;554,1220112
521,49;558,8707428;560,4585628
518,44;555,7024709;560,4585628
510,85;557,2853802;560,4585628
512,36;555,7024709;562,0488442
509,34;560,4585628;562,0488442
504,82;557,2853802;560,4585628
507,83;554,1220112;555,7024709
504,82;558,8707428;560,4585628
501,82;560,4585628;563,6415909
492,87;562,0488442;565,2368068
495,84;557,2853802;566,8344959
489,90;560,4585628;565,2368068
488,42;560,4585628;563,6415909
486,95;558,8707428;557,2853802
488,42;558,8707428;560,4585628
486,95;558,8707428;555,7024709
481,06;560,4585628;558,8707428
485,47;558,8707428;557,2853802
482,53;565,2368068;560,4585628
484,00;562,0488442;558,8707428
484,00;563,6415909;554,1220112
486,95;563,6415909;557,2853802
482,53;568,4346622;557,2853802
482,53;568,4346622;558,8707428
486,95;562,0488442;557,2853802
484,00;566,8344959;562,0488442
484,00;562,0488442;557,2853802
481,06;565,2368068;554,1220112
486,95;566,8344959;558,8707428
485,47;570,0373097;557,2853802
488,42;565,2368068;558,8707428
491,38;560,4585628;552,5439969
494,35;565,2368068;557,2853802
495,84;563,6415909;554,1220112
498,82;568,4346622;555,7024709
510,85;563,6415909;560,4585628
510,85;563,6415909;562,0488442
513,88;558,8707428;560,4585628
515,39;558,8707428;557,2853802
521,49;560,4585628;565,2368068
526,09;562,0488442;566,8344959
530,71;560,4585628;565,2368068
538,45;555,7024709;563,6415909
541,57;563,6415909;563,6415909
547,82;560,4585628;560,4585628
550,97;560,4585628;557,2853802
558,87;560,4585628;562,0488442
557,29;562,0488442;558,8707428
557,29;560,4585628;560,4585628
563,64;554,1220112;558,8707428
563,64;557,2853802;560,4585628
563,64;554,1220112;554,1220112
558,87;557,2853802;552,5439969
565,24;558,8707428;558,8707428
562,05;563,6415909;560,4585628
560,46;560,4585628;560,4585628
562,05;558,8707428;560,4585628
558,87;563,6415909;565,2368068
554,12;563,6415909;560,4585628
549,40;562,0488442;558,8707428
554,12;558,8707428;560,4585628
549,40;563,6415909;563,6415909
549,40;560,4585628;563,6415909
549,40;558,8707428;562,0488442
549,40;562,0488442;565,2368068
547,82;563,6415909;560,4585628
543,13;563,6415909;558,8707428
546,26;560,4585628;555,7024709
544,69;562,0488442;557,2853802
547,82;560,4585628;554,1220112
550,97;558,8707428;552,5439969
554,12;558,8707428;555,7024709
552,54;560,4585628;554,1220112
549,40;562,0488442;554,1220112
554,12;558,8707428;554,1220112
554,12;566,8344959;557,2853802
555,70;563,6415909;560,4585628
552,54;562,0488442;555,7024709
557,29;558,8707428;560,4585628
554,12;562,0488442;560,4585628
552,54;560,4585628;560,4585628
555,70;557,2853802;555,7024709
555,70;562,0488442;560,4585628
550,97;560,4585628;558,8707428
543,13;560,4585628;558,8707428
544,69;558,8707428;562,0488442
540,01;562,0488442;560,4585628
538,45;558,8707428;557,2853802
538,45;560,4585628;550,9684241
540,01;560,4585628;557,2853802
535,35;560,4585628;555,7024709
527,63;560,4585628;557,2853802
529,16;554,1220112;560,4585628
523,02;560,4585628;558,8707428
519,96;558,8707428;557,2853802
518,44;560,4585628;550,9684241
518,44;562,0488442;557,2853802
510,85;563,6415909;557,2853802
506,32;562,0488442;555,7024709
510,85;562,0488442;555,7024709
510,85;568,4346622;557,2853802
510,85;565,2368068;555,7024709
509,34;565,2368068;554,1220112
510,85;562,0488442;560,4585628
506,32;562,0488442;558,8707428
504,82;557,2853802;557,2853802
510,85;557,2853802;554,1220112
510,85;563,6415909;557,2853802
512,36;560,4585628;550,9684241
507,83;563,6415909;550,9684241
512,36;562,0488442;555,7024709
510,85;568,4346622;557,2853802
513,88;568,4346622;558,8707428
518,44;570,0373097;554,1220112
518,44;568,4346622;562,0488442
523,02;562,0488442;558,8707428
521,49;560,4585628;557,2853802
529,16;557,2853802;558,8707428
529,16;560,4585628;558,8707428
530,71;557,2853802;557,2853802
532,25;554,1220112;552,5439969
538,45;558,8707428;562,0488442
541,57;558,8707428;562,0488442
543,13;558,8707428;565,2368068
547,82;557,2853802;566,8344959
547,82;563,6415909;570,0373097
547,82;562,0488442;568,4346622
547,82;565,2368068;562,0488442
557,29;560,4585628;568,4346622
557,29;562,0488442;563,6415909
560,46;562,0488442;562,0488442
560,46;560,4585628;557,2853802
563,64;562,0488442;558,8707428
563,64;562,0488442;557,2853802
560,46;562,0488442;554,1220112
568,43;560,4585628;558,8707428
565,24;566,8344959;557,2853802
565,24;562,0488442;554,1220112
563,64;558,8707428;554,1220112
565,24;560,4585628;560,4585628
563,64;557,2853802;560,4585628
560,46;557,2853802;558,8707428
568,43;554,1220112;558,8707428
565,24;562,0488442;555,7024709
563,64;562,0488442;554,1220112
562,05;560,4585628;547,8245873
565,24;563,6415909;554,1220112
562,05;565,2368068;552,5439969
555,70;562,0488442;554,1220112
558,87;555,7024709;557,2853802
558,87;558,8707428;557,2853802
557,29;554,1220112;558,8707428
554,12;557,2853802;552,5439969
557,29;558,8707428;555,7024709
555,70;563,6415909;555,7024709
558,87;565,2368068;554,1220112
562,05;562,0488442;554,1220112
562,05;565,2368068;552,5439969
560,46;563,6415909;550,9684241
554,12;565,2368068;547,8245873
560,46;563,6415909;550,9684241
557,29;565,2368068;554,1220112
560,46;562,0488442;555,7024709
558,87;560,4585628;554,1220112
557,29;562,0488442;560,4585628
554,12;560,4585628;560,4585628
547,82;560,4585628;560,4585628
557,29;557,2853802;562,0488442
554,12;562,0488442;562,0488442
554,12;560,4585628;562,0488442
554,12;563,6415909;560,4585628
557,29;568,4346622;563,6415909
557,29;568,4346622;563,6415909
554,12;563,6415909;565,2368068
558,87;560,4585628;565,2368068
557,29;566,8344959;565,2368068
558,87;563,6415909;562,0488442
557,29;565,2368068;557,2853802
562,05;563,6415909;560,4585628
558,87;563,6415909;558,8707428
555,70;562,0488442;555,7024709
552,54;557,2853802;554,1220112
549,40;565,2368068;557,2853802
547,82;563,6415909;558,8707428
543,13;562,0488442;555,7024709
549,40;558,8707428;560,4585628
547,82;562,0488442;558,8707428
547,82;558,8707428;560,4585628
549,40;558,8707428;557,2853802
550,97;566,8344959;563,6415909
546,26;563,6415909;558,8707428
541,57;566,8344959;555,7024709
547,82;563,6415909;557,2853802
546,26;566,8344959;557,2853802
549,40;560,4585628;557,2853802
546,26;560,4585628;554,1220112
549,40;562,0488442;562,0488442
547,82;558,8707428;560,4585628
543,13;560,4585628;560,4585628
547,82;560,4585628;560,4585628
547,82;563,6415909;558,8707428
547,82;563,6415909;557,2853802
543,13;565,2368068;550,9684241
546,26;565,2368068;557,2853802
543,13;563,6415909;555,7024709
546,26;563,6415909;555,7024709
547,82;557,2853802;557,2853802
547,82;562,0488442;560,4585628
544,69;562,0488442;557,2853802
543,13;565,2368068;554,1220112
546,26;560,4585628;557,2853802
544,69;560,4585628;555,7024709
544,69;554,1220112;555,7024709
544,69;554,1220112;554,1220112
544,69;560,4585628;562,0488442
543,13;563,6415909;560,4585628
536,90;563,6415909;560,4585628
543,13;560,4585628;563,6415909
543,13;563,6415909;560,4585628
543,13;558,8707428;558,8707428
543,13;557,2853802;555,7024709
546,26;557,2853802;558,8707428
546,26;557,2853802;557,2853802
543,13;557,2853802;554,1220112
547,82;552,5439969;555,7024709
547,82;554,1220112;558,8707428
547,82;552,5439969;560,4585628
544,69;554,1220112;555,7024709
549,40;557,2853802;558,8707428
547,82;560,4585628;555,7024709
544,69;560,4585628;554,1220112
546,26;560,4585628;554,1220112
546,26;568,4346622;554,1220112
547,82;566,8344959;552,5439969
546,26;568,4346622;549,3952889
549,40;563,6415909;558,8707428
549,40;565,2368068;560,4585628
549,40;563,6415909;558,8707428
552,54;560,4585628;557,2853802
555,70;565,2368068;558,8707428
557,29;560,4585628;558,8707428
554,12;562,0488442;555,7024709
563,64;557,2853802;560,4585628
560,46;558,8707428;560,4585628
560,46;558,8707428;562,0488442
560,46;555,7024709;560,4585628
563,64;560,4585628;560,4585628
565,24;558,8707428;555,7024709
565,24;560,4585628;557,2853802
568,43;557,2853802;562,0488442
568,43;560,4585628;563,6415909
565,24;554,1220112;565,2368068
557,29;554,1220112;562,0488442
560,46;554,1220112;568,4346622
558,87;555,7024709;563,6415909
558,87;557,2853802;563,6415909
562,05;554,1220112;560,4585628
562,05;562,0488442;560,4585628
562,05;562,0488442;558,8707428
558,87;560,4585628;555,7024709
562,05;558,8707428;560,4585628
558,87;558,8707428;560,4585628
558,87;558,8707428;558,8707428
562,05;555,7024709;558,8707428
563,64;560,4585628;558,8707428
563,64;557,2853802;555,7024709
560,46;557,2853802;554,1220112
566,83;555,7024709;558,8707428
563,64;558,8707428;558,8707428
566,83;558,8707428;563,6415909
562,05;558,8707428;560,4585628
565,24;563,6415909;562,0488442
563,64;560,4585628;558,8707428
562,05;560,4585628;557,2853802
565,24;555,7024709;560,4585628
562,05;560,4585628;558,8707428
562,05;558,8707428;558,8707428
557,29;558,8707428;554,1220112
560,46;555,7024709;558,8707428
555,70;555,7024709;558,8707428
554,12;554,1220112;557,2853802
554,12;552,5439969;558,8707428
552,54;557,2853802;560,4585628
549,40;557,2853802;558,8707428
543,13;558,8707428;554,1220112
546,26;560,4585628;558,8707428
541,57;566,8344959;557,2853802
543,13;563,6415909;558,8707428
543,13;557,2853802;558,8707428
546,26;565,2368068;557,2853802
544,69;565,2368068;554,1220112
543,13;566,8344959;550,9684241
546,26;563,6415909;557,2853802
543,13;565,2368068;555,7024709
541,57;563,6415909;558,8707428
541,57;560,4585628;557,2853802
547,82;565,2368068;562,0488442
546,26;563,6415909;558,8707428
540,01;565,2368068;557,2853802
543,13;560,4585628;560,4585628
546,26;566,8344959;560,4585628
547,82;563,6415909;560,4585628
547,82;562,0488442;554,1220112
552,54;563,6415909;560,4585628
550,97;560,4585628;558,8707428
549,40;558,8707428;557,2853802
552,54;554,1220112;560,4585628
552,54;560,4585628;560,4585628
554,12;558,8707428;557,2853802
552,54;560,4585628;554,1220112
557,29;560,4585628;562,0488442
557,29;558,8707428;560,4585628
557,29;557,2853802;560,4585628
560,46;552,5439969;558,8707428
560,46;558,8707428;560,4585628
558,87;557,2853802;558,8707428
554,12;557,2853802;554,1220112
560,46;555,7024709;560,4585628
560,46;560,4585628;560,4585628
557,29;557,2853802;563,6415909
554,12;555,7024709;562,0488442
554,12;562,0488442;565,2368068
552,54;560,4585628;562,0488442
549,40;560,4585628;560,4585628
554,12;558,8707428;563,6415909
554,12;565,2368068;560,4585628
554,12;562,0488442;560,4585628
554,12;557,2853802;555,7024709
558,87;557,2853802;557,2853802
560,46;558,8707428;552,5439969
560,46;558,8707428;550,9684241
565,24;557,2853802;557,2853802
563,64;565,2368068;560,4585628
562,05;563,6415909;558,8707428
560,46;565,2368068;555,7024709
565,24;568,4346622;563,6415909
562,05;568,4346622;558,8707428
562,05;562,0488442;558,8707428
562,05;558,8707428;560,4585628
562,05;566,8344959;558,8707428
560,46;560,4585628;560,4585628
554,12;560,4585628;554,1220112
560,46;558,8707428;557,2853802
557,29;563,6415909;552,5439969
558,87;562,0488442;554,1220112
557,29;557,2853802;557,2853802
558,87;563,6415909;557,2853802
557,29;562,0488442;554,1220112
557,29;560,4585628;550,9684241
565,24;555,7024709;562,0488442
563,64;558,8707428;562,0488442
562,05;555,7024709;563,6415909
560,46;558,8707428;563,6415909
566,83;565,2368068;566,8344959
563,64;565,2368068;563,6415909
560,46;565,2368068;562,0488442
566,83;560,4585628;566,8344959
563,64;566,8344959;565,2368068
563,64;563,6415909;562,0488442
558,87;566,8344959;562,0488442
562,05;565,2368068;568,4346622
557,29;565,2368068;563,6415909
558,87;562,0488442;563,6415909
560,46;557,2853802;563,6415909
560,46;562,0488442;562,0488442
560,46;558,8707428;555,7024709
560,46;562,0488442;552,5439969
568,43;562,0488442;558,8707428
565,24;565,2368068;555,7024709
563,64;562,0488442;557,2853802
562,05;560,4585628;558,8707428
565,24;563,6415909;560,4585628
565,24;560,4585628;560,4585628
560,46;562,0488442;555,7024709
560,46;560,4585628;560,4585628
558,87;566,8344959;557,2853802
558,87;562,0488442;560,4585628
560,46;557,2853802;558,8707428
566,83;558,8707428;563,6415909
565,24;557,2853802;563,6415909
560,46;557,2853802;560,4585628
563,64;552,5439969;560,4585628
560,46;560,4585628;562,0488442
560,46;558,8707428;563,6415909
557,29;560,4585628;560,4585628
563,64;562,0488442;562,0488442
558,87;562,0488442;554,1220112
558,87;560,4585628;552,5439969
558,87;557,2853802;554,1220112
560,46;560,4585628;554,1220112
562,05;560,4585628;555,7024709
557,29;562,0488442;554,1220112
562,05;558,8707428;558,8707428
560,46;558,8707428;555,7024709
560,46;557,2853802;554,1220112
554,12;555,7024709;554,1220112
557,29;562,0488442;557,2853802
554,12;560,4585628;554,1220112
550,97;560,4585628;547,8245873
555,70;560,4585628;555,7024709
555,70;562,0488442;555,7024709
557,29;558,8707428;560,4585628
555,70;554,1220112;558,8707428
560,46;555,7024709;565,2368068
555,70;557,2853802;563,6415909
554,12;560,4585628;560,4585628
557,29;554,1220112;563,6415909
555,70;557,2853802;560,4585628
554,12;554,1220112;560,4585628
547,82;552,5439969;558,8707428
552,54;552,5439969;565,2368068
549,40;554,1220112;565,2368068
550,97;554,1220112;563,6415909
554,12;554,1220112;566,8344959
557,29;558,8707428;565,2368068
554,12;557,2853802;563,6415909
549,40;560,4585628;558,8707428
554,12;563,6415909;562,0488442
552,54;565,2368068;557,2853802
552,54;563,6415909;555,7024709
552,54;558,8707428;557,2853802
550,97;566,8344959;558,8707428
546,26;565,2368068;558,8707428
543,13;566,8344959;555,7024709
547,82;563,6415909;560,4585628
543,13;568,4346622;558,8707428
543,13;566,8344959;558,8707428
540,01;563,6415909;560,4585628
544,69;566,8344959;560,4585628
544,69;565,2368068;560,4585628
546,26;565,2368068;557,2853802
547,82;562,0488442;562,0488442
544,69;565,2368068;558,8707428
546,26;562,0488442;557,2853802
544,69;563,6415909;555,7024709
554,12;566,8344959;560,4585628
554,12;566,8344959;557,2853802
555,70;566,8344959;555,7024709
560,46;560,4585628;558,8707428
560,46;563,6415909;555,7024709
558,87;560,4585628;557,2853802
555,70;560,4585628;552,5439969
562,05;562,0488442;557,2853802
560,46;562,0488442;554,1220112
560,46;562,0488442;555,7024709
562,05;557,2853802;554,1220112
562,05;560,4585628;550,9684241
562,05;558,8707428;549,3952889
558,87;562,0488442;547,8245873
563,64;562,0488442;555,7024709
562,05;563,6415909;557,2853802
562,05;566,8344959;558,8707428
560,46;563,6415909;558,8707428
563,64;568,4346622;557,2853802
560,46;563,6415909;555,7024709
560,46;565,2368068;550,9684241
568,43;563,6415909;560,4585628
565,24;566,8344959;558,8707428
563,64;560,4585628;563,6415909
560,46;557,2853802;562,0488442
568,43;560,4585628;562,0488442
563,64;557,2853802;560,4585628
565,24;557,2853802;557,2853802
568,43;557,2853802;562,0488442
566,83;562,0488442;563,6415909
565,24;560,4585628;568,4346622
562,05;558,8707428;565,2368068
565,24;558,8707428;571,6424423
560,46;563,6415909;570,0373097
560,46;563,6415909;565,2368068
560,46;557,2853802;565,2368068
560,46;563,6415909;565,2368068
562,05;560,4585628;566,8344959
557,29;560,4585628;562,0488442
558,87;558,8707428;568,4346622
554,12;558,8707428;565,2368068
552,54;557,2853802;565,2368068
549,40;554,1220112;563,6415909
552,54;560,4585628;563,6415909
552,54;558,8707428;560,4585628
552,54;562,0488442;557,2853802
555,70;562,0488442;560,4585628
557,29;563,6415909;560,4585628
554,12;558,8707428;560,4585628
552,54;557,2853802;560,4585628
555,70;560,4585628;562,0488442
554,12;558,8707428;557,2853802
554,12;562,0488442;554,1220112
555,70;557,2853802;557,2853802
558,87;560,4585628;552,5439969
560,46;554,1220112;554,1220112
557,29;554,1220112;554,1220112
562,05;554,1220112;562,0488442
558,87;554,1220112;562,0488442
560,46;554,1220112;558,8707428
560,46;552,5439969;562,0488442
562,05;560,4585628;558,8707428
560,46;560,4585628;562,0488442
554,12;558,8707428;558,8707428
558,87;560,4585628;565,2368068
558,87;563,6415909;563,6415909
562,05;563,6415909;565,2368068
560,46;558,8707428;566,8344959
568,43;563,6415909;566,8344959
563,64;560,4585628;565,2368068
560,46;563,6415909;560,4585628
560,46;560,4585628;565,2368068
560,46;566,8344959;560,4585628
563,64;562,0488442;562,0488442
560,46;557,2853802;562,0488442
568,43;560,4585628;563,6415909
568,43;560,4585628;563,6415909
563,64;560,4585628;558,8707428
563,64;557,2853802;563,6415909
563,64;563,6415909;560,4585628
560,46;565,2368068;560,4585628
554,12;565,2368068;555,7024709
558,87;562,0488442;555,7024709
560,46;562,0488442;555,7024709
563,64;565,2368068;555,7024709
562,05;563,6415909;560,4585628
568,43;568,4346622;558,8707428
565,24;560,4585628;560,4585628
562,05;560,4585628;555,7024709
568,43;558,8707428;558,8707428
568,43;562,0488442;554,1220112
566,83;562,0488442;557,2853802
563,64;558,8707428;560,4585628
568,43;562,0488442;560,4585628
563,64;558,8707428;560,4585628
560,46;558,8707428;557,2853802
562,05;557,2853802;565,2368068
562,05;562,0488442;560,4585628
563,64;557,2853802;560,4585628
560,46;554,1220112;557,2853802
568,43;557,2853802;557,2853802
560,46;555,7024709;554,1220112
560,46;555,7024709;547,8245873
563,64;554,1220112;557,2853802
560,46;560,4585628;557,2853802
557,29;558,8707428;560,4585628
554,12;558,8707428;557,2853802
562,05;557,2853802;557,2853802
560,46;557,2853802;557,2853802
558,87;557,2853802;554,1220112
555,70;552,5439969;562,0488442
557,29;558,8707428;562,0488442
555,70;557,2853802;563,6415909
552,54;560,4585628;560,4585628
554,12;560,4585628;565,2368068
549,40;560,4585628;562,0488442
549,40;560,4585628;560,4585628
549,40;555,7024709;563,6415909
554,12;560,4585628;565,2368068
554,12;558,8707428;563,6415909
555,70;557,2853802;558,8707428
558,87;554,1220112;562,0488442
554,12;558,8707428;557,2853802
554,12;560,4585628;557,2853802
550,97;557,2853802;557,2853802
557,29;558,8707428;558,8707428
557,29;555,7024709;558,8707428
557,29;555,7024709;555,7024709
560,46;555,7024709;565,2368068
563,64;560,4585628;563,6415909
562,05;557,2853802;563,6415909
557,29;560,4585628;558,8707428
565,24;560,4585628;562,0488442
562,05;560,4585628;557,2853802
562,05;557,2853802;552,5439969
563,64;552,5439969;557,2853802
562,05;558,8707428;557,2853802
558,87;554,1220112;558,8707428
550,97;550,9684241;560,4585628
555,70;547,8245873;563,6415909
555,70;547,8245873;558,8707428
558,87;543,1270445;554,1220112
558,87;540,0074447;558,8707428
562,05;543,1270445;560,4585628
560,46;538,4512615;560,4585628
558,87;538,4512615;560,4585628
560,46;533,7971314;566,8344959
557,29;535,3461088;563,6415909
555,70;532,2505479;563,6415909
554,12;527,6251218;560,4585628
560,46;526,0880747;560,4585628
558,87;519,9635883;558,8707428
560,46;518,4383724;550,9684241
562,05;509,3363803;557,2853802
560,46;509,3363803;554,1220112
563,64;504,8169008;555,7024709
557,29;500,3182897;557,2853802
562,05;497,3307563;557,2853802
560,46;488,4232032;557,2853802
563,64;481,0628447;555,7024709
568,43;470,8529554;560,4585628
568,43;472,3047966;557,2853802
566,83;467,955952;557,2853802
563,64;463,6270843;557,2853802
570,04;457,8861513;558,8707428
568,43;452,1802892;558,8707428
568,43;442,2786575;554,1220112
565,24;432,482295;560,4585628
568,43;429,7024794;560,4585628
562,05;420,0394666;560,4585628
557,29;413,1999428;554,1220112
558,87;403,7112352;557,2853802
557,29;396,9947889;555,7024709
554,12;389,001591;555,7024709
550,97;378,4555013;560,4585628
557,29;373,2296749;560,4585628
557,29;364,1592587;560,4585628
557,29;355,1828525;554,1220112
560,46;343,7777091;562,0488442
558,87;335,0110801;558,8707428
555,70;322,6423208;560,4585628
552,54;310,4523448;558,8707428
557,29;303,2225269;557,2853802
554,12;293,6791908;555,7024709
557,29;281,9021303;552,5439969
557,29;267,9875223;560,4585628
562,05;259,9778785;558,8707428
560,46;247,5469802;558,8707428
555,70;235,3017294;557,2853802
560,46;223,2368531;558,8707428
557,29;211,347078;557,2853802
558,87;200,6857017;552,5439969
557,29;184,9481343;557,2853802
563,64;175,6473349;555,7024709
558,87;161,3826445;557,2853802
555,70;149,3454651;557,2853802
558,87;136,4944203;560,4585628
555,70;126,7376044;560,4585628
557,29;113,2577261;557,2853802
554,12;98,09613557;558,8707428
558,87;88,74543284;558,8707428
555,70;75,80748955;558,8707428
554,12;62,13233833;555,7024709
557,29;47,74391667;562,0488442
558,87;37,0774647;562,0488442
557,29;23,00899865;560,4585628
552,54;12,56387713;560,4585628
560,46;4,785171781;560,4585628
558,87;-8,08287404;560,4585628
560,46;-20,84192924;554,1220112
562,05;-35,18731675;562,0488442
563,64;-42,7388554;558,8707428
560,46;-55,26822492;560,4585628
554,12;-66,90873893;560,4585628
557,29;-75,19790861;560,4585628
554,12;-87,60150253;560,4585628
557,29;-99,15599148;557,2853802
558,87;-110,7001772;562,0488442
562,05;-117,2964124;558,8707428
558,87;-128,0209178;560,4585628
555,70;-137,9331773;560,4585628
558,87;-147,0361533;563,6415909
558,87;-154,4997544;562,0488442
562,05;-161,148452;562,0488442
558,87;-168,6470473;566,8344959
568,43;-171,9868704;565,2368068
563,64;-179,5191787;566,8344959
562,05;-184,555467;562,0488442
562,05;-190,4473719;566,8344959
563,64;-192,9781432;560,4585628
563,64;-200,5922211;557,2853802
558,87;-208,2411915;557,2853802
563,64;-209,0933564;560,4585628
562,05;-214,2163627;557,2853802
563,64;-215,0719035;555,7024709
560,46;-218,4990876;563,6415909
560,46;-215,0719035;565,2368068
560,46;-218,4990876;566,8344959
557,29;-219,3571587;566,8344959
563,64;-219,3571587;570,0373097
560,46;-219,3571587;566,8344959
562,05;-219,3571587;557,2853802
560,46;-222,7946618;560,4585628
562,05;-220,2157477;560,4585628
558,87;-222,7946618;560,4585628
554,12;-223,6553621;557,2853802
558,87;-225,37838;560,4585628
560,46;-225,37838;557,2853802
560,46;-226,2407054;555,7024709
560,46;-226,2407054;562,0488442
565,24;-221,0748586;562,0488442
560,46;-221,9344953;562,0488442
558,87;-220,2157477;562,0488442
560,46;-221,9344953;563,6415909
560,46;-220,2157477;560,4585628
555,70;-221,9344953;557,2853802
550,97;-221,0748586;560,4585628
555,70;-217,6415306;560,4585628
555,70;-215,9279425;562,0488442
557,29;-213,361316;557,2853802
558,87;-212,5067595;562,0488442
558,87;-209,0933564;562,0488442
557,29;-209,0933564;563,6415909
554,12;-206,538257;568,4346622
557,29;-203,1378583;565,2368068
557,29;-202,2888752;562,0488442
558,87;-198,8972901;555,7024709
562,05;-200,5922211;560,4585628
566,83;-194,667293;562,0488442
563,64;-192,1341629;566,8344959
562,05;-187,0783569;565,2368068
568,43;-183,71522;563,6415909
568,43;-179,5191787;562,0488442
563,64;-176,1683405;558,8707428
558,87;-172,8225564;560,4585628
560,46;-166,1451361;557,2853802
558,87;-165,3117077;558,8707428
558,87;-160,3165504;558,8707428
558,87;-155,3300549;560,4585628
558,87;-147,8646806;560,4585628
555,70;-145,3796263;557,2853802
550,97;-142,8960956;562,0488442
554,12;-135,4535758;560,4585628
554,12;-130,497553;560,4585628
554,12;-124,7199244;558,8707428
554,12;-120,5952335;560,4585628
555,70;-114,8226737;557,2853802
554,12;-112,3491394;560,4585628
550,97;-109,8757024;562,0488442
557,29;-104,9286928;560,4585628
554,12;-102,4549062;560,4585628
557,29;-97,50623457;555,7024709
560,46;-95,03113561;563,6415909
568,43;-88,42739663;560,4585628
563,64;-85,12315621;560,4585628
558,87;-81,81699711;558,8707428
565,24;-79,33596611;558,8707428
568,43;-74,36981058;557,2853802
566,83;-71,05566463;554,1220112
562,05;-70,22666987;560,4585628
563,64;-64,41813028;557,2853802
558,87;-61,92555096;557,2853802
558,87;-57,7665823;552,5439969
560,46;-54,43491932;554,1220112
560,46;-49,42935049;554,1220112
562,05;-48,59409617;552,5439969
562,05;-51,09899228;560,4585628
570,04;-47,7585476;560,4585628
568,43;-46,08655192;560,4585628
568,43;-45,25009688;558,8707428
565,24;-44,41333175;560,4585628
562,05;-41,90113625;558,8707428
560,46;-42,7388554;557,2853802
558,87;-43,57625258;558,8707428
565,24;-40,2247162;554,1220112
563,64;-38,54696073;554,1220112
563,64;-38,54696073;552,5439969
560,46;-41,06309117;558,8707428
562,05;-37,7075723;560,4585628
555,70;-40,2247162;562,0488442
554,12;-41,90113625;565,2368068
557,29;-41,06309117;563,6415909
557,29;-41,06309117;565,2368068
557,29;-43,57625258;558,8707428
554,12;-46,08655192;562,0488442
560,46;-41,90113625;558,8707428
557,29;-44,41333175;560,4585628
557,29;-43,57625258;558,8707428
557,29;-44,41333175;558,8707428
558,87;-42,7388554;555,7024709
558,87;-43,57625258;552,5439969
554,12;-47,7585476;558,8707428
560,46;-45,25009688;557,2853802
560,46;-46,92270084;557,2853802
558,87;-47,7585476;555,7024709
560,46;-50,26431454;558,8707428
560,46;-51,09899228;557,2853802
558,87;-55,26822492;555,7024709
555,70;-57,7665823;558,8707428
560,46;-56,10126798;560,4585628
558,87;-57,7665823;563,6415909
560,46;-58,5988615;558,8707428
560,46;-62,75663629;563,6415909
563,64;-60,26268377;562,0488442
563,64;-63,58749475;560,4585628
562,05;-66,0787484;560,4585628
565,24;-68,56810271;562,0488442
565,24;-70,22666987;560,4585628
563,64;-73,54154113;552,5439969
558,87;-76,85360626;557,2853802
563,64;-76,02583918;555,7024709
560,46;-79,33596611;555,7024709
557,29;-79,33596611;558,8707428
555,70;-81,81699711;560,4585628
555,70;-81,81699711;558,8707428
554,12;-84,29680622;555,7024709
552,54;-86,77550041;563,6415909
558,87;-84,29680622;560,4585628
560,46;-85,12315621;558,8707428
562,05;-85,94938629;557,2853802
560,46;-87,60150253;560,4585628
562,05;-86,77550041;557,2853802
558,87;-89,25318665;552,5439969
554,12;-91,72997191;557,2853802
557,29;-89,25318665;557,2853802
557,29;-89,25318665;560,4585628
558,87;-89,25318665;558,8707428
557,29;-90,07887656;563,6415909
560,46;-86,77550041;560,4585628
560,46;-88,42739663;558,8707428
560,46;-89,25318665;563,6415909
565,24;-88,42739663;560,4585628
563,64;-90,90447033;560,4585628
560,46;-92,55538527;558,8707428
558,87;-95,85623569;565,2368068
566,83;-91,72997191;563,6415909
563,64;-92,55538527;565,2368068
560,46;-91,72997191;563,6415909
558,87;-90,07887656;563,6415909
560,46;-89,25318665;560,4585628
560,46;-90,90447033;554,1220112
557,29;-94,20596316;557,2853802
562,05;-90,07887656;558,8707428
562,05;-90,90447033;558,8707428
562,05;-90,90447033;558,8707428
560,46;-92,55538527;563,6415909
560,46;-92,55538527;560,4585628
560,46;-93,38071436;558,8707428
555,70;-93,38071436;563,6415909
560,46;-91,72997191;562,0488442
557,29;-92,55538527;560,4585628
558,87;-90,07887656;554,1220112
555,70;-90,90447033;558,8707428
555,70;-86,77550041;560,4585628
554,12;-87,60150253;555,7024709
550,97;-89,25318665;558,8707428
555,70;-89,25318665;558,8707428
554,12;-90,07887656;563,6415909
554,12;-90,90447033;558,8707428
554,12;-92,55538527;566,8344959
557,29;-89,25318665;565,2368068
557,29;-90,07887656;563,6415909
557,29;-90,90447033;566,8344959
557,29;-91,72997191;566,8344959
558,87;-89,25318665;568,4346622
560,46;-90,90447033;560,4585628
557,29;-92,55538527;565,2368068
562,05;-90,90447033;560,4585628
560,46;-91,72997191;558,8707428
558,87;-91,72997191;558,8707428
560,46;-90,90447033;557,2853802
562,05;-88,42739663;557,2853802
560,46;-89,25318665;555,7024709
557,29;-90,07887656;562,0488442
562,05;-88,42739663;560,4585628
560,46;-90,07887656;557,2853802
560,46;-90,90447033;554,1220112
560,46;-91,72997191;558,8707428
562,05;-90,07887656;558,8707428
560,46;-91,72997191;557,2853802
560,46;-90,90447033;562,0488442
566,83;-90,07887656;560,4585628
568,43;-90,07887656;558,8707428
568,43;-90,90447033;554,1220112
565,24;-91,72997191;560,4585628
566,83;-88,42739663;560,4585628
562,05;-90,07887656;562,0488442
560,46;-91,72997191;563,6415909
562,05;-92,55538527;562,0488442
560,46;-92,55538527;563,6415909
562,05;-92,55538527;558,8707428
557,29;-94,20596316;565,2368068
563,64;-90,07887656;563,6415909
560,46;-90,90447033;562,0488442
558,87;-90,07887656;560,4585628
562,05;-90,90447033;557,2853802
562,05;-90,90447033;555,7024709
562,05;-91,72997191;552,5439969
558,87;-94,20596316;558,8707428
563,64;-90,90447033;558,8707428
562,05;-90,07887656;560,4585628
563,64;-90,07887656;557,2853802
560,46;-92,55538527;557,2853802
562,05;-91,72997191;554,1220112
554,12;-92,55538527;554,1220112
549,40;-93,38071436;560,4585628
550,97;-92,55538527;560,4585628
550,97;-92,55538527;560,4585628
552,54;-94,20596316;555,7024709
550,97;-95,85623569;562,0488442
560,46;-91,72997191;562,0488442
560,46;-92,55538527;560,4585628
558,87;-94,20596316;565,2368068
562,05;-92,55538527;563,6415909
563,64;-92,55538527;562,0488442
565,24;-92,55538527;554,1220112
558,87;-95,03113561;557,2853802
560,46;-92,55538527;552,5439969
557,29;-94,20596316;554,1220112
558,87;-94,20596316;555,7024709
558,87;-94,20596316;555,7024709
565,24;-92,55538527;550,9684241
565,24;-92,55538527;546,2563153
562,05;-95,03113561;554,1220112
566,83;-90,90447033;552,5439969
563,64;-90,90447033;557,2853802
565,24;-89,25318665;557,2853802
560,46;-90,90447033;558,8707428
560,46;-88,42739663;555,7024709
563,64;-87,60150253;550,9684241
560,46;-89,25318665;557,2853802
565,24;-87,60150253;557,2853802
563,64;-89,25318665;557,2853802
563,64;-91,72997191;554,1220112
560,46;-93,38071436;558,8707428
565,24;-89,25318665;557,2853802
560,46;-91,72997191;555,7024709
557,29;-92,55538527;562,0488442
560,46;-90,90447033;563,6415909
558,87;-90,90447033;565,2368068
555,70;-92,55538527;563,6415909
552,54;-92,55538527;568,4346622
557,29;-89,25318665;562,0488442
555,70;-92,55538527;563,6415909
555,70;-91,72997191;566,8344959
555,70;-92,55538527;565,2368068
555,70;-91,72997191;563,6415909
557,29;-92,55538527;560,4585628
557,29;-92,55538527;568,4346622
563,64;-89,25318665;566,8344959
562,05;-90,90447033;563,6415909
560,46;-90,07887656;565,2368068
558,87;-89,25318665;563,6415909
562,05;-88,42739663;562,0488442
560,46;-89,25318665;557,2853802
554,12;-91,72997191;563,6415909
557,29;-90,07887656;565,2368068
557,29;-92,55538527;568,4346622
557,29;-90,90447033;563,6415909
554,12;-93,38071436;563,6415909
558,87;-92,55538527;563,6415909
560,46;-94,20596316;560,4585628
557,29;-94,20596316;563,6415909
558,87;-94,20596316;560,4585628
557,29;-93,38071436;563,6415909
555,70;-95,03113561;562,0488442
554,12;-97,50623457;565,2368068
558,87;-94,20596316;560,4585628
557,29;-94,20596316;557,2853802
560,46;-94,20596316;560,4585628
560,46;-92,55538527;562,0488442
562,05;-90,90447033;563,6415909
560,46;-90,90447033;560,4585628
557,29;-92,55538527;565,2368068
565,24;-90,07887656;560,4585628
562,05;-90,90447033;560,4585628
562,05;-90,90447033;563,6415909
558,87;-92,55538527;565,2368068
560,46;-90,90447033;560,4585628
563,64;-91,72997191;558,8707428
565,24;-92,55538527;565,2368068
568,43;-88,42739663;562,0488442
563,64;-89,25318665;558,8707428
563,64;-90,90447033;557,2853802
563,64;-92,55538527;558,8707428
570,04;-90,07887656;555,7024709
566,83;-90,90447033;554,1220112
565,24;-90,07887656;555,7024709
570,04;-88,42739663;552,5439969
568,43;-90,07887656;555,7024709
565,24;-89,25318665;550,9684241
560,46;-90,90447033;555,7024709
563,64;-88,42739663;554,1220112
562,05;-89,25318665;552,5439969
560,46;-90,07887656;554,1220112
562,05;-89,25318665;554,1220112
565,24;-88,42739663;555,7024709
563,64;-87,60150253;552,5439969
557,29;-89,25318665;560,4585628
562,05;-87,60150253;557,2853802
558,87;-90,07887656;560,4585628
558,87;-89,25318665;562,0488442
555,70;-90,90447033;558,8707428
557,29;-89,25318665;554,1220112
555,70;-91,72997191;549,3952889
554,12;-94,20596316;557,2853802
560,46;-91,72997191;555,7024709
558,87;-94,20596316;554,1220112
560,46;-93,38071436;555,7024709
558,87;-94,20596316;558,8707428
563,64;-91,72997191;557,2853802
562,05;-92,55538527;554,1220112
562,05;-93,38071436;560,4585628
565,24;-92,55538527;558,8707428
563,64;-93,38071436;562,0488442
563,64;-92,55538527;560,4585628
560,46;-92,55538527;563,6415909
568,43;-89,25318665;558,8707428
562,05;-92,55538527;555,7024709
562,05;-92,55538527;555,7024709
562,05;-90,07887656;554,1220112
565,24;-89,25318665;557,2853802
560,46;-90,90447033;554,1220112
554,12;-95,03113561;560,4585628
558,87;-92,55538527;560,4585628
558,87;-94,20596316;563,6415909
558,87;-94,20596316;566,8344959
557,29;-94,20596316;563,6415909
562,05;-92,55538527;562,0488442
560,46;-94,20596316;554,1220112
558,87;-95,85623569;557,2853802
560,46;-93,38071436;552,5439969
560,46;-92,55538527;552,5439969
558,87;-92,55538527;550,9684241
555,70;-93,38071436;552,5439969
562,05;-90,90447033;554,1220112
558,87;-92,55538527;554,1220112
557,29;-93,38071436;562,0488442
557,29;-90,90447033;557,2853802
558,87;-90,90447033;558,8707428
557,29;-89,25318665;555,7024709
552,54;-90,07887656;560,4585628
557,29;-89,25318665;557,2853802
555,70;-89,25318665;555,7024709
557,29;-88,42739663;557,2853802
557,29;-87,60150253;555,7024709
555,70;-90,07887656;555,7024709
555,70;-90,90447033;552,5439969
552,54;-93,38071436;555,7024709
560,46;-90,07887656;555,7024709
558,87;-91,72997191;557,2853802
557,29;-90,90447033;560,4585628
555,70;-92,55538527;557,2853802
558,87;-90,90447033;555,7024709
557,29;-91,72997191;552,5439969
554,12;-94,20596316;558,8707428
558,87;-91,72997191;555,7024709
557,29;-92,55538527;554,1220112
555,70;-93,38071436;555,7024709
554,12;-97,50623457;557,2853802
560,46;-95,85623569;555,7024709
558,87;-97,50623457;550,9684241
555,70;-99,15599148;558,8707428
557,29;-97,50623457;554,1220112
554,12;-97,50623457;554,1220112
557,29;-96,68126736;552,5439969
554,12;-96,68126736;550,9684241
563,64;-92,55538527;550,9684241
563,64;-93,38071436;550,9684241
563,64;-91,72997191;555,7024709
562,05;-89,25318665;555,7024709
560,46;-88,42739663;557,2853802
555,70;-89,25318665;554,1220112
555,70;-92,55538527;555,7024709
562,05;-89,25318665;552,5439969
560,46;-90,07887656;550,9684241
560,46;-90,07887656;555,7024709
557,29;-90,90447033;555,7024709
562,05;-90,90447033;558,8707428
558,87;-91,72997191;554,1220112
557,29;-93,38071436;558,8707428
563,64;-90,90447033;557,2853802
560,46;-92,55538527;560,4585628
562,05;-92,55538527;562,0488442
560,46;-94,20596316;562,0488442
563,64;-90,90447033;558,8707428
560,46;-90,07887656;555,7024709
562,05;-92,55538527;562,0488442
568,43;-90,07887656;560,4585628
566,83;-90,07887656;560,4585628
568,43;-90,90447033;558,8707428
563,64;-94,20596316;560,4585628
568,43;-90,90447033;558,8707428
568,43;-93,38071436;555,7024709
566,83;-93,38071436;560,4585628
568,43;-92,55538527;557,2853802
568,43;-93,38071436;560,4585628
563,64;-94,20596316;557,2853802
557,29;-95,03113561;562,0488442
562,05;-92,55538527;560,4585628
560,46;-92,55538527;557,2853802
562,05;-93,38071436;557,2853802
560,46;-92,55538527;555,7024709
563,64;-90,90447033;555,7024709
557,29;-92,55538527;554,1220112
552,54;-94,20596316;555,7024709
557,29;-91,72997191;550,9684241
558,87;-91,72997191;550,9684241
560,46;-90,90447033;555,7024709
558,87;-90,90447033;558,8707428
560,46;-90,07887656;560,4585628
558,87;-90,90447033;557,2853802
557,29;-90,90447033;560,4585628
560,46;-89,25318665;557,2853802
560,46;-90,07887656;555,7024709
560,46;-90,07887656;557,2853802
558,87;-92,55538527;560,4585628
565,24;-90,90447033;560,4585628
560,46;-90,90447033;555,7024709
562,05;-92,55538527;560,4585628
562,05;-90,90447033;563,6415909
563,64;-92,55538527;563,6415909
560,46;-92,55538527;562,0488442
557,29;-95,03113561;560,4585628
562,05;-91,72997191;555,7024709
560,46;-93,38071436;550,9684241
560,46;-93,38071436;558,8707428
558,87;-93,38071436;557,2853802
560,46;-91,72997191;560,4585628
558,87;-90,90447033;558,8707428
554,12;-92,55538527;563,6415909
554,12;-90,07887656;558,8707428
552,54;-90,07887656;557,2853802
552,54;-88,42739663;560,4585628
554,12;-88,42739663;560,4585628
558,87;-87,60150253;563,6415909
557,29;-89,25318665;557,2853802
557,29;-90,90447033;562,0488442
557,29;-89,25318665;558,8707428
555,70;-89,25318665;557,2853802
554,12;-89,25318665;555,7024709
550,97;-91,72997191;554,1220112
557,29;-88,42739663;552,5439969
557,29;-90,07887656;549,3952889
557,29;-90,90447033;552,5439969
557,29;-90,90447033;552,5439969
555,70;-90,90447033;554,1220112
558,87;-90,90447033;554,1220112
554,12;-92,55538527;552,5439969
560,46;-89,25318665;552,5439969
560,46;-90,07887656;549,3952889
560,46;-90,90447033;554,1220112
555,70;-90,90447033;552,5439969
558,87;-90,90447033;554,1220112
555,70;-90,90447033;554,1220112
554,12;-94,20596316;557,2853802
560,46;-90,07887656;557,2853802
560,46;-92,55538527;555,7024709
560,46;-91,72997191;558,8707428
560,46;-92,55538527;558,8707428
565,24;-90,07887656;558,8707428
562,05;-91,72997191;554,1220112
562,05;-93,38071436;557,2853802
565,24;-90,90447033;554,1220112
563,64;-90,90447033;554,1220112
562,05;-89,25318665;558,8707428
554,12;-90,90447033;557,2853802
557,29;-89,25318665;558,8707428
560,46;-90,90447033;555,7024709
562,05;-91,72997191;563,6415909
562,05;-91,72997191;562,0488442
565,24;-90,90447033;562,0488442
563,64;-90,90447033;562,0488442
558,87;-93,38071436;562,0488442
563,64;-90,90447033;562,0488442
565,24;-92,55538527;557,2853802
565,24;-92,55538527;565,2368068
565,24;-92,55538527;568,4346622
565,24;-90,90447033;568,4346622
562,05;-91,72997191;563,6415909
560,46;-95,03113561;568,4346622
563,64;-92,55538527;566,8344959
565,24;-91,72997191;563,6415909
566,83;-90,07887656;568,4346622
562,05;-90,07887656;565,2368068
563,64;-90,07887656;563,6415909
560,46;-90,90447033;560,4585628
558,87;-90,90447033;563,6415909
562,05;-89,25318665;560,4585628
560,46;-89,25318665;557,2853802
558,87;-90,90447033;560,4585628
554,12;-91,72997191;560,4585628
558,87;-90,90447033;560,4585628
554,12;-92,55538527;555,7024709
554,12;-92,55538527;560,4585628
554,12;-90,90447033;558,8707428
554,12;-90,07887656;560,4585628
554,12;-91,72997191;563,6415909
550,97;-94,20596316;568,4346622
555,70;-91,72997191;566,8344959
554,12;-93,38071436;563,6415909
554,12;-92,55538527;568,4346622
552,54;-91,72997191;565,2368068
554,12;-91,72997191;563,6415909
552,54;-91,72997191;563,6415909
550,97;-93,38071436;566,8344959
555,70;-89,25318665;562,0488442
554,12;-90,90447033;554,1220112
558,87;-90,90447033;554,1220112
558,87;-92,55538527;554,1220112
558,87;-90,90447033;557,2853802
557,29;-91,72997191;558,8707428
555,70;-94,20596316;562,0488442
560,46;-90,90447033;560,4585628
560,46;-90,90447033;558,8707428
557,29;-90,90447033;563,6415909
554,12;-91,72997191;562,0488442
558,87;-90,90447033;565,2368068
557,29;-92,55538527;560,4585628
557,29;-94,20596316;563,6415909
558,87;-91,72997191;558,8707428
560,46;-92,55538527;560,4585628
558,87;-93,38071436;562,0488442
554,12;-94,20596316;562,0488442
560,46;-90,90447033;562,0488442
558,87;-90,07887656;557,2853802
560,46;-89,25318665;563,6415909
557,29;-89,25318665;563,6415909
558,87;-89,25318665;562,0488442
558,87;-91,72997191;563,6415909
557,29;-95,85623569;565,2368068
558,87;-92,55538527;563,6415909
560,46;-93,38071436;560,4585628
562,05;-92,55538527;565,2368068
558,87;-90,90447033;562,0488442
562,05;-89,25318665;563,6415909
560,46;-90,90447033;557,2853802
557,29;-92,55538527;560,4585628
560,46;-89,25318665;558,8707428
560,46;-90,90447033;554,1220112
560,46;-90,07887656;558,8707428
557,29;-90,90447033;558,8707428
566,83;-88,42739663;560,4585628
563,64;-89,25318665;558,8707428
560,46;-90,90447033;563,6415909
560,46;-88,42739663;560,4585628
565,24;-88,42739663;557,2853802
562,05;-88,42739663;557,2853802
557,29;-92,55538527;557,2853802
560,46;-90,90447033;557,2853802
558,87;-92,55538527;552,5439969
558,87;-92,55538527;560,4585628
555,70;-90,07887656;563,6415909
558,87;-90,90447033;566,8344959
555,70;-90,90447033;565,2368068
550,97;-93,38071436;563,6415909
554,12;-89,25318665;563,6415909
554,12;-90,90447033;558,8707428
552,54;-90,90447033;565,2368068
554,12;-92,55538527;563,6415909
558,87;-90,90447033;563,6415909
558,87;-90,90447033;560,4585628
557,29;-93,38071436;560,4585628
560,46;-90,90447033;557,2853802
554,12;-90,90447033;554,1220112
552,54;-90,90447033;558,8707428
550,97;-92,55538527;560,4585628
555,70;-90,07887656;562,0488442
554,12;-91,72997191;560,4585628
555,70;-93,38071436;563,6415909
557,29;-91,72997191;562,0488442
560,46;-92,55538527;562,0488442
560,46;-92,55538527;565,2368068
558,87;-94,20596316;563,6415909
563,64;-90,90447033;562,0488442
568,43;-90,07887656;558,8707428
571,64;-89,25318665;565,2368068
568,43;-87,60150253;563,6415909
568,43;-87,60150253;563,6415909
562,05;-87,60150253;565,2368068
557,29;-89,25318665;566,8344959
560,46;-88,42739663;562,0488442
558,87;-90,90447033;555,7024709
558,87;-90,90447033;560,4585628
554,12;-90,90447033;558,8707428
557,29;-91,72997191;560,4585628
560,46;-92,55538527;558,8707428
560,46;-95,03113561;560,4585628
563,64;-92,55538527;560,4585628
562,05;-92,55538527;560,4585628
563,64;-91,72997191;563,6415909
562,05;-91,72997191;557,2853802
565,24;-89,25318665;557,2853802
562,05;-89,25318665;554,1220112
560,46;-90,90447033;555,7024709
563,64;-90,07887656;552,5439969
565,24;-92,55538527;550,9684241
566,83;-92,55538527;554,1220112
560,46;-92,55538527;552,5439969
563,64;-90,07887656;555,7024709
555,70;-90,90447033;554,1220112
554,12;-91,72997191;560,4585628
550,97;-90,07887656;558,8707428
554,12;-90,90447033;558,8707428
554,12;-92,55538527;560,4585628
552,54;-94,20596316;558,8707428
557,29;-90,90447033;560,4585628
554,12;-92,55538527;555,7024709
555,70;-92,55538527;560,4585628
555,70;-92,55538527;557,2853802
555,70;-93,38071436;558,8707428
554,12;-95,03113561;558,8707428
552,54;-96,68126736;555,7024709
555,70;-94,20596316;552,5439969
554,12;-94,20596316;550,9684241
555,70;-92,55538527;558,8707428
550,97;-93,38071436;557,2853802
557,29;-90,90447033;558,8707428
554,12;-91,72997191;557,2853802
557,29;-91,72997191;562,0488442
560,46;-89,25318665;560,4585628
562,05;-90,90447033;558,8707428
562,05;-90,90447033;562,0488442
554,12;-92,55538527;558,8707428
560,46;-90,90447033;554,1220112
557,29;-92,55538527;554,1220112
555,70;-92,55538527;558,8707428
555,70;-92,55538527;560,4585628
558,87;-93,38071436;563,6415909
554,12;-94,20596316;568,4346622
554,12;-96,68126736;568,4346622
557,29;-93,38071436;565,2368068
554,12;-94,20596316;555,7024709
557,29;-95,03113561;557,2853802
557,29;-94,20596316;554,1220112
560,46;-94,20596316;554,1220112
557,29;-93,38071436;554,1220112
555,70;-95,03113561;557,2853802
557,29;-91,72997191;555,7024709
554,12;-92,55538527;554,1220112
554,12;-90,90447033;558,8707428
550,97;-92,55538527;555,7024709
557,29;-91,72997191;557,2853802
557,29;-90,90447033;557,2853802
558,87;-91,72997191;557,2853802
558,87;-89,25318665;558,8707428
560,46;-90,07887656;558,8707428
562,05;-90,07887656;563,6415909
557,29;-91,72997191;560,4585628
560,46;-90,90447033;562,0488442
560,46;-93,38071436;558,8707428
562,05;-92,55538527;562,0488442
560,46;-91,72997191;557,2853802
563,64;-94,20596316;552,5439969
563,64;-94,20596316;552,5439969
558,87;-95,03113561;554,1220112
560,46;-90,07887656;557,2853802
558,87;-90,07887656;554,1220112
557,29;-89,25318665;562,0488442
555,70;-89,25318665;563,6415909
560,46;-90,07887656;565,2368068
560,46;-90,07887656;568,4346622
560,46;-90,90447033;565,2368068
563,64;-86,77550041;563,6415909
560,46;-89,25318665;557,2853802
558,87;-88,42739663;562,0488442
558,87;-88,42739663;560,4585628
563,64;-87,60150253;560,4585628
563,64;-90,07887656;563,6415909
563,64;-93,38071436;565,2368068
562,05;-90,90447033;560,4585628
560,46;-92,55538527;557,2853802
558,87;-93,38071436;563,6415909
555,70;-95,03113561;558,8707428
563,64;-93,38071436;557,2853802
562,05;-94,20596316;554,1220112
566,83;-95,03113561;558,8707428
563,64;-92,55538527;558,8707428
565,24;-93,38071436;557,2853802
563,64;-94,20596316;562,0488442
560,46;-95,85623569;563,6415909
568,43;-92,55538527;562,0488442
565,24;-92,55538527;557,2853802
562,05;-91,72997191;560,4585628
560,46;-90,07887656;554,1220112
566,83;-90,07887656;552,5439969
562,05;-90,90447033;554,1220112
558,87;-93,38071436;554,1220112
560,46;-91,72997191;552,5439969
557,29;-93,38071436;550,9684241
554,12;-93,38071436;558,8707428
549,40;-93,38071436;555,7024709
554,12;-91,72997191;555,7024709
554,12;-93,38071436;554,1220112
560,46;-95,03113561;554,1220112
563,64;-92,55538527;554,1220112
565,24;-93,38071436;549,3952889
565,24;-92,55538527;557,2853802
562,05;-93,38071436;555,7024709
568,43;-90,07887656;558,8707428
568,43;-91,72997191;558,8707428
568,43;-92,55538527;560,4585628
562,05;-90,90447033;554,1220112
562,05;-90,07887656;549,3952889
560,46;-89,25318665;554,1220112
558,87;-92,55538527;555,7024709
562,05;-90,07887656;557,2853802
560,46;-90,90447033;558,8707428
554,12;-90,90447033;566,8344959
554,12;-90,90447033;566,8344959
557,29;-91,72997191;565,2368068
558,87;-92,55538527;565,2368068
554,12;-93,38071436;562,0488442
557,29;-89,25318665;560,4585628
557,29;-90,90447033;554,1220112
555,70;-90,90447033;558,8707428
554,12;-90,90447033;557,2853802
560,46;-90,07887656;558,8707428
558,87;-91,72997191;562,0488442
555,70;-94,20596316;563,6415909
557,29;-91,72997191;563,6415909
557,29;-93,38071436;557,2853802
554,12;-93,38071436;562,0488442
550,97;-92,55538527;557,2853802
555,70;-89,25318665;560,4585628
560,46;-90,07887656;560,4585628
560,46;-91,72997191;563,6415909
558,87;-90,07887656;562,0488442
563,64;-91,72997191;558,8707428
563,64;-90,90447033;563,6415909
562,05;-91,72997191;566,8344959
565,24;-90,07887656;565,2368068
563,64;-91,72997191;558,8707428
566,83;-92,55538527;563,6415909
568,43;-91,72997191;558,8707428
570,04;-92,55538527;555,7024709
565,24;-94,20596316;560,4585628
562,05;-94,20596316;560,4585628
565,24;-90,90447033;558,8707428
563,64;-92,55538527;555,7024709
562,05;-92,55538527;563,6415909
557,29;-90,90447033;560,4585628
562,05;-90,90447033;563,6415909
560,46;-90,90447033;565,2368068
560,46;-93,38071436;560,4585628
560,46;-91,72997191;558,8707428
560,46;-93,38071436;555,7024709
558,87;-92,55538527;562,0488442
552,54;-92,55538527;558,8707428
557,29;-90,07887656;558,8707428
555,70;-90,07887656;560,4585628
560,46;-91,72997191;560,4585628
557,29;-89,25318665;557,2853802
560,46;-90,90447033;554,1220112
560,46;-90,07887656;557,2853802
557,29;-92,55538527;552,5439969
560,46;-91,72997191;552,5439969
557,29;-93,38071436;552,5439969
