Festo,DST
-150.7,489.2
-151.4,488.7
-152.0,488.2
-152.6,487.8
-153.2,487.4
-154.0,487.1
-155.1,486.9
-156.0,486.6
-157.0,486.2
-157.9,485.8
-158.7,485.0
-159.6,484.4
-160.5,484.0
-161.7,483.2
-162.9,482.6
-164.2,482.0
-165.4,481.4
-166.2,481.1
-166.7,480.9
-167.5,480.5
-168.2,480.1
-168.9,479.7
-170.3,479.2
-171.4,478.9
-172.6,478.4
-173.9,477.9
-174.6,477.4
-175.4,476.9
-176.0,476.5
-176.7,476.0
-177.5,475.4
-178.6,474.9
-179.6,474.4
-180.6,474.0
-181.6,473.6
-182.5,473.1
-183.5,472.5
-184.6,471.6
-185.7,471.0
-186.7,470.2
-188.0,469.4
-189.2,468.9
-190.2,468.4
-191.6,468.1
-192.7,467.6
-193.6,467.1
-194.9,466.7
-195.8,466.2
-196.8,465.7
-198.1,465.0
-198.9,464.2
-200.0,463.4
-200.7,462.7
-201.5,462.1
-202.9,461.6
-204.2,461.2
-205.7,460.6
-206.6,459.9
-207.6,459.1
-208.3,458.0
-209.1,457.3
-210.2,456.6
-211.1,455.7
-211.9,455.2
-213.2,454.6
-214.3,453.9
-215.2,452.9
-216.7,452.1
-217.6,450.9
-218.5,449.9
-219.6,449.4
-220.2,448.4
-220.8,447.2
-221.4,446.1
-222.1,444.9
-222.9,443.9
-223.7,443.3
-224.3,442.5
-224.7,441.4
-225.4,440.5
-226.0,439.3
-226.8,438.0
-227.5,437.0
-228.0,435.8
-228.6,434.9
-229.1,433.7
-229.5,432.5
-230.0,431.2
-230.3,429.9
-230.6,428.9
-231.0,427.7
-231.3,426.5
-231.6,425.1
-231.9,424.2
-232.2,423.2
-232.5,421.6
-232.7,419.9
-232.9,418.2
-233.0,416.7
-233.1,415.8
-233.1,414.5
-233.2,413.2
-233.3,411.4
-233.5,409.5
-233.8,408.1
-233.9,406.4
-234.1,404.4
-234.1,402.9
-234.0,401.2
-233.9,399.6
-233.8,398.2
-233.7,396.4
-233.6,394.4
-233.6,392.1
-233.4,390.4
-233.2,388.2
-233.0,386.0
-232.9,384.2
-232.9,381.9
-232.7,379.9
-232.5,377.9
-232.1,375.6
-231.8,373.2
-231.6,371.0
-231.3,368.6
-231.2,366.4
-231.0,364.9
-230.8,363.0
-230.6,361.0
-230.4,358.5
-230.3,355.5
-230.2,352.6
-230.1,350.0
-229.9,348.0
-229.8,345.7
-229.7,343.5
-229.6,341.3
-229.5,338.5
-229.3,336.5
-229.2,334.1
-229.1,331.9
-229.0,329.4
-228.9,326.3
-228.9,323.3
-228.9,320.4
-228.9,318.3
-229.0,315.6
-229.1,312.9
-229.2,310.4
-229.3,306.8
-229.3,304.4
-229.3,302.3
-229.2,298.9
-229.2,296.7
-229.2,294.4
-229.2,291.2
-229.2,288.6
-229.2,285.3
-229.2,281.5
-229.2,278.6
-229.3,276.1
-229.3,273.3
-229.4,270.9
-229.5,268.0
-229.5,264.8
-229.4,261.8
-229.3,258.7
-229.2,256.0
-229.0,253.0
-228.8,251.0
-229.0,247.8
-229.0,244.7
-229.3,241.6
-229.5,237.8
-229.5,235.0
-229.6,231.5
-229.8,228.6
-230.0,226.1
-230.2,224.0
-230.3,221.3
-230.3,218.4
-230.4,214.7
-230.5,210.7
-230.5,208.0
-230.5,204.7
-230.4,201.9
-230.4,199.4
-230.4,197.1
-230.3,194.0
-230.2,191.4
-230.0,188.7
-229.9,185.4
-229.7,183.0
-229.7,179.7
-229.9,176.2
-230.1,173.2
-230.3,169.7
-230.5,167.3
-230.5,164.4
-230.5,160.6
-230.5,157.6
-230.5,154.2
-230.5,150.5
-230.5,148.0
-230.6,145.4
-230.6,142.2
-230.6,140.0
-230.7,137.2
-230.7,133.9
-230.7,131.0
-230.7,127.9
-230.7,125.5
-230.7,122.9
-230.6,120.5
-230.6,117.4
-230.5,114.1
-230.5,111.7
-230.4,108.9
-230.3,106.1
-230.3,102.9
-230.5,98.8
-230.6,95.5
-230.7,93.5
-230.8,90.9
-230.6,88.9
-230.5,86.6
-230.4,83.1
-230.4,80.5
-230.4,77.9
-230.3,75.2
-230.3,72.9
-230.3,70.1
-230.2,67.6
-230.2,65.0
-230.2,62.5
-230.0,59.9
-229.9,56.5
-229.8,53.0
-229.6,50.2
-229.6,47.7
-229.7,45.4
-229.7,43.8
-229.8,41.6
-229.8,38.9
-230.0,37.3
-230.0,34.7
-230.0,32.1
-229.9,29.8
-229.8,27.1
-229.7,24.5
-229.7,22.5
-229.7,20.2
-229.7,17.8
-229.7,16.0
-229.7,13.8
-229.7,11.5
-229.7,9.3
-229.8,6.9
-229.9,4.4
-229.9,2.8
-230.0,1.0
-230.0,-1.2
-230.0,-2.9
-230.0,-4.8
-229.9,-7.0
-229.8,-8.3
-229.8,-10.6
-229.7,-12.8
-229.8,-14.7
-229.8,-16.8
-229.8,-18.4
-229.8,-20.0
-229.9,-21.6
-229.9,-23.6
-229.9,-25.2
-230.0,-27.4
-230.0,-29.4
-230.1,-31.1
-230.1,-33.0
-230.2,-34.5
-230.3,-36.3
-230.3,-37.8
-230.3,-39.4
-230.4,-41.1
-230.4,-42.2
-230.5,-43.4
-230.6,-44.8
-230.6,-46.4
-230.6,-48.1
-230.7,-49.8
-230.7,-51.4
-230.6,-52.9
-230.5,-54.5
-230.4,-56.2
-230.3,-57.8
-230.3,-59.0
-230.3,-60.1
-230.3,-61.1
-230.3,-62.5
-230.4,-63.7
-230.4,-65.1
-230.5,-66.6
-230.6,-67.7
-230.6,-69.5
-230.7,-71.5
-230.7,-72.9
-230.7,-74.2
-230.8,-75.3
-231.0,-76.1
-231.1,-76.9
-231.3,-78.0
-231.4,-78.7
-231.4,-79.5
-231.4,-80.7
-231.4,-81.6
-231.3,-82.6
-231.3,-83.9
-231.2,-84.7
-231.2,-85.6
-231.2,-86.4
-231.2,-86.8
-231.2,-87.4
-231.3,-88.6
-231.3,-89.8
-231.3,-91.1
-231.3,-92.1
-231.3,-92.6
-231.3,-93.1
-231.3,-93.2
-231.3,-93.4
-231.3,-93.8
-231.3,-94.4
-231.3,-95.0
-231.3,-95.6
-231.3,-96.1
-231.3,-96.4
-231.4,-96.7
-231.5,-97.0
-231.6,-97.0
-231.6,-97.4
-231.6,-97.6
-231.6,-97.7
-231.7,-97.8
-231.7,-97.6
-231.7,-97.2
-231.7,-97.2
-231.7,-96.8
-231.7,-96.6
-231.6,-96.4
-231.6,-96.1
-231.6,-95.9
-231.6,-95.7
-231.7,-95.5
-231.7,-95.4
-231.7,-95.2
-231.8,-95.0
-231.7,-94.5
-231.7,-94.1
-231.6,-93.8
-231.6,-93.5
-231.6,-93.5
-231.6,-93.4
-231.6,-93.2
-231.6,-93.0
-231.6,-92.7
-231.6,-92.7
-231.5,-92.6
-231.5,-92.4
-231.5,-92.2
-231.5,-92.1
-231.6,-91.9
-231.7,-91.8
-231.7,-91.6
-231.8,-91.5
-231.8,-91.5
-231.7,-91.5
-231.5,-91.6
-231.4,-91.6
-231.2,-91.6
-231.4,-91.9
-231.5,-92.4
-231.5,-92.9
-231.7,-93.4
-231.7,-93.8
-231.7,-93.9
-231.9,-94.1
-232.0,-94.2
-232.0,-94.4
-232.0,-94.6
-232.0,-94.8
-232.0,-95.2
-232.0,-95.6
-231.9,-96.0
-231.8,-96.5
-231.7,-96.8
-231.7,-97.0
-231.7,-97.3
-231.8,-97.9
-231.8,-98.6
-231.6,-99.5
-231.6,-100.3
-231.5,-100.9
-231.4,-101.2
-231.4,-101.3
-231.3,-101.2
-231.3,-100.9
-231.4,-100.5
-231.4,-100.1
-231.4,-99.6
-231.5,-99.3
-231.6,-98.8
-231.8,-98.4
-231.8,-98.2
-231.8,-97.8
-231.8,-97.6
-231.7,-97.4
-231.6,-97.1
-231.6,-96.9
-231.6,-96.6
-231.6,-96.4
-231.4,-96.3
-231.4,-96.3
-231.5,-96.4
-231.6,-96.6
-231.8,-96.6
-231.8,-96.8
-231.9,-96.9
-231.9,-97.0
-231.9,-97.1
-231.9,-97.4
-231.9,-97.5
-231.9,-97.6
-231.9,-97.6
-231.9,-97.4
-231.8,-97.5
-231.8,-97.5
-231.8,-97.5
-231.8,-97.4
-231.7,-97.3
-231.8,-97.2
-231.8,-97.2
-231.8,-97.2
-231.8,-97.2
-231.9,-97.2
-231.9,-97.2
-231.9,-97.3
-231.9,-97.3
-231.9,-97.3
-231.9,-97.3
-231.9,-97.3
-232.0,-97.4
-232.0,-97.4
-232.0,-97.4
-232.0,-97.5
-232.0,-97.5
-232.0,-97.6
-232.0,-97.8
-232.0,-97.9
-232.0,-98.1
-231.9,-98.3
-231.9,-98.4
-231.9,-98.5
-231.9,-98.6
-232.0,-98.5
-232.1,-98.3
-232.1,-98.1
-232.2,-97.9
-232.3,-97.8
-232.3,-97.6
-232.3,-97.4
-232.3,-97.3
-232.2,-97.1
-232.2,-97.0
-232.2,-96.9
-232.2,-96.7
-232.3,-96.6
-232.3,-96.5
-232.3,-96.4
-232.3,-96.4
-232.3,-96.4
-232.4,-96.4
-232.4,-96.4
-232.5,-96.5
-232.6,-96.6
-232.6,-96.7
-232.6,-97.0
-232.6,-97.3
-232.6,-97.5
-232.7,-97.6
-232.7,-97.6
-232.7,-97.6
-232.6,-97.6
-232.5,-97.5
-232.4,-97.4
-232.3,-97.3
-232.2,-97.3
-232.1,-97.3
-232.0,-97.4
-231.9,-97.7
-231.9,-97.9
-232.1,-98.2
-232.3,-98.3
-232.4,-98.3
-232.5,-98.4
-232.5,-98.4
-232.5,-98.4
-232.5,-98.4
-232.5,-98.4
-232.5,-98.4
-232.5,-98.4
-232.5,-98.4
-232.5,-98.4
-232.5,-98.5
-232.6,-98.6
-232.5,-98.7
-232.6,-98.8
-232.6,-98.8
-232.6,-98.7
-232.6,-98.6
-232.6,-98.5
-232.6,-98.4
-232.6,-98.3
-232.6,-98.3
-232.6,-98.3
-232.6,-98.2
-232.7,-98.1
-232.8,-98.0
-232.9,-97.8
-232.9,-97.7
-232.8,-97.6
-232.8,-97.4
-232.7,-97.2
-232.7,-97.1
-232.6,-96.9
-232.5,-97.1
-232.4,-97.2
-232.3,-97.4
-232.3,-97.6
-232.3,-97.8
-232.4,-98.0
-232.4,-98.2
-232.4,-98.4
-232.5,-98.5
-232.4,-98.5
-232.5,-98.4
-232.5,-98.4
-232.4,-98.4
-232.4,-98.3
-232.5,-98.3
-232.6,-98.3
-232.8,-98.3
-232.9,-98.3
-232.8,-98.4
-232.8,-98.4
-232.8,-98.5
-232.7,-98.6
-232.8,-98.6
-232.8,-98.6
-232.9,-98.5
-232.9,-98.5
-232.9,-98.4
-232.9,-98.3
-232.9,-98.3
-232.9,-98.3
-232.8,-98.3
-232.7,-98.5
-232.6,-98.9
-232.4,-99.1
-232.4,-99.3
-232.4,-99.3
-232.4,-99.2
-232.4,-99.2
-232.4,-99.1
-232.4,-99.1
-232.4,-99.1
-232.5,-99.0
-232.6,-98.9
-232.7,-98.8
-232.8,-98.8
-232.7,-98.9
-232.8,-98.9
-232.6,-99.0
-232.6,-98.9
-232.7,-98.9
-232.7,-99.0
-232.6,-99.0
-232.6,-98.8
-232.5,-98.8
-232.4,-98.7
-232.4,-98.6
-232.3,-98.6
-232.2,-98.6
-232.3,-98.4
-232.2,-98.5
-232.2,-98.6
-232.3,-98.6
-232.4,-98.8
-232.5,-98.8
-232.6,-98.7
-232.6,-98.8
-232.6,-98.8
-232.6,-98.7
-232.5,-98.7
-232.4,-98.6
-232.3,-98.7
-232.2,-98.8
-232.2,-98.9
-232.2,-99.1
-232.2,-99.2
-232.2,-99.2
-232.2,-99.2
-232.3,-99.3
-232.3,-99.3
-232.3,-99.5
-232.3,-99.6
-232.3,-99.6
-232.3,-99.6
-232.3,-99.7
-232.3,-99.9
-232.3,-100.2
-232.3,-100.4
-232.3,-100.8
-232.3,-100.8
-232.3,-100.8
-232.1,-100.8
-231.9,-100.7
-231.8,-100.8
-231.6,-100.9
-231.6,-101.0
-231.7,-101.0
-231.7,-101.0
-231.8,-101.0
-231.9,-100.9
-231.9,-100.8
-231.9,-100.6
-231.9,-100.4
-231.8,-100.4
-231.8,-100.4
-231.8,-100.4
-231.7,-100.5
-231.7,-100.3
-231.7,-100.3
-231.7,-100.1
-231.7,-99.9
-231.6,-99.9
-231.6,-99.6
-231.6,-99.5
-231.6,-99.5
-231.5,-99.4
-231.5,-99.3
-231.4,-99.3
-231.4,-99.3
-231.4,-99.3
-231.3,-99.3
-231.3,-99.3
-231.4,-99.2
-231.6,-99.2
-231.7,-99.2
-231.9,-99.0
-232.0,-99.0
-232.0,-99.0
-232.0,-98.9
-232.0,-98.9
-232.0,-98.9
-231.9,-98.8
-231.7,-98.9
-231.5,-99.0
-231.2,-98.9
-231.0,-98.8
-230.9,-98.8
-230.9,-98.7
-230.9,-98.7
-231.0,-98.7
-231.2,-98.6
-231.4,-98.6
-231.5,-98.6
-231.5,-98.5
-231.6,-98.4
-231.6,-98.2
-231.6,-98.0
-231.5,-97.9
-231.5,-97.7
-231.3,-97.6
-231.2,-97.7
-231.0,-97.7
-230.9,-97.8
-230.8,-98.0
-230.8,-98.1
-230.8,-98.4
-230.9,-98.5
-231.0,-98.5
-231.2,-98.6
-231.2,-98.6
-231.3,-98.5
-231.3,-98.5
-231.3,-98.4
-231.2,-98.3
-231.1,-98.2
-230.8,-98.1
-230.6,-98.0
-230.5,-97.8
-230.4,-97.7
-230.5,-97.7
-230.6,-97.6
-230.7,-97.5
-230.9,-97.4
-231.0,-97.3
-231.0,-97.3
-230.9,-97.2
-230.9,-97.3
-230.8,-97.3
-230.7,-97.4
-230.7,-97.4
-230.8,-97.4
-230.8,-97.3
-230.8,-97.2
-230.9,-97.2
-230.8,-97.1
-230.9,-97.2
-230.9,-97.2
-230.9,-97.3
-230.8,-97.5
-230.8,-97.5
-230.8,-97.5
-230.8,-97.6
-230.8,-97.4
-230.9,-97.3
-230.9,-97.3
-230.9,-97.2
-230.9,-97.2
-230.8,-97.3
-230.6,-97.3
-230.5,-97.3
-230.4,-97.3
-230.4,-97.3
-230.3,-97.4
-230.3,-97.6
-230.3,-97.8
-230.3,-98.0
-230.3,-98.3
-230.5,-98.6
-230.5,-98.9
-230.7,-99.1
-230.9,-99.2
-230.9,-99.2
-230.8,-99.2
-230.8,-99.2
-230.8,-99.2
-230.8,-99.2
-230.8,-99.2
-230.7,-99.3
-230.6,-99.5
-230.6,-99.7
-230.5,-99.8
-230.6,-99.9
-230.6,-100.0
-230.6,-100.0
-230.6,-100.1
-230.6,-100.2
-230.6,-100.2
-230.7,-100.3
-230.7,-100.3
-230.7,-100.4
-230.8,-100.6
-230.8,-100.8
-230.8,-101.0
-230.8,-101.1
-230.9,-101.3
-231.0,-101.5
-231.1,-101.6
-231.1,-101.8
-231.1,-101.9
-231.1,-102.0
-230.9,-102.0
-230.8,-101.9
-230.7,-101.6
-230.6,-101.4
-230.6,-101.3
-230.6,-101.2
-230.6,-101.1
-230.6,-101.0
-230.6,-101.0
-230.6,-100.9
-230.6,-100.8
-230.5,-100.8
-230.6,-100.5
-230.5,-100.2
-230.6,-100.2
-230.6,-100.1
-230.6,-100.1
-230.7,-100.2
-230.7,-100.1
-230.6,-100.1
-230.6,-100.2
-230.6,-100.0
-230.5,-99.8
-230.5,-99.5
-230.5,-99.2
-230.5,-99.1
-230.6,-99.1
-230.7,-99.1
-230.7,-99.1
-230.8,-99.0
-230.8,-99.1
-230.7,-99.3
-230.6,-99.4
-230.6,-99.7
-230.5,-99.8
-230.5,-99.9
-230.5,-100.0
-230.6,-100.1
-230.7,-100.1
-230.7,-100.0
-230.7,-100.1
-230.7,-100.1
-230.6,-100.0
-230.4,-100.0
-230.4,-99.7
-230.3,-99.5
-230.4,-99.6
-230.5,-99.6
-230.5,-99.6
-230.6,-99.5
-230.7,-99.3
-230.9,-99.2
-231.1,-99.2
-231.1,-99.1
-231.1,-99.1
-231.1,-99.0
-231.0,-99.0
-231.0,-99.0
-230.9,-99.0
-230.8,-99.1
-230.8,-99.2
-230.7,-99.3
-230.6,-99.3
-230.5,-99.2
-230.4,-99.1
-230.3,-98.9
-230.4,-98.7
-230.4,-98.7
-230.4,-98.6
-230.4,-98.6
-230.3,-98.7
-230.4,-98.6
-230.4,-98.5
-230.4,-98.3
-230.4,-98.1
-230.4,-97.9
-230.4,-97.8
-230.5,-97.7
-230.6,-97.5
-230.6,-97.4
-230.6,-97.2
-230.8,-97.1
-230.8,-97.1
-230.9,-97.0
-230.9,-97.1
-230.8,-97.2
-230.9,-97.0
-230.8,-96.9
-230.8,-96.8
-230.9,-96.6
-230.8,-96.6
-230.6,-96.6
-230.6,-96.5
-230.4,-96.5
-230.4,-96.4
-230.6,-96.4
-230.7,-96.5
-230.8,-96.5
-230.8,-96.5
-230.6,-96.5
-230.4,-96.5
-230.2,-96.5
-230.0,-96.5
-229.9,-96.5
-229.9,-96.6
-230.0,-96.7
-230.0,-96.8
-230.0,-96.8
-230.1,-96.8
-230.1,-96.9
-230.2,-97.0
-230.3,-97.1
-230.3,-97.2
-230.4,-97.2
-230.4,-97.2
-230.4,-97.3
-230.4,-97.3
-230.5,-97.3
-230.5,-97.3
-230.5,-97.3
-230.5,-97.4
-230.5,-97.4
-230.5,-97.3
-230.5,-97.3
-230.5,-97.2
-230.4,-97.2
-230.4,-97.2
-230.3,-97.3
-230.3,-97.4
-230.3,-97.5
-230.2,-97.7
-230.3,-97.8
-230.3,-97.8
-230.4,-97.8
-230.4,-97.7
-230.4,-97.7
-230.5,-97.6
-230.6,-97.6
-230.6,-97.5
-230.6,-97.5
-230.6,-97.5
-230.6,-97.5
-230.5,-97.5
-230.5,-97.5
-230.4,-97.5
-230.4,-97.4
-230.4,-97.4
-230.3,-97.5
-230.3,-97.7
-230.3,-97.8
-230.3,-97.9
-230.3,-98.0
-230.3,-98.0
-230.3,-98.0
-230.3,-98.0
-230.3,-97.8
-230.4,-97.8
-230.3,-97.8
-230.4,-97.8
-230.4,-97.8
-230.5,-97.9
-230.6,-97.9
-230.6,-97.9
-230.6,-97.9
-230.6,-97.9
-230.5,-98.0
-230.5,-98.1
-230.5,-98.1
-230.4,-98.1
-230.4,-98.0
-230.1,-97.9
-230.1,-97.9
-230.0,-97.9
-229.9,-97.8
-230.0,-97.8
-230.1,-97.8
-230.3,-97.9
-230.6,-97.9
-230.6,-97.9
-230.6,-97.9
-230.4,-97.8
-230.1,-97.7
-230.0,-97.6
-229.8,-97.6
-229.7,-97.6
-229.7,-97.6
-229.9,-97.6
-230.1,-97.7
-230.4,-97.7
-230.7,-97.8
-230.6,-97.8
-230.6,-97.7
-230.7,-97.7
-230.6,-97.6
-230.6,-97.6
-230.6,-97.6
-230.6,-97.6
-230.6,-97.6
-230.6,-97.7
-230.6,-97.7
-230.6,-97.8
-230.5,-97.8
-230.5,-97.8
-230.5,-97.8
-230.5,-97.8
-230.4,-97.9
-230.4,-98.0
-230.3,-98.1
-230.2,-98.1
-230.2,-98.1
-230.2,-98.1
-230.1,-98.0
-230.1,-97.9
-230.2,-97.9
-230.2,-97.9
-230.2,-98.0
-230.2,-98.1
-230.1,-98.2
-230.1,-98.3
-230.3,-98.4
-230.3,-98.4
-230.4,-98.4
-230.5,-98.5
-230.4,-98.6
-230.5,-98.8
-230.5,-99.1
-230.4,-99.3
-230.4,-99.6
-230.4,-99.7
-230.3,-99.9
-230.2,-100.2
-230.2,-100.5
-230.0,-100.6
-230.0,-100.8
-230.2,-100.8
-230.1,-100.8
-230.3,-100.5
-230.4,-100.2
-230.3,-99.9
-230.4,-99.6
-230.3,-99.6
-230.2,-99.6
-230.2,-99.9
-230.1,-100.3
-230.0,-100.8
-230.0,-101.2
-229.9,-101.4
-230.0,-101.4
-230.1,-101.4
-230.1,-101.2
-230.2,-101.0
-230.2,-100.8
-230.2,-100.5
-230.5,-100.3
-230.6,-100.3
-230.7,-100.3
-230.7,-100.2
-230.6,-100.4
-230.6,-100.3
-230.6,-100.2
-230.5,-100.2
-230.4,-100.0
-230.3,-100.0
-230.3,-99.9
-230.4,-99.8
-230.5,-99.6
-230.6,-99.6
-230.7,-99.7
-230.7,-99.6
-230.7,-99.6
-230.6,-99.5
-230.5,-99.4
-230.4,-99.4
-230.3,-99.4
-230.2,-99.3
-230.0,-99.1
-229.8,-99.0
-229.7,-98.9
-229.7,-98.9
-229.8,-98.8
-230.0,-98.8
-230.1,-98.8
-230.2,-98.8
-230.2,-98.8
-230.3,-98.9
-230.4,-99.1
-230.4,-99.2
-230.4,-99.4
-230.5,-99.5
-230.5,-99.5
-230.5,-99.5
-230.5,-99.5
-230.4,-99.5
-230.4,-99.5
-230.3,-99.5
-230.1,-99.5
-230.0,-99.5
-229.9,-99.5
-229.8,-99.5
-229.9,-99.8
-229.9,-100.1
-229.9,-100.5
-229.9,-100.8
-230.0,-101.0
-230.0,-101.1
-230.1,-101.1
-230.3,-101.2
-230.4,-101.1
-230.5,-101.1
-230.6,-101.2
-230.6,-101.2
-230.7,-101.5
-230.7,-101.7
-230.6,-101.8
-230.6,-102.0
-230.4,-101.9
-230.3,-101.7
-230.3,-101.8
-230.3,-101.6
-230.3,-101.6
-230.3,-101.6
-230.4,-101.6
-230.5,-101.4
-230.5,-101.3
-230.5,-101.2
-230.4,-101.1
-230.4,-101.1
-230.4,-101.1
-230.4,-101.1
-230.4,-101.1
-230.4,-101.2
-230.4,-101.3
-230.3,-101.4
-230.2,-101.4
-230.1,-101.5
-230.1,-101.5
-230.1,-101.5
-230.1,-101.4
-230.1,-101.2
-230.1,-101.1
-230.1,-101.1
-230.1,-101.2
-230.1,-101.2
-230.0,-101.2
-229.9,-101.2
-229.9,-101.2
-229.8,-101.3
-229.7,-101.3
-229.8,-101.1
-229.7,-101.0
-229.9,-100.9
-230.2,-100.8
-230.2,-100.7
-230.5,-100.5
-230.6,-100.5
-230.6,-100.4
-230.6,-100.4
-230.5,-100.4
-230.4,-100.2
-230.3,-100.1
-230.2,-100.1
-230.1,-100.1
-230.1,-100.0
-230.0,-100.3
-230.0,-100.6
-230.1,-100.6
-230.1,-100.8
-230.1,-100.9
-230.1,-100.8
-230.0,-101.0
-230.0,-101.1
-230.1,-101.0
-230.1,-101.1
-230.1,-101.2
-230.2,-101.4
-230.3,-101.6
-230.4,-101.7
-230.5,-101.6
-230.5,-101.5
-230.4,-101.2
-230.4,-101.0
-230.3,-100.9
-230.3,-100.7
-230.2,-100.7
-230.2,-100.7
-230.1,-100.8
-230.1,-100.9
-230.1,-101.0
-230.1,-101.0
-230.2,-101.0
-230.3,-101.0
-230.4,-101.0
-230.4,-100.9
-230.4,-100.9
-230.3,-101.0
-230.3,-101.2
-230.3,-101.3
-230.3,-101.5
-230.2,-101.5
-230.2,-101.4
-230.2,-101.4
-230.3,-101.4
-230.3,-101.3
-230.4,-101.3
-230.4,-101.2
-230.4,-101.2
-230.4,-101.2
-230.4,-101.1
-230.5,-101.1
-230.5,-101.1
-230.6,-100.9
-230.6,-100.8
-230.7,-100.7
-230.7,-100.5
-230.7,-100.4
-230.7,-100.3
-230.7,-100.1
-230.8,-100.1
-230.8,-100.0
-230.7,-100.0
-230.6,-100.0
-230.4,-100.1
-230.3,-100.1
-230.2,-100.1
-230.1,-100.1
-230.1,-100.2
-230.1,-100.3
-230.1,-100.4
-230.1,-100.5
-230.1,-100.5
-230.0,-100.4
-230.0,-100.3
-230.2,-100.2
-230.4,-100.0
-230.6,-99.9
-230.8,-99.8
-230.8,-99.7
-230.8,-99.6
-230.7,-99.6
-230.6,-99.6
-230.6,-99.7
-230.5,-99.8
-230.5,-99.7
-230.5,-99.6
-230.4,-99.5
-230.5,-99.4
-230.4,-99.3
-230.3,-99.2
-230.2,-99.2
-230.0,-99.1
-230.0,-99.1
-230.0,-99.1
-230.0,-99.0
-230.1,-99.0
-230.3,-99.0
-230.4,-98.9
-230.5,-98.8
-230.5,-98.6
-230.5,-98.5
-230.6,-98.4
-230.5,-98.3
-230.3,-98.3
-230.1,-98.3
-230.0,-98.4
-230.0,-98.5
-230.2,-98.5
-230.3,-98.7
-230.3,-98.8
-230.2,-98.9
-230.3,-99.1
-230.2,-99.1
-230.2,-99.1
-230.1,-99.0
-230.0,-99.0
-230.0,-99.0
-230.0,-98.9
-230.1,-98.9
-230.2,-98.9
-230.2,-99.0
-230.2,-99.0
-230.3,-98.9
-230.3,-98.8
-230.4,-98.7
-230.6,-98.6
-230.7,-98.7
-230.8,-98.7
-230.8,-98.7
-230.7,-98.7
-230.6,-98.8
-230.5,-98.7
-230.6,-98.7
-230.6,-98.6
-230.7,-98.6
-230.7,-98.6
-230.7,-98.5
-230.7,-98.6
-230.6,-98.6
-230.6,-98.6
-230.5,-98.6
-230.5,-98.6
-230.5,-98.6
-230.5,-98.5
-230.5,-98.4
-230.6,-98.4
-230.7,-98.4
-230.7,-98.4
-230.6,-98.4
-230.5,-98.4
-230.4,-98.5
-230.3,-98.5
-230.3,-98.6
-230.3,-98.7
-230.3,-98.7
-230.2,-98.7
-230.1,-98.7
-230.1,-98.7
-230.0,-98.8
-230.0,-98.9
-230.0,-99.0
-230.0,-99.2
-230.0,-99.3
-230.0,-99.5
-230.0,-99.6
-230.0,-99.6
-230.1,-99.5
-230.1,-99.3
-230.1,-99.2
-230.1,-99.1
-230.2,-99.0
-230.3,-98.9
-230.4,-98.8
-230.5,-98.8
-230.4,-98.7
-230.3,-98.8
-230.2,-98.8
-230.2,-98.8
-230.2,-98.7
-230.2,-98.5
-230.3,-98.4
-230.4,-98.3
-230.5,-98.3
-230.6,-98.3
-230.7,-98.3
-230.7,-98.3
-230.6,-98.3
-230.5,-98.4
-230.4,-98.4
-230.2,-98.4
-230.2,-98.4
-230.3,-98.3
-230.3,-98.3
-230.4,-98.3
-230.6,-98.3
-230.7,-98.4
-230.9,-98.6
-231.0,-98.8
-231.0,-98.9
-230.9,-99.0
-230.8,-99.0
-230.6,-99.0
-230.5,-98.9
-230.4,-98.8
-230.4,-98.8
-230.4,-98.7
-230.4,-98.7
-230.4,-98.7
-230.3,-98.8
-230.3,-98.8
-230.2,-98.8
-230.2,-98.9
-230.3,-98.9
-230.3,-99.0
-230.4,-98.9
-230.5,-98.9
-230.5,-98.9
-230.6,-99.1
-230.6,-99.4
-230.6,-99.7
-230.7,-99.9
-230.7,-100.0
-230.6,-100.1
-230.6,-100.2
-230.6,-99.9
-230.7,-99.7
-230.9,-99.7
-230.9,-99.4
-231.0,-99.6
-231.0,-99.9
-230.9,-99.9
-230.8,-100.2
-230.8,-100.3
-230.7,-100.4
-230.6,-100.5
-230.5,-100.2
-230.5,-100.0
-230.4,-99.8
-230.4,-99.5
-230.3,-99.6
-230.3,-99.5
-230.3,-99.5
-230.3,-99.6
-230.3,-99.6
-230.3,-99.6
-230.4,-99.5
-230.5,-99.2
-230.6,-99.0
-230.6,-99.0
-230.6,-98.9
-230.6,-99.0
-230.6,-99.1
-230.6,-99.1
-230.5,-99.1
-230.5,-99.1
-230.5,-99.0
-230.5,-99.0
-230.5,-98.9
-230.5,-98.6
-230.6,-98.3
-230.7,-98.0
-230.7,-97.8
-230.6,-97.7
-230.5,-97.6
-230.5,-97.6
-230.4,-97.6
-230.4,-97.6
-230.4,-97.7
-230.5,-98.0
-230.6,-98.1
-230.6,-98.2
-230.7,-98.2
-230.7,-98.1
-230.7,-98.0
-230.8,-98.0
-230.8,-98.1
-230.8,-98.2
-230.9,-98.3
-231.0,-98.4
-231.0,-98.5
-231.0,-98.6
-231.0,-98.6
-230.8,-98.6
-230.8,-98.7
-230.7,-98.7
-230.6,-98.8
-230.6,-98.9
-230.5,-98.9
-230.4,-99.0
-230.6,-99.2
-230.6,-99.4
-230.6,-99.7
-230.6,-99.9
-230.6,-100.0
-230.7,-100.0
-230.8,-100.0
-230.9,-100.0
-230.9,-99.9
-230.8,-99.7
-230.8,-99.6
-230.7,-99.6
-230.7,-99.6
-230.8,-99.9
-230.9,-99.9
-230.9,-99.9
-231.0,-99.8
-231.0,-99.9
-231.0,-100.0
-231.1,-100.0
-231.0,-100.0
-230.8,-99.9
-230.8,-99.8
-230.8,-99.7
-230.8,-99.5
-230.9,-99.4
-230.8,-99.3
-230.7,-99.4
-230.7,-99.4
-230.6,-99.5
-230.6,-99.6
-230.5,-99.8
-230.5,-99.9
-230.5,-100.0
-230.5,-100.0
-230.6,-100.0
-230.7,-99.9
-230.6,-99.9
-230.6,-99.7
-230.6,-99.6
-230.7,-99.5
-230.7,-99.3
-230.7,-99.3
-230.7,-99.2
-230.7,-99.1
-230.7,-99.0
-230.7,-99.0
-230.7,-98.9
-230.7,-98.8
-230.7,-98.8
-230.8,-98.8
-230.8,-98.8
-230.7,-98.8
-230.7,-98.9
-230.6,-99.0
-230.6,-99.1
-230.6,-99.4
-230.6,-99.6
-230.7,-99.6
-230.7,-99.5
-230.7,-99.3
-230.7,-99.1
-230.7,-98.9
-230.7,-98.9
-230.6,-98.8
-230.6,-98.9
-230.5,-99.0
-230.4,-99.1
-230.4,-99.2
-230.4,-99.3
-230.5,-99.4
-230.6,-99.6
-230.6,-99.6
-230.7,-99.6
-230.6,-99.3
-230.7,-99.3
-230.7,-99.5
-230.6,-99.6
-230.8,-99.8
-230.8,-99.8
-230.7,-99.8
-230.8,-99.8
-230.6,-99.9
-230.4,-99.9
-230.4,-100.0
-230.4,-100.2
-230.4,-100.2
-230.4,-100.2
-230.5,-100.1
-230.5,-99.9
-230.5,-99.9
-230.5,-99.8
-230.4,-99.8
-230.3,-99.9
-230.4,-100.0
-230.5,-100.0
-230.5,-100.0
-230.6,-99.9
-230.5,-99.8
-230.6,-99.6
-230.6,-99.3
-230.6,-99.0
-230.6,-98.7
-230.6,-98.6
-230.6,-98.6
-230.6,-98.6
-230.5,-98.7
-230.4,-98.7
-230.3,-98.8
-230.3,-98.8
-230.3,-98.8
-230.5,-98.9
-230.6,-98.9
-230.6,-99.0
-230.8,-99.0
-230.8,-99.0
-230.8,-99.0
-230.9,-98.9
-230.9,-98.9
-230.8,-98.8
-230.8,-98.6
-230.7,-98.5
-230.6,-98.4
-230.8,-98.2
-231.0,-98.1
-231.1,-98.1
-231.3,-98.1
-231.3,-98.1
-231.3,-98.2
-231.2,-98.2
-231.2,-98.3
-231.0,-98.4
-230.9,-98.6
-230.8,-98.8
-230.7,-99.0
-230.6,-99.1
-230.6,-99.2
-230.5,-99.2
-230.5,-99.2
-230.5,-99.2
-230.5,-99.1
-230.7,-99.1
-230.8,-99.1
-230.8,-99.1
-230.9,-99.4
-230.9,-99.4
-230.9,-99.5
-230.9,-99.6
-230.8,-99.5
-230.6,-99.6
-230.5,-99.4
-230.3,-99.2
-230.3,-99.1
-230.3,-98.8
-230.3,-98.7
-230.3,-98.7
-230.4,-98.8
-230.5,-98.9
-230.5,-99.0
-230.5,-99.0
-230.4,-99.1
-230.4,-99.2
-230.3,-99.2
-230.2,-99.2
-230.0,-99.2
-229.9,-99.2
-229.9,-99.3
-229.9,-99.1
-229.8,-98.9
-229.8,-98.7
-229.7,-98.5
-229.5,-98.5
-229.4,-98.5
-229.2,-98.5
-229.2,-98.6
-229.1,-98.7
-229.0,-98.8
-228.9,-98.9
-228.8,-99.0
-228.6,-99.0
-228.5,-99.0
-228.5,-99.0
-228.5,-98.9
-228.5,-98.9
-228.5,-98.8
-228.5,-98.9
-228.5,-98.9
-228.4,-98.9
-228.2,-98.9
-227.9,-99.0
-227.7,-98.8
-227.5,-98.6
-227.4,-98.4
-227.3,-98.1
-227.2,-98.0
-227.0,-97.9
-226.9,-97.8
-226.8,-97.7
-226.7,-97.6
-226.6,-97.7
-226.4,-97.9
-226.2,-98.1
-225.9,-98.1
-225.6,-98.1
-225.3,-98.1
-225.2,-98.0
-225.1,-98.0
-224.9,-97.9
-224.9,-97.9
-224.7,-97.8
-224.6,-97.8
-224.5,-97.8
-224.3,-97.8
-224.2,-97.8
-224.0,-97.8
-223.7,-97.7
-223.4,-97.7
-223.1,-97.7
-222.9,-97.7
-222.8,-97.7
-222.6,-97.7
-222.5,-97.7
-222.4,-97.7
-222.3,-97.7
-222.3,-97.7
-222.2,-97.6
-221.9,-97.7
-221.6,-97.6
-221.3,-97.6
-221.1,-97.8
-220.9,-97.8
-220.8,-98.0
-220.8,-98.2
-220.8,-98.2
-220.8,-98.2
-220.7,-98.2
-220.6,-98.1
-220.4,-98.1
-220.1,-98.0
-219.8,-98.0
-219.5,-98.0
-219.2,-98.0
-219.1,-98.0
-219.1,-98.0
-219.0,-98.0
-219.0,-98.0
-218.9,-98.0
-218.8,-98.0
-218.6,-98.1
-218.3,-98.0
-218.0,-98.2
-217.7,-98.3
-217.4,-98.4
-217.2,-98.6
-217.0,-98.7
-216.9,-98.7
-216.8,-98.7
-216.8,-98.8
-216.6,-98.9
-216.4,-99.0
-216.1,-99.1
-215.8,-99.3
-215.6,-99.5
-215.4,-99.8
-215.2,-99.9
-214.9,-99.9
-214.6,-99.9
-214.4,-100.0
-214.1,-100.0
-214.0,-100.1
-214.0,-100.2
-213.9,-100.2
-213.8,-100.3
-213.7,-100.4
-213.4,-100.5
-213.2,-100.7
-213.1,-100.8
-212.8,-100.8
-212.6,-100.8
-212.4,-100.8
-212.2,-100.7
-212.1,-100.7
-212.0,-100.7
-211.8,-100.7
-211.4,-100.7
-211.2,-100.8
-210.8,-100.8
-210.5,-100.9
-210.2,-100.9
-210.0,-100.9
-209.8,-100.8
-209.6,-100.5
-209.5,-100.2
-209.4,-99.9
-209.2,-99.5
-209.0,-99.4
-208.6,-99.4
-208.3,-99.4
-208.0,-99.5
-207.8,-99.5
-207.6,-99.4
-207.5,-99.4
-207.3,-99.4
-207.2,-99.4
-206.9,-99.4
-206.6,-99.4
-206.2,-99.4
-205.9,-99.3
-205.7,-99.2
-205.4,-99.1
-205.2,-99.0
-204.9,-98.9
-204.6,-98.8
-204.3,-98.7
-204.0,-98.6
-203.8,-98.5
-203.6,-98.5
-203.4,-98.6
-203.2,-98.6
-202.9,-98.6
-202.4,-98.7
-202.1,-98.8
-201.8,-98.8
-201.4,-98.8
-201.4,-98.8
-201.2,-98.8
-201.0,-98.8
-200.8,-98.9
-200.5,-98.9
-200.2,-99.0
-199.8,-99.0
-199.5,-99.0
-199.2,-99.1
-198.7,-98.9
-198.4,-99.0
-198.0,-99.0
-197.5,-99.0
-197.4,-99.0
-197.2,-99.1
-197.0,-99.2
-196.9,-99.4
-196.7,-99.5
-196.5,-99.6
-196.4,-99.6
-196.1,-99.6
-196.0,-99.5
-195.8,-99.3
-195.5,-99.2
-195.2,-99.1
-194.9,-99.1
-194.5,-99.2
-194.1,-99.2
-193.8,-99.3
-193.5,-99.3
-193.2,-99.3
-192.9,-99.3
-192.6,-99.3
-192.4,-99.3
-192.2,-99.5
-191.8,-99.5
-191.5,-99.7
-191.1,-99.9
-190.8,-100.0
-190.4,-100.2
-189.8,-100.2
-189.4,-100.1
-189.0,-100.1
-188.7,-100.1
-188.6,-100.0
-188.3,-100.2
-188.0,-100.2
-187.6,-100.3
-187.0,-100.5
-186.3,-100.5
-185.8,-100.7
-185.2,-100.8
-185.0,-100.9
-184.9,-101.1
-184.8,-101.1
-184.6,-101.1
-184.0,-101.0
-183.4,-101.0
-182.7,-101.0
-182.2,-101.0
-182.0,-101.1
-181.7,-101.2
-181.4,-101.3
-181.2,-101.3
-180.7,-101.3
-180.5,-101.4
-180.1,-101.4
-179.8,-101.5
-179.4,-101.5
-179.0,-101.5
-178.6,-101.5
-178.2,-101.5
-177.8,-101.5
-177.5,-101.5
-177.1,-101.6
-176.7,-101.6
-176.4,-101.6
-176.0,-101.6
-175.6,-101.6
-175.1,-101.4
-174.7,-101.3
-174.3,-101.2
-173.9,-101.1
-173.3,-101.1
-172.8,-101.0
-172.4,-101.0
-172.0,-101.0
-171.7,-100.9
-171.4,-100.9
-171.0,-100.7
-170.5,-100.6
-169.9,-100.5
-169.4,-100.4
-168.9,-100.4
-168.6,-100.3
-168.5,-100.3
-168.3,-100.3
-167.9,-100.3
-167.3,-100.2
-166.7,-100.1
-166.1,-100.0
-165.7,-99.9
-165.3,-99.9
-165.0,-100.1
-164.5,-100.1
-164.0,-100.1
-163.6,-100.1
-163.2,-99.9
-162.8,-99.7
-162.3,-99.5
-161.8,-99.3
-161.3,-99.3
-161.0,-99.2
-160.5,-99.2
-160.1,-99.2
-159.5,-99.2
-159.0,-99.2
-158.5,-99.2
-158.0,-99.2
-157.6,-99.2
-157.1,-99.2
-156.4,-99.1
-155.8,-99.1
-155.3,-98.8
-154.7,-98.5
-154.3,-98.3
-153.9,-98.1
-153.5,-98.2
-153.0,-98.3
-152.4,-98.4
-151.9,-98.5
-151.5,-98.6
-150.9,-98.6
-150.5,-98.7
-150.0,-98.7
-149.3,-98.7
-148.8,-98.7
-148.4,-98.7
-147.9,-98.8
-147.4,-99.0
-147.1,-99.1
-146.7,-99.3
-146.0,-99.1
-145.6,-99.0
-145.0,-98.9
-144.5,-98.8
-144.2,-98.8
-144.0,-99.0
-143.6,-99.1
-143.2,-99.2
-142.8,-99.4
-142.2,-99.4
-141.7,-99.4
-141.0,-99.5
-140.2,-99.4
-139.4,-99.5
-138.8,-99.4
-138.3,-99.2
-137.9,-99.2
-137.7,-99.2
-137.3,-99.1
-136.8,-99.2
-136.2,-99.2
-135.6,-99.3
-134.9,-99.4
-134.3,-99.4
-133.9,-99.3
-133.4,-99.3
-133.2,-99.2
-132.7,-99.1
-132.3,-99.1
-131.5,-98.9
-130.6,-98.7
-129.8,-98.5
-129.1,-98.2
-128.9,-98.1
-128.5,-98.1
-128.0,-98.0
-127.4,-98.1
-126.8,-98.3
-126.3,-98.5
-125.8,-98.7
-125.3,-98.8
-124.7,-98.6
-124.3,-98.5
-123.8,-98.3
-123.2,-98.2
-122.5,-98.3
-122.0,-98.3
-121.4,-98.3
-121.0,-98.3
-120.6,-98.3
-120.0,-98.3
-119.5,-98.3
-118.9,-98.3
-118.3,-98.3
-117.7,-98.3
-117.1,-98.3
-116.7,-98.3
-116.2,-98.3
-115.7,-98.3
-115.2,-98.3
-114.6,-98.3
-114.0,-98.3
-113.3,-98.3
-112.5,-98.3
-111.9,-98.3
-111.4,-98.3
-111.0,-98.4
-110.6,-98.2
-110.0,-98.1
-109.5,-97.8
-108.7,-97.8
-107.9,-97.8
-107.3,-97.7
-106.6,-97.8
-106.2,-97.7
-105.8,-97.6
-105.5,-97.7
-104.9,-97.5
-104.2,-97.2
-103.4,-97.0
-102.6,-96.6
-102.1,-96.4
-101.6,-96.2
-101.2,-95.9
-100.6,-95.5
-100.0,-95.3
-99.2,-95.2
-98.4,-95.0
-97.9,-94.8
-97.2,-94.4
-96.8,-94.0
-96.4,-93.7
-95.8,-93.5
-95.2,-93.3
-94.5,-93.2
-93.8,-93.1
-93.3,-92.9
-92.5,-92.7
-92.0,-92.4
-91.4,-92.0
-90.7,-91.7
-90.3,-91.3
-89.7,-90.7
-89.2,-90.2
-88.5,-89.8
-87.7,-89.2
-87.1,-89.0
-86.5,-88.7
-85.7,-88.0
-85.0,-87.1
-84.2,-86.1
-83.6,-85.1
-83.3,-84.5
-82.9,-83.8
-82.4,-83.2
-81.6,-82.3
-80.7,-81.2
-79.9,-80.5
-79.0,-79.2
-78.1,-78.2
-77.5,-77.4
-76.8,-76.6
-76.3,-76.0
-75.9,-75.2
-75.2,-74.1
-74.3,-72.9
-73.3,-71.9
-72.5,-70.9
-71.8,-70.0
-71.3,-68.8
-70.8,-67.8
-70.2,-66.6
-69.7,-65.5
-69.2,-64.2
-68.6,-62.7
-67.8,-61.3
-67.0,-60.0
-66.4,-58.6
-65.7,-57.4
-65.0,-56.3
-64.0,-54.4
-63.1,-52.9
-62.5,-51.6
-62.0,-49.7
-61.7,-48.3
-61.3,-46.6
-60.5,-44.5
-59.8,-42.9
-58.9,-41.5
-57.8,-39.6
-57.1,-37.8
-56.4,-36.0
-55.9,-33.5
-55.4,-31.6
-54.8,-29.5
-54.2,-27.2
-53.3,-25.5
-52.4,-23.9
-51.6,-21.4
-50.7,-19.4
-49.8,-17.1
-49.2,-14.3
-48.6,-12.2
-48.1,-10.0
-47.8,-7.7
-47.4,-5.3
-46.6,-2.9
-45.8,0.0
-44.8,2.3
-43.8,5.0
-43.2,7.7
-42.5,10.4
-42.0,13.4
-41.7,16.4
-41.2,19.3
-40.6,22.5
-39.9,25.2
-39.3,28.2
-38.8,31.4
-38.3,34.1
-37.7,37.2
-37.2,40.4
-36.8,43.7
-36.4,47.0
-35.9,50.2
-35.4,53.4
-34.9,56.2
-34.4,59.8
-34.0,63.8
-33.6,66.9
-33.2,71.1
-32.9,74.8
-32.7,78.0
-32.5,82.1
-32.2,85.6
-32.0,89.4
-31.8,93.4
-31.7,96.6
-31.6,100.5
-31.6,103.8
-31.6,107.7
-31.6,111.8
-31.6,115.5
-31.7,119.9
-31.7,123.9
-31.8,127.7
-31.9,131.6
-31.9,135.9
-31.9,139.6
-32.0,144.7
-32.0,149.0
-32.1,152.1
-32.2,156.6
-32.2,160.7
-32.2,165.2
-32.2,170.6
-32.2,175.2
-32.3,179.3
-32.6,183.5
-32.8,187.7
-33.0,191.6
-33.2,196.2
-33.3,200.5
-33.4,204.7
-33.6,210.1
-33.7,214.8
-33.9,219.3
-34.3,224.6
-34.5,228.4
-34.7,232.5
-34.9,237.0
-35.0,241.0
-35.1,245.3
-35.1,250.7
-35.3,255.5
-35.4,260.0
-35.8,264.9
-36.0,268.9
-36.2,273.0
-36.5,277.3
-36.6,281.8
-36.7,286.2
-36.8,291.3
-37.0,296.2
-37.3,300.9
-37.6,305.4
-37.8,309.9
-37.9,314.4
-38.0,319.8
-38.1,324.6
-38.2,329.3
-38.3,334.2
-38.2,338.1
-38.2,342.7
-38.2,347.1
-38.1,351.4
-38.2,356.1
-38.4,360.9
-38.5,365.5
-38.7,369.9
-38.7,374.2
-38.7,378.4
-38.8,382.9
-38.8,387.4
-38.7,391.7
-38.6,395.9
-38.6,400.1
-38.6,404.2
-38.6,408.7
-38.6,413.0
-38.5,417.0
-38.5,421.0
-38.5,424.7
-38.4,427.7
-38.2,431.6
-38.2,435.5
-38.0,438.8
-37.9,443.0
-37.9,446.6
-37.8,449.7
-37.8,453.9
-37.9,458.3
-37.9,462.0
-37.9,465.9
-37.9,469.5
-37.9,472.2
-37.8,475.4
-37.8,478.9
-37.7,481.7
-37.6,484.7
-37.6,487.0
-37.5,489.8
-37.5,492.9
-37.5,496.3
-37.4,500.1
-37.5,503.0
-37.5,505.5
-37.5,508.2
-37.5,510.7
-37.5,513.3
-37.5,516.2
-37.5,519.2
-37.6,521.8
-37.5,524.5
-37.5,527.4
-37.5,529.7
-37.5,532.2
-37.4,535.1
-37.3,537.4
-37.2,539.6
-37.1,542.0
-37.1,543.4
-37.0,545.0
-37.0,546.9
-37.0,548.8
-37.0,550.7
-37.0,552.1
-37.1,553.8
-37.1,555.0
-37.1,556.9
-37.1,558.7
-37.0,559.9
-37.0,561.1
-36.9,561.7
-36.8,562.5
-36.6,563.7
-36.4,564.6
-36.3,565.6
-36.3,566.5
-36.4,567.1
-36.6,567.7
-36.7,568.1
-36.7,568.5
-36.7,568.8
-36.7,569.1
-36.6,569.2
-36.5,569.3
-36.4,569.4
-36.4,569.5
-36.4,569.7
-36.2,569.9
-36.2,570.0
-36.2,570.0
-36.2,569.9
-36.4,569.6
-36.5,569.2
-36.5,568.9
-36.5,568.7
-36.4,568.6
-36.2,568.4
-36.1,568.0
-36.0,567.2
-35.9,566.4
-35.9,565.7
-35.9,564.9
-35.9,564.3
-35.9,563.8
-35.9,563.0
-35.8,562.5
-35.7,562.1
-35.6,561.1
-35.6,560.3
-35.6,559.2
-35.7,557.7
-35.7,556.8
-35.9,555.8
-35.9,554.7
-35.9,553.7
-36.0,552.8
-35.9,551.4
-35.9,550.5
-35.9,549.6
-35.8,547.8
-35.7,546.6
-35.8,545.4
-35.8,543.7
-35.8,543.0
-35.9,541.9
-36.0,540.1
-36.1,538.7
-36.2,536.6
-36.1,534.4
-36.1,532.8
-36.0,530.8
-35.9,529.1
-35.9,527.8
-35.9,526.4
-35.9,524.7
-35.9,522.8
-36.0,520.7
-36.0,518.6
-36.1,517.1
-36.2,515.5
-36.3,514.4
-36.4,512.7
-36.4,510.8
-36.4,509.5
-36.3,507.8
-36.2,506.1
-36.1,504.8
-36.1,503.0
-36.2,501.4
-36.3,500.3
-36.4,499.0
-36.5,498.1
-36.5,496.9
-36.5,495.4
-36.5,493.5
-36.5,491.9
-36.5,490.4
-36.5,489.2
-36.5,488.2
-36.5,486.9
-36.5,485.7
-36.5,484.6
-36.5,483.4
-36.6,482.3
-36.7,481.0
-36.8,479.8
-36.8,478.6
-36.8,477.4
-36.8,476.5
-36.9,475.6
-36.8,474.9
-36.7,474.3
-36.7,473.4
-36.6,472.7
-36.7,471.8
-36.8,471.2
-36.8,470.6
-36.8,469.6
-36.8,468.6
-36.8,467.6
-36.8,466.8
-36.7,466.4
-36.7,466.1
-36.7,465.9
-36.7,465.5
-36.7,465.0
-36.6,464.5
-36.6,463.9
-36.7,463.4
-36.7,463.0
-36.8,462.6
-36.7,462.1
-36.6,461.7
-36.5,461.3
-36.3,461.0
-36.4,461.0
-36.4,461.1
-36.4,461.2
-36.4,461.4
-36.4,461.5
-36.4,461.5
-36.4,461.5
-36.4,461.5
-36.5,461.6
-36.5,461.8
-36.6,461.9
-36.6,462.1
-36.6,462.8
-36.5,463.5
-36.4,464.1
-36.4,464.8
-36.3,465.1
-36.3,465.4
-36.2,465.8
-36.2,466.3
-36.2,466.6
-36.2,466.9
-36.2,467.5
-36.2,468.0
-36.2,468.7
-36.2,469.5
-36.2,470.2
-36.2,470.8
-36.1,471.5
-36.1,472.4
-36.1,473.2
-36.0,473.9
-35.9,474.9
-35.9,475.6
-35.7,476.8
-35.7,478.1
-35.6,479.3
-35.6,480.5
-35.8,481.6
-35.8,482.7
-35.9,483.5
-36.0,484.4
-36.0,485.2
-36.0,486.4
-36.0,487.7
-36.0,489.2
-36.0,490.6
-36.0,492.1
-36.0,493.6
-35.9,495.0
-35.9,496.6
-35.9,498.1
-35.9,499.3
-35.9,500.4
-35.8,501.5
-35.8,502.6
-35.8,504.1
-35.8,505.5
-35.7,507.0
-35.6,508.1
-35.6,509.0
-35.6,510.6
-35.6,512.1
-35.6,513.6
-35.6,515.0
-35.6,516.3
-35.6,517.5
-35.5,518.6
-35.5,520.2
-35.6,521.3
-35.6,522.5
-35.7,524.3
-35.8,525.7
-35.8,527.1
-35.8,528.6
-35.8,529.6
-35.7,530.5
-35.7,531.4
-35.7,532.5
-35.7,533.5
-35.7,534.8
-35.6,536.0
-35.6,537.3
-35.6,538.6
-35.5,540.1
-35.3,541.2
-35.2,542.0
-35.1,543.1
-35.1,543.8
-35.1,544.6
-35.1,545.7
-35.1,546.5
-35.1,547.5
-35.0,548.4
-35.1,549.0
-35.1,549.7
-35.2,550.2
-35.3,551.0
-35.3,551.8
-35.3,552.4
-35.2,552.9
-35.2,553.0
-35.1,553.3
-35.0,553.8
-34.9,554.2
-34.9,554.5
-34.8,554.8
-34.8,554.8
-34.8,555.4
-34.9,555.9
-35.0,556.5
-35.1,557.3
-35.2,557.6
-35.2,557.6
-35.2,557.9
-35.2,557.7
-35.1,557.6
-35.1,557.6
-35.0,557.5
-35.0,557.5
-34.9,557.6
-34.9,557.6
-34.9,557.5
-35.0,557.5
-35.1,557.4
-35.2,557.1
-35.4,556.8
-35.5,556.3
-35.5,555.9
-35.5,555.7
-35.5,555.3
-35.4,555.0
-35.4,554.7
-35.4,554.4
-35.4,554.2
-35.5,554.0
-35.5,553.8
-35.4,553.4
-35.4,552.9
-35.4,552.4
-35.3,551.8
-35.2,551.0
-35.1,550.2
-35.0,549.5
-34.9,549.0
-35.0,548.5
-35.2,548.0
-35.3,547.4
-35.4,546.8
-35.4,546.3
-35.5,545.2
-35.5,544.2
-35.4,543.3
-35.3,542.4
-35.1,541.9
-35.0,541.3
-34.9,540.8
-34.8,540.1
-34.8,539.5
-34.8,539.0
-35.0,538.0
-35.1,536.8
-35.3,535.1
-35.4,533.4
-35.4,532.2
-35.5,531.7
-35.4,531.3
-35.3,530.6
-35.3,529.7
-35.2,528.6
-35.2,527.4
-35.2,526.6
-35.2,525.9
-35.3,524.9
-35.3,524.0
-35.3,522.8
-35.2,521.6
-35.1,520.4
-35.0,519.3
-35.0,518.3
-34.9,517.3
-34.9,516.5
-34.8,515.6
-34.8,514.8
-34.9,513.6
-34.9,512.5
-35.0,511.5
-35.0,510.4
-35.1,509.6
-35.1,508.8
-35.1,508.1
-35.1,507.2
-35.0,506.1
-35.1,505.2
-35.2,504.3
-35.1,503.7
-35.1,503.3
-35.1,502.3
-35.1,501.1
-35.2,499.9
-35.2,498.7
-35.1,498.1
-35.0,497.5
-34.9,497.0
-34.8,496.3
-34.7,495.7
-34.7,494.9
-34.7,494.3
-34.8,493.8
-34.8,493.4
-34.8,492.7
-34.8,492.0
-34.9,491.4
-35.0,490.5
-35.1,490.1
-35.3,489.8
-35.3,489.4
-35.3,489.1
-35.3,488.7
-35.2,488.3
-35.1,487.8
-35.0,487.5
-34.9,487.2
-34.9,487.0
-35.0,487.0
-35.2,486.9
-35.3,486.8
-35.3,486.7
-35.4,486.6
-35.3,486.5
-35.3,486.5
-35.3,486.4
-35.3,486.4
-35.3,486.3
-35.3,486.1
-35.3,486.0
-35.3,485.8
-35.2,485.7
-35.2,485.7
-35.2,485.8
-35.1,485.9
-35.1,486.0
-35.2,486.2
-35.2,486.3
-35.2,486.5
-35.2,486.7
-35.2,486.8
-35.2,487.0
-35.2,487.2
-35.2,487.5
-35.2,487.7
-35.2,488.1
-35.2,488.6
-35.2,489.3
-35.4,490.0
-35.5,490.6
-35.6,490.9
-35.6,491.4
-35.5,492.0
-35.5,492.7
-35.5,493.3
-35.4,493.6
-35.4,493.8
-35.4,493.9
-35.4,494.1
-35.4,494.5
-35.4,495.0
-35.3,495.6
-35.2,496.2
-35.2,496.8
-35.2,497.4
-35.2,498.4
-35.3,499.4
-35.4,500.3
-35.5,501.3
-35.5,502.2
-35.6,503.1
-35.6,503.8
-35.6,504.4
-35.6,504.7
-35.6,505.0
-35.6,505.8
-35.6,506.6
-35.6,507.4
-35.6,508.4
-35.6,509.0
-35.6,509.6
-35.6,510.6
-35.6,511.4
-35.6,512.3
-35.7,513.1
-35.7,513.5
-35.6,514.1
-35.6,514.9
-35.5,515.7
-35.5,516.5
-35.5,517.2
-35.5,517.8
-35.4,518.4
-35.4,519.0
-35.4,519.5
-35.4,520.1
-35.4,520.9
-35.3,521.7
-35.4,522.6
-35.4,523.5
-35.5,524.1
-35.6,524.7
-35.6,525.4
-35.7,526.0
-35.8,526.6
-35.9,527.4
-35.9,528.1
-35.8,528.7
-35.8,529.4
-35.8,530.0
-35.8,530.3
-35.8,530.6
-35.8,530.7
-35.8,531.1
-35.8,531.9
-35.8,532.7
-35.7,533.8
-35.6,534.6
-35.4,535.1
-35.3,535.9
-35.2,536.4
-35.2,536.9
-35.3,537.4
-35.3,537.9
-35.4,538.3
-35.4,538.7
-35.4,539.1
-35.4,539.3
-35.4,539.5
-35.4,539.7
-35.4,539.8
-35.4,540.0
-35.5,540.1
-35.5,540.1
-35.5,540.4
-35.5,540.6
-35.5,540.9
-35.5,541.4
-35.6,541.5
-35.6,541.7
-35.6,541.8
-35.6,541.8
-35.6,541.8
-35.6,541.7
-35.6,541.7
-35.6,541.6
-35.6,541.6
-35.6,541.7
-35.7,541.7
-35.8,541.7
-35.8,541.7
-35.8,541.7
-35.7,541.6
-35.7,541.5
-35.6,541.3
-35.5,541.1
-35.5,540.8
-35.4,540.6
-35.3,540.4
-35.4,540.1
-35.4,539.8
-35.4,539.4
-35.4,538.9
-35.4,538.5
-35.4,538.0
-35.4,537.7
-35.4,537.3
-35.4,537.0
-35.4,536.8
-35.4,536.6
-35.3,536.5
-35.3,536.1
-35.3,535.4
-35.4,534.8
-35.4,534.1
-35.4,533.6
-35.4,533.2
-35.4,532.6
-35.5,531.9
-35.5,531.2
-35.5,530.5
-35.5,529.7
-35.5,529.2
-35.5,528.8
-35.5,528.3
-35.5,527.9
-35.5,527.3
-35.5,526.6
-35.5,526.1
-35.5,525.5
-35.5,524.8
-35.4,524.0
-35.4,523.4
-35.4,522.8
-35.5,522.3
-35.5,521.8
-35.5,521.1
-35.5,520.3
-35.5,519.4
-35.5,518.6
-35.4,518.0
-35.4,517.5
-35.4,517.3
-35.4,517.1
-35.5,516.7
-35.5,516.3
-35.4,515.6
-35.4,514.8
-35.3,514.2
-35.3,513.6
-35.4,512.9
-35.5,512.2
-35.6,511.5
-35.8,510.6
-35.8,510.3
-35.8,509.9
-35.8,509.4
-35.7,509.0
-35.5,508.4
-35.3,507.9
-35.2,507.4
-35.2,507.0
-35.3,506.4
-35.5,505.8
-35.7,505.2
-35.9,504.6
-36.0,504.3
-36.0,503.9
-35.8,503.5
-35.7,503.1
-35.5,502.8
-35.3,502.4
-35.3,502.1
-35.3,501.6
-35.3,501.2
-35.3,500.8
-35.3,500.4
-35.3,500.2
-35.3,500.0
-35.3,499.9
-35.3,499.8
-35.3,499.6
-35.4,499.4
-35.5,499.1
-35.6,498.9
-35.6,498.8
-35.7,498.8
-35.7,498.7
-35.7,498.6
-35.7,498.4
-35.7,498.2
-35.7,497.9
-35.7,497.8
-35.7,497.7
-35.8,497.6
-35.8,497.6
-35.8,497.7
-35.6,497.9
-35.5,498.0
-35.5,498.2
-35.5,498.2
-35.5,498.2
-35.5,498.2
-35.6,498.2
-35.5,498.3
-35.5,498.5
-35.5,498.7
-35.4,498.8
-35.5,499.0
-35.5,499.1
-35.5,499.3
-35.6,499.5
-35.7,500.1
-35.8,500.5
-35.8,500.9
-35.9,501.2
-35.9,501.3
-35.8,501.4
-35.8,501.8
-35.8,502.2
-35.7,502.8
-35.7,503.2
-35.6,503.8
-35.5,504.2
-35.5,504.6
-35.5,505.0
-35.5,505.3
-35.5,505.7
-35.6,506.2
-35.6,507.0
-35.7,507.6
-35.8,508.3
-35.8,508.9
-35.8,509.2
-35.8,509.5
-35.7,509.7
-35.7,509.9
-35.7,510.4
-35.7,510.8
-35.8,511.7
-35.8,512.6
-35.8,513.2
-35.8,514.0
-35.8,514.4
-35.9,514.6
-35.8,515.1
-35.8,515.6
-35.9,516.2
-35.8,516.9
-35.9,517.7
-36.0,518.5
-36.1,519.3
-36.1,519.9
-36.1,520.4
-36.1,520.9
-36.0,521.1
-36.0,521.4
-35.8,522.2
-35.6,522.9
-35.5,523.8
-35.4,524.7
-35.4,525.0
-35.4,525.5
-35.4,525.7
-35.5,526.1
-35.5,526.6
-35.6,527.2
-35.7,527.9
-35.8,528.7
-35.8,529.3
-35.8,529.9
-35.9,530.5
-35.8,531.0
-35.8,531.2
-35.8,531.5
-35.7,531.6
-35.8,532.1
-35.9,532.7
-36.0,533.2
-36.1,533.7
-36.0,533.8
-36.0,533.9
-35.8,534.2
-35.6,534.5
-35.5,535.0
-35.4,535.5
-35.4,536.0
-35.4,536.6
-35.4,537.0
-35.4,537.4
-35.5,537.7
-35.6,537.7
-35.6,537.7
-35.6,537.7
-35.5,537.7
-35.4,537.8
-35.4,538.0
-35.3,538.1
-35.3,538.4
-35.3,538.8
-35.2,538.9
-35.3,539.3
-35.3,539.6
-35.3,539.3
-35.3,539.5
-35.3,539.2
-35.5,538.9
-35.5,538.9
-35.6,538.7
-35.6,538.6
-35.5,538.6
-35.4,538.5
-35.4,538.6
-35.4,538.5
-35.4,538.4
-35.4,538.4
-35.3,538.4
-35.2,538.4
-35.2,538.4
-35.2,538.3
-35.2,538.2
-35.2,538.1
-35.3,538.0
-35.5,537.7
-35.7,537.3
-36.0,537.0
-36.0,536.7
-36.0,536.6
-35.9,536.1
-35.7,535.6
-35.6,535.2
-35.5,534.6
-35.4,534.4
-35.4,534.2
-35.4,533.9
-35.4,533.5
-35.4,533.0
-35.4,532.6
-35.5,532.0
-35.7,531.5
-35.8,531.2
-35.9,530.9
-35.9,530.7
-35.9,530.5
-35.7,530.3
-35.6,530.0
-35.4,529.7
-35.3,529.4
-35.3,529.1
-35.2,528.6
-35.3,527.8
-35.3,526.9
-35.4,526.1
-35.6,525.4
-35.7,525.0
-35.8,524.8
-35.9,524.3
-35.9,523.8
-35.8,523.2
-35.7,522.5
-35.7,522.1
-35.6,521.6
-35.6,521.4
-35.6,521.1
-35.6,520.5
-35.6,519.9
-35.7,519.3
-35.8,518.6
-35.8,518.3
-35.9,517.9
-35.9,517.5
-35.7,516.9
-35.7,516.3
-35.6,515.6
-35.6,515.1
-35.6,514.6
-35.5,514.2
-35.5,513.8
-35.4,513.2
-35.4,512.8
-35.5,512.3
-35.5,511.8
-35.5,511.6
-35.5,511.4
-35.5,511.3
-35.5,510.9
-35.6,510.3
-35.6,509.6
-35.6,508.9
-35.6,508.5
-35.6,508.4
-35.7,508.2
-35.7,507.9
-35.7,507.6
-35.7,507.4
-35.7,507.1
-35.7,507.0
-35.8,507.0
-35.7,506.9
-35.7,506.8
-35.7,506.7
-35.7,506.6
-35.7,506.4
-35.7,506.2
-35.8,506.0
-35.9,505.8
-36.0,505.6
-36.2,505.5
-36.1,505.3
-36.1,505.1
-35.9,505.0
-35.6,504.8
-35.5,504.6
-35.3,504.5
-35.3,504.5
-35.3,504.3
-35.5,504.2
-35.6,504.1
-35.8,503.9
-36.0,503.9
-36.1,503.9
-36.1,503.9
-36.1,503.9
-36.1,503.9
-36.0,504.0
-36.0,504.1
-35.9,504.3
-35.8,504.4
-35.7,504.5
-35.7,504.7
-35.8,504.8
-35.8,505.0
-35.9,505.2
-35.9,505.2
-35.9,505.3
-35.9,505.4
-35.9,505.5
-35.9,505.8
-35.8,506.1
-35.7,506.4
-35.6,506.6
-35.5,506.9
-35.5,507.1
-35.5,507.5
-35.5,507.9
-35.5,508.1
-35.5,508.3
-35.5,508.4
-35.6,508.6
-35.6,509.0
-35.6,509.4
-35.6,509.8
-35.6,510.2
-35.7,510.4
-35.7,510.7
-35.7,511.2
-35.7,511.8
-35.6,512.3
-35.6,512.7
-35.6,512.8
-35.6,513.1
-35.6,513.3
-35.7,513.6
-35.8,514.1
-35.8,514.6
-35.8,515.0
-35.9,515.3
-36.0,515.6
-36.1,516.0
-36.2,516.3
-36.2,516.6
-36.3,516.9
-36.3,517.1
-36.3,517.5
-36.3,517.9
-36.2,518.6
-35.9,519.2
-35.7,519.7
-35.4,520.3
-35.3,520.6
-35.3,520.8
-35.4,521.1
-35.6,521.5
-35.7,522.0
-35.9,522.8
-36.0,523.3
-36.0,523.8
-36.0,524.3
-36.0,524.7
-36.0,525.1
-36.0,525.4
-36.0,525.6
-35.8,526.0
-35.6,526.3
-35.5,526.7
-35.4,527.0
-35.4,527.4
-35.5,527.9
-35.5,528.2
-35.6,528.6
-35.7,528.9
-35.8,529.0
-35.7,529.4
-35.7,529.8
-35.7,530.1
-35.7,530.3
-35.8,530.8
-35.8,531.3
-35.8,531.6
-35.8,532.1
-35.8,532.2
-35.8,532.4
-35.8,532.5
-35.7,532.7
-35.5,532.9
-35.4,533.1
-35.4,533.5
-35.4,533.8
-35.4,534.1
-35.5,534.1
-35.5,534.1
-35.5,534.1
-35.6,534.0
-35.7,534.0
-35.8,534.2
-35.9,534.3
-35.8,534.5
-35.6,534.8
-35.6,535.0
-35.5,535.2
-35.5,535.3
-35.5,535.3
-35.4,535.2
-35.4,535.1
-35.4,535.2
-35.4,535.3
-35.5,535.3
-35.5,535.4
-35.5,535.4
-35.6,535.4
-35.6,535.2
-35.7,534.9
-35.8,534.7
-35.8,534.5
-35.6,534.5
-35.6,534.5
-35.5,534.5
-35.5,534.6
-35.6,534.5
-35.6,534.4
-35.6,534.1
-35.6,533.7
-35.6,533.3
-35.6,533.0
-35.6,532.6
-35.7,532.3
-35.7,532.0
-35.7,531.7
-35.7,531.4
-35.7,531.3
-35.7,531.2
-35.7,531.3
-35.7,531.3
-35.7,531.4
-35.6,531.5
-35.6,531.4
-35.5,530.9
-35.6,530.4
-35.5,529.8
-35.6,529.2
-35.5,529.2
-35.5,529.0
-35.5,528.5
-35.5,528.0
-35.4,527.5
-35.4,527.0
-35.3,526.6
-35.3,526.4
-35.3,526.1
-35.2,525.9
-35.2,525.7
-35.3,525.6
-35.4,525.5
-35.4,525.1
-35.4,524.6
-35.4,524.0
-35.4,523.3
-35.4,522.7
-35.4,522.2
-35.3,521.8
-35.3,521.5
-35.4,521.3
-35.3,521.2
-35.3,521.0
-35.3,520.7
-35.2,520.4
-35.2,520.1
-35.2,519.8
-35.2,519.5
-35.2,519.3
-35.2,518.9
-35.3,518.4
-35.3,518.0
-35.3,517.5
-35.3,517.1
-35.3,516.8
-35.2,516.4
-35.1,516.0
-35.0,515.6
-35.0,515.2
-35.0,514.9
-35.0,514.4
-35.0,514.2
-35.1,513.9
-35.1,513.5
-35.2,513.3
-35.2,513.0
-35.2,512.9
-35.2,512.6
-35.2,512.2
-35.2,511.8
-35.3,511.3
-35.4,511.0
-35.4,510.8
-35.5,510.5
-35.4,510.2
-35.3,509.9
-35.2,509.5
-35.1,509.3
-35.1,509.1
-35.1,509.0
-35.1,508.8
-35.2,508.7
-35.3,508.5
-35.4,508.2
-35.5,508.0
-35.6,507.9
-35.5,507.8
-35.4,507.8
-35.4,507.8
-35.4,507.8
-35.3,507.9
-35.4,507.8
-35.2,507.7
-35.2,507.6
-35.2,507.5
-35.2,507.4
-35.1,507.4
-35.2,507.3
-35.0,507.4
-35.1,507.5
-35.2,507.6
-35.2,507.7
-35.4,507.8
-35.4,507.8
-35.4,507.9
-35.5,507.9
-35.4,508.0
-35.5,508.0
-35.5,508.0
-35.5,508.1
-35.5,508.3
-35.4,508.4
-35.4,508.6
-35.4,508.8
-35.4,509.0
-35.2,509.2
-35.1,509.4
-34.9,509.6
-34.8,509.6
-34.8,509.6
-35.0,509.8
-35.1,510.0
-35.2,510.3
-35.2,510.6
-35.2,510.9
-35.1,511.1
-35.0,511.4
-35.0,511.7
-34.9,511.9
-34.9,512.1
-35.0,512.1
-35.1,512.4
-35.1,512.7
-35.2,513.2
-35.3,513.6
-35.3,513.9
-35.4,514.1
-35.4,514.2
-35.4,514.4
-35.4,514.6
-35.4,514.8
-35.3,515.1
-35.2,515.3
-35.2,515.6
-35.1,516.0
-35.1,516.2
-35.1,516.6
-35.1,516.9
-35.2,517.2
-35.3,517.5
-35.3,517.9
-35.3,518.2
-35.3,518.6
-35.3,518.9
-35.3,519.2
-35.2,519.6
-35.2,520.0
-35.2,520.4
-35.0,520.7
-34.9,521.0
-34.8,521.5
-34.6,521.9
-34.6,522.4
-34.5,522.6
-34.5,522.9
-34.5,522.9
-34.6,523.3
-34.7,523.7
-34.8,523.9
-34.9,524.5
-34.9,524.9
-34.9,525.2
-34.9,525.7
-34.9,526.1
-35.0,526.4
-35.0,526.8
-35.0,527.0
-35.0,527.3
-35.0,527.5
-35.0,527.8
-35.0,528.1
-35.0,528.3
-35.0,528.5
-35.0,528.6
-35.0,528.8
-35.0,529.0
-35.0,529.2
-35.0,529.3
-35.1,529.5
-35.1,529.7
-35.2,529.8
-35.2,530.2
-35.2,530.5
-35.2,530.8
-35.1,531.4
-34.9,531.7
-34.8,532.0
-34.6,532.2
-34.6,532.2
-34.6,532.2
-34.6,532.3
-34.8,532.3
-34.9,532.2
-35.0,532.2
-35.1,532.1
-35.1,532.1
-35.1,532.0
-35.1,531.9
-35.0,531.8
-35.0,531.8
-34.9,531.8
-34.8,531.8
-34.8,531.8
-34.7,531.8
-34.8,531.9
-34.8,532.1
-34.8,532.1
-35.0,532.1
-35.0,532.0
-35.0,532.0
-35.1,532.0
-35.0,532.0
-34.9,532.1
-35.0,532.0
-34.9,532.0
-34.9,532.0
-34.9,532.0
-34.7,531.9
-34.7,531.6
-34.7,531.2
-34.6,530.8
-34.6,530.5
-34.5,530.4
-34.5,530.3
-34.5,530.3
-34.6,530.2
-34.5,530.0
-34.6,529.8
-34.7,529.5
-34.7,529.3
-34.8,529.2
-34.8,529.0
-34.7,528.7
-34.6,528.4
-34.5,528.1
-34.5,527.7
-34.6,527.2
-34.8,526.9
-34.9,526.5
-35.0,526.1
-35.0,526.1
-35.0,526.0
-35.0,525.9
-34.8,525.7
-34.7,525.5
-34.7,525.3
-34.6,525.1
-34.6,525.0
-34.6,524.6
-34.6,524.3
-34.6,523.9
-34.7,523.4
-34.7,523.2
-34.7,523.0
-34.7,522.8
-34.7,522.4
-34.7,522.0
-34.8,521.4
-34.8,520.8
-34.8,520.4
-34.8,520.1
-34.8,520.1
-34.8,520.0
-34.7,519.9
-34.7,519.8
-34.6,519.7
-34.6,519.4
-34.6,519.1
-34.7,518.8
-34.7,518.5
-34.8,518.4
-34.8,518.2
-34.8,517.9
-34.8,517.4
-34.7,517.0
-34.7,516.7
-34.7,516.4
-34.6,516.2
-34.6,515.9
-34.6,515.8
-34.6,515.6
-34.7,515.4
-34.6,515.3
-34.5,515.1
-34.5,514.9
-34.5,514.7
-34.5,514.5
-34.6,514.2
-34.7,514.0
-34.8,513.8
-34.9,513.6
-34.9,513.6
-34.7,513.6
-34.7,513.6
-34.7,513.6
-34.7,513.7
-34.9,513.8
-35.0,513.7
-35.0,513.7
-35.0,513.5
-35.0,513.3
-34.9,513.2
-34.9,513.1
-34.9,513.0
-34.9,513.0
-34.9,512.9
-34.9,512.9
-34.7,512.8
-34.5,512.8
-34.4,512.8
-34.2,512.8
-34.2,512.8
-34.3,512.8
-34.4,512.8
-34.6,512.8
-34.8,512.8
-34.8,512.8
-34.8,512.8
-34.8,512.8
-34.8,512.8
-34.8,512.8
-34.8,512.9
-34.8,513.0
-34.8,513.2
-34.8,513.3
-34.8,513.4
-34.6,513.6
-34.6,513.6
-34.5,513.7
-34.4,513.7
-34.4,513.8
-34.5,513.8
-34.5,513.9
-34.7,514.0
-34.7,514.2
-34.7,514.3
-34.8,514.3
-34.8,514.5
-34.8,514.7
-34.7,515.0
-34.6,515.4
-34.5,515.7
-34.5,515.9
-34.5,516.0
-34.5,516.0
-34.4,516.0
-34.4,516.2
-34.5,516.4
-34.6,516.7
-34.7,516.9
-34.7,517.1
-34.8,517.3
-34.8,517.3
-34.8,517.5
-34.8,517.6
-34.8,518.1
-34.9,518.7
-35.0,519.2
-35.0,519.8
-35.0,519.9
-34.9,520.0
-34.9,520.1
-34.8,520.3
-34.8,520.8
-34.8,521.3
-34.9,521.7
-34.9,522.1
-34.9,522.1
-34.9,522.3
-34.9,522.6
-34.9,523.0
-34.9,523.4
-34.8,523.7
-34.7,524.3
-34.8,524.7
-34.8,525.1
-34.7,525.6
-34.6,525.6
-34.5,525.7
-34.4,525.7
-34.4,525.8
-34.4,525.9
-34.4,526.1
-34.3,526.2
-34.3,526.4
-34.3,526.7
-34.3,527.0
-34.3,527.3
-34.2,527.7
-34.1,527.9
-34.0,528.1
-33.9,528.7
-33.8,529.2
-33.8,529.6
-34.0,530.1
-34.2,530.1
-34.4,530.1
-34.6,530.1
-34.6,530.1
-34.6,530.1
-34.6,530.1
-34.5,530.1
-34.5,530.1
-34.4,530.4
-34.4,530.8
-34.4,531.1
-34.5,531.4
-34.6,531.4
-34.6,531.4
-34.6,531.4
-34.7,531.4
-34.7,531.3
-34.7,531.2
-34.7,531.1
-34.7,531.1
-34.7,531.0
-34.7,530.9
-34.7,530.8
-34.7,530.8
-34.7,530.7
-34.7,530.6
-34.7,530.6
-34.6,530.4
-34.6,530.3
-34.5,530.2
-34.4,530.1
-34.3,530.1
-34.3,530.1
-34.3,530.1
-34.4,530.1
-34.4,530.1
-34.4,530.1
-34.6,530.1
-34.7,530.1
-34.9,530.1
-35.0,530.0
-35.0,529.8
-35.0,529.6
-34.9,529.4
-34.8,529.2
-34.8,529.2
-34.8,529.0
-34.8,528.8
-34.8,528.6
-34.9,528.4
-34.9,528.5
-35.0,528.5
-35.0,528.5
-35.0,528.5
-35.0,528.5
-35.1,528.4
-35.0,528.3
-35.0,528.1
-35.0,527.9
-35.0,527.6
-35.0,527.3
-35.0,526.7
-35.1,526.2
-35.1,525.7
-35.1,525.2
-35.3,525.2
-35.4,525.0
-35.5,524.6
-35.7,524.3
-35.5,523.8
-35.6,523.5
-35.6,523.4
-35.6,523.3
-35.8,523.2
-35.9,522.8
-36.0,522.5
-36.3,522.3
-36.4,522.0
-36.5,522.0
-36.5,522.0
-36.6,521.8
-36.7,521.8
-36.7,521.5
-36.6,521.0
-36.6,520.8
-36.5,520.3
-36.4,520.1
-36.5,519.9
-36.5,519.7
-36.6,519.5
-36.6,519.3
-36.6,519.3
-36.7,519.2
-36.7,519.0
-36.8,518.9
-36.9,518.7
-37.0,518.4
-37.0,518.2
-37.1,517.9
-37.1,517.7
-37.2,517.6
-37.3,517.5
-37.4,517.3
-37.5,517.2
-37.6,517.0
-37.6,516.9
-37.7,516.8
-37.8,516.6
-37.8,516.4
-37.8,516.2
-37.9,516.1
-37.7,516.0
-38.0,515.7
-38.2,515.5
-38.4,515.3
-38.6,515.1
-38.7,515.1
-38.8,515.0
-38.8,514.9
-38.8,514.9
-38.8,514.9
-38.8,514.8
-38.8,514.8
-38.7,514.8
-38.7,514.8
-39.0,514.8
-39.2,514.8
-39.4,514.8
-39.6,514.7
-39.6,514.6
-39.7,514.5
-39.7,514.4
-39.7,514.2
-39.8,514.2
-39.9,514.2
-40.1,514.2
-40.2,514.3
-40.3,514.4
-40.4,514.4
-40.5,514.5
-40.5,514.5
-40.6,514.6
-40.6,514.6
-40.6,514.8
-40.7,514.9
-40.9,514.8
-41.0,515.0
-41.3,515.0
-41.3,515.0
-41.4,515.0
-41.5,515.0
-41.5,515.0
-41.5,515.0
-41.5,514.9
-41.6,514.7
-41.7,514.7
-41.9,514.8
-42.3,514.9
-42.6,515.1
-42.9,515.3
-43.0,515.5
-43.1,515.6
-43.1,515.8
-43.1,515.8
-43.1,515.8
-43.3,515.8
-43.4,516.0
-43.6,516.4
-43.8,516.7
-43.8,517.3
-43.9,517.6
-44.0,517.8
-44.2,518.0
-44.4,518.1
-44.6,518.2
-44.7,518.3
-44.9,518.4
-45.1,518.6
-45.2,518.8
-45.5,519.1
-45.8,519.5
-46.0,519.9
-46.4,520.2
-46.7,520.5
-46.9,520.7
-47.1,520.8
-47.5,520.9
-47.7,521.0
-48.0,521.0
-48.4,521.1
-48.6,521.3
-48.9,521.5
-49.3,521.6
-49.6,521.7
-49.8,521.8
-50.0,521.7
-50.1,521.7
-50.3,521.7
-50.5,521.9
-50.8,522.2
-51.1,522.6
-51.4,523.0
-51.9,523.4
-52.3,523.8
-52.7,524.1
-53.0,524.3
-53.2,524.5
-53.4,524.5
-53.8,524.5
-54.2,524.6
-54.8,524.6
-55.2,524.5
-55.8,524.5
-56.2,524.5
-56.5,524.6
-56.9,524.8
-57.1,524.9
-57.3,525.3
-57.5,525.7
-58.0,526.0
-58.4,526.3
-59.0,526.4
-59.6,526.5
-59.9,526.5
-60.3,526.6
-60.5,526.7
-60.8,526.7
-61.2,526.7
-61.7,526.6
-62.3,526.6
-62.8,526.6
-63.2,526.6
-63.4,526.6
-63.6,526.6
-64.0,526.7
-64.5,526.8
-65.2,526.9
-65.9,527.1
-66.4,527.3
-66.8,527.4
-67.4,527.5
-67.8,527.3
-68.3,527.1
-68.9,527.0
-69.4,527.0
-69.8,527.0
-70.1,527.0
-70.4,526.8
-70.9,526.7
-71.6,526.7
-72.2,526.5
-72.7,526.3
-73.3,526.1
-73.7,525.9
-74.1,525.9
-74.6,526.1
-75.1,526.1
-75.7,526.1
-76.4,526.1
-77.1,526.1
-77.6,526.0
-78.1,525.7
-78.7,525.4
-79.1,525.2
-79.7,524.9
-80.4,524.6
-81.2,524.4
-81.9,524.0
-82.5,523.8
-82.8,523.7
-83.1,523.6
-83.6,523.5
-84.0,523.3
-84.8,523.0
-85.5,522.6
-86.0,522.0
-86.6,521.6
-87.1,521.3
-87.6,520.9
-88.2,520.8
-88.9,520.6
-89.3,520.6
-89.8,520.5
-90.4,520.3
-91.1,520.1
-91.7,519.7
-92.6,519.4
-93.3,519.2
-94.0,519.0
-94.7,519.0
-95.2,518.9
-96.0,518.3
-96.7,517.8
-97.4,517.3
-98.2,516.8
-98.7,516.6
-99.1,516.2
-99.7,515.8
-100.2,515.4
-100.9,515.2
-101.7,515.0
-102.5,514.6
-103.4,514.3
-104.2,514.0
-104.8,513.5
-105.4,513.0
-105.8,512.5
-106.1,512.0
-106.7,511.6
-107.5,511.4
-108.5,511.2
-109.4,510.6
-110.0,510.2
-110.4,509.8
-110.8,509.4
-111.5,509.1
-112.2,508.8
-112.9,508.5
-113.5,508.0
-114.0,507.6
-114.7,507.2
-115.4,506.8
-116.3,506.5
-117.1,506.2
-117.8,505.8
-118.5,505.2
-119.2,504.7
-120.0,504.3
-120.6,503.8
-121.3,503.6
-121.8,503.2
-122.4,502.8
-123.1,502.4
-124.1,502.0
-125.0,501.7
-126.1,501.5
-127.2,501.1
-128.0,500.7
-128.8,500.0
-129.1,499.3
-129.7,498.9
-130.3,498.6
-131.1,498.5
-132.2,498.2
-133.2,497.8
-134.0,497.3
-134.6,497.0
-135.1,496.5
-135.7,496.1
-136.4,495.8
-137.3,495.5
-138.3,495.2
-139.3,494.8
-140.1,494.4
-141.0,494.0
-141.8,493.4
-142.6,492.9
-143.6,492.4
-144.5,491.8
-145.5,491.6
-146.5,491.2
-147.2,490.7
-147.8,490.2
-148.3,489.6
-148.9,489.2
-149.8,488.8
-150.9,488.5
-151.9,488.2
-152.8,487.7
-154.1,487.2
-155.1,486.7
-156.0,486.1
-157.0,485.7
-157.6,485.2
-158.3,484.6
-159.3,484.0
-160.0,483.3
-161.2,482.9
-162.4,482.6
-163.3,482.4
-164.5,482.0
-165.3,481.7
-166.0,481.3
-166.9,480.8
-167.9,480.5
-168.7,480.0
-169.7,479.4
-170.6,479.0
-171.3,478.6
-172.0,478.2
-172.8,477.7
-174.0,477.3
-174.9,476.7
-175.9,476.2
-176.9,475.6
-177.5,475.0
-178.6,474.5
-179.9,474.0
-181.1,473.5
-182.4,472.8
-183.4,472.2
-184.4,471.6
-185.3,470.8
-186.0,470.2
-186.8,469.6
-187.8,469.1
-189.0,468.8
-190.3,468.4
-191.4,468.2
-192.4,467.8
-193.4,467.4
-194.4,466.8
-195.6,466.1
-196.7,465.6
-197.8,464.8
-198.9,464.4
-200.0,464.0
-201.2,463.6
-202.3,462.8
-203.3,461.9
-204.6,460.9
-205.7,459.9
-206.6,459.2
-207.9,458.7
-208.7,457.8
-209.7,456.9
-211.1,456.0
-212.1,454.9
-213.0,454.2
-214.3,453.3
-215.2,452.5
-216.2,451.8
-217.4,451.2
-218.3,450.1
-219.1,449.0
-219.9,447.8
-220.6,446.5
-221.2,446.0
-222.0,445.3
-222.6,444.8
-223.1,444.0
-223.7,443.0
-224.5,442.1
-225.2,440.9
-226.1,439.9
-226.9,438.8
-227.3,437.9
-227.7,437.0
-228.1,435.7
-228.4,434.5
-228.6,433.1
-229.1,431.5
-229.4,430.5
-229.7,429.5
-230.3,428.3
-230.8,427.2
-231.2,425.7
-231.8,424.0
-232.0,422.7
-232.2,421.6
-232.3,420.1
-232.6,419.0
-232.8,418.0
-233.0,416.2
-233.2,415.3
-233.3,414.1
-233.3,412.3
-233.4,410.9
-233.4,409.1
-233.5,406.9
-233.6,405.4
-233.6,403.7
-233.6,401.6
-233.5,400.2
-233.3,398.5
-233.2,396.5
-233.2,395.2
-233.1,393.9
-233.0,391.4
-232.9,389.6
-232.7,387.6
-232.4,384.8
-232.1,383.1
-231.8,380.8
-231.5,378.6
-231.3,377.0
-231.2,374.7
-231.1,372.5
-231.0,370.0
-230.8,367.4
-230.7,365.4
-230.5,363.6
-230.3,362.3
-230.1,360.6
-229.9,358.4
-229.7,356.4
-229.5,353.6
-229.2,351.1
-229.1,348.7
-229.0,345.6
-228.9,343.2
-228.9,340.6
-228.8,337.9
-228.8,335.5
-228.7,332.9
-228.7,330.4
-228.8,328.1
-229.0,325.5
-229.2,322.7
-229.4,320.0
-229.4,317.6
-229.5,314.9
-229.6,312.8
-229.7,310.4
-229.8,307.4
-229.8,304.7
-229.7,301.8
-229.6,298.9
-229.4,295.9
-229.2,292.6
-229.2,289.5
-229.0,286.3
-228.9,283.6
-228.9,281.1
-228.9,278.5
-229.1,275.8
-229.2,272.7
-229.2,270.0
-229.3,266.8
-229.3,264.1
-229.3,261.9
-229.3,258.5
-229.3,255.3
-229.3,252.2
-229.3,249.2
-229.4,246.5
-229.4,243.9
-229.5,240.7
-229.5,237.1
-229.5,234.3
-229.5,230.8
-229.6,228.0
-229.7,225.0
-229.8,222.6
-229.9,219.8
-229.9,217.0
-229.9,213.5
-229.9,210.0
-229.9,207.5
-229.9,204.0
-229.9,201.1
-230.0,198.0
-230.1,194.5
-230.1,192.4
-230.2,189.7
-230.3,186.6
-230.4,184.4
-230.5,181.1
-230.5,177.4
-230.5,174.5
-230.5,170.7
-230.4,167.0
-230.4,164.4
-230.3,161.4
-230.3,158.2
-230.3,155.8
-230.3,153.0
-230.3,149.7
-230.3,146.7
-230.4,143.4
-230.4,139.9
-230.4,137.3
-230.3,135.1
-230.2,132.0
-230.2,129.9
-230.2,127.2
-230.2,123.4
-230.2,120.8
-230.2,117.5
-230.2,113.7
-230.2,110.9
-230.2,108.3
-230.2,105.9
-230.2,103.3
-230.1,100.9
-230.0,97.2
-230.0,93.6
-229.9,91.2
-229.8,89.1
-229.8,86.8
-229.7,84.7
-229.7,81.9
-229.7,78.5
-229.6,76.0
-229.7,73.0
-229.7,70.2
-229.6,67.0
-229.5,64.6
-229.5,61.8
-229.4,59.4
-229.4,56.4
-229.5,53.3
-229.5,50.5
-229.6,48.0
-229.7,46.0
-229.7,43.8
-229.8,41.7
-229.8,38.6
-229.7,36.0
-229.9,33.5
-229.9,30.9
-229.8,29.3
-229.9,27.0
-229.9,24.7
-229.9,22.0
-229.9,19.3
-229.9,17.3
-230.0,14.8
-230.0,12.7
-230.1,10.4
-230.1,7.5
-230.1,5.9
-230.2,3.9
-230.1,1.6
-230.1,0.0
-230.1,-1.9
-230.0,-3.9
-229.9,-5.6
-229.9,-7.4
-229.8,-9.0
-229.8,-10.8
-229.8,-12.7
-229.8,-15.1
-229.8,-17.3
-229.8,-19.2
-229.8,-21.5
-229.8,-23.0
-229.8,-25.0
-229.8,-26.9
-229.8,-28.4
-229.9,-30.4
-229.9,-32.4
-230.0,-34.2
-230.0,-35.9
-230.1,-37.6
-230.2,-38.9
-230.3,-40.2
-230.3,-42.2
-230.3,-43.6
-230.2,-45.0
-230.2,-46.4
-230.1,-47.2
-230.0,-48.6
-230.0,-49.9
-230.1,-51.8
-230.1,-53.5
-230.2,-54.7
-230.2,-56.5
-230.3,-57.9
-230.3,-59.4
-230.3,-60.7
-230.2,-61.9
-230.2,-62.9
-230.2,-64.0
-230.2,-65.5
-230.3,-66.6
-230.4,-68.1
-230.4,-69.3
-230.4,-70.1
-230.5,-71.2
-230.6,-72.5
-230.7,-73.7
-230.8,-75.2
-230.9,-76.6
-230.9,-77.6
-230.9,-78.7
-230.9,-79.8
-230.8,-80.7
-230.7,-81.5
-230.6,-82.4
-230.5,-83.2
-230.5,-84.1
-230.6,-85.3
-230.7,-86.6
-230.8,-87.7
-230.9,-88.5
-231.0,-89.1
-231.1,-89.7
-231.2,-90.5
-231.0,-91.2
-230.9,-92.0
-230.9,-92.5
-230.8,-92.8
-230.9,-93.2
-231.0,-93.5
-230.9,-94.2
-231.0,-94.8
-231.0,-95.6
-231.0,-96.2
-231.0,-96.4
-231.0,-96.8
-230.9,-97.0
-230.9,-97.1
-230.9,-97.2
-230.9,-97.2
-230.9,-97.2
-231.0,-97.1
-231.1,-96.9
-231.1,-96.8
-231.2,-96.7
-231.2,-96.6
-231.2,-96.6
-231.1,-96.6
-231.1,-96.4
-231.1,-96.3
-231.1,-96.1
-231.1,-96.0
-231.0,-95.9
-231.0,-95.7
-230.9,-95.5
-230.9,-95.2
-231.0,-94.8
-231.1,-94.5
-231.2,-94.2
-231.3,-94.0
-231.3,-93.8
-231.3,-93.5
-231.3,-93.2
-231.2,-92.9
-231.3,-92.8
-231.3,-92.8
-231.3,-92.7
-231.2,-92.7
-231.2,-92.7
-231.2,-92.6
-231.2,-92.5
-231.2,-92.4
-231.1,-92.3
-231.0,-92.3
-231.2,-92.3
-231.3,-92.3
-231.4,-92.3
-231.6,-92.3
-231.6,-92.5
-231.7,-92.7
-231.8,-92.9
-231.9,-93.1
-231.9,-93.2
-231.8,-93.4
-231.7,-93.6
-231.6,-93.7
-231.5,-94.2
-231.5,-94.7
-231.4,-95.2
-231.4,-95.9
-231.4,-96.3
-231.3,-96.6
-231.3,-97.0
-231.2,-97.3
-231.2,-97.4
-231.2,-97.9
-231.2,-98.4
-231.2,-99.0
-231.3,-99.6
-231.4,-100.0
-231.5,-100.4
-231.6,-100.6
-231.6,-100.7
-231.6,-100.7
-231.6,-100.7
-231.5,-100.6
-231.4,-100.3
-231.4,-100.0
-231.4,-99.8
-231.5,-99.5
-231.6,-99.2
-231.6,-98.9
-231.7,-98.7
-231.8,-98.5
-231.8,-98.5
-231.6,-98.5
-231.6,-98.4
-231.5,-98.4
-231.5,-98.3
-231.6,-98.2
-231.6,-98.1
-231.6,-97.8
-231.6,-97.6
-231.6,-97.5
-231.6,-97.4
-231.6,-97.4
-231.6,-97.4
-231.7,-97.4
-231.8,-97.4
-232.0,-97.3
-232.0,-97.1
-232.0,-97.0
-232.0,-96.8
-231.9,-96.8
-231.9,-96.8
-231.8,-96.8
-231.8,-97.0
-231.8,-97.2
-231.8,-97.3
-231.7,-97.3
-231.6,-97.2
-231.6,-97.1
-231.7,-97.1
-231.8,-97.1
-232.0,-97.2
-232.1,-97.3
-232.1,-97.3
-232.1,-97.4
-232.0,-97.4
-231.8,-97.5
-231.5,-97.5
-231.3,-97.6
-231.4,-97.6
-231.4,-97.7
-231.5,-97.7
-231.6,-97.8
-231.6,-97.8
-231.7,-97.8
-231.8,-97.8
-231.8,-97.9
-231.8,-97.9
-231.8,-98.0
-231.8,-98.0
-231.8,-98.1
-231.8,-98.1
-231.8,-98.0
-231.8,-98.0
-231.8,-97.9
-231.8,-97.9
-231.8,-97.8
-231.8,-97.7
-231.8,-97.4
-231.9,-97.2
-232.0,-97.0
-232.1,-96.8
-232.1,-96.8
-232.1,-96.8
-232.2,-96.8
-232.3,-96.8
-232.3,-96.8
-232.3,-96.8
-232.3,-96.7
-232.3,-96.6
-232.2,-96.6
-232.0,-96.5
-231.8,-96.5
-231.6,-96.4
-231.5,-96.3
-231.5,-96.2
-231.6,-96.2
-231.7,-96.2
-231.8,-96.2
-231.9,-96.2
-232.0,-96.3
-232.1,-96.5
-232.2,-96.8
-232.3,-97.0
-232.3,-97.3
-232.3,-97.5
-232.3,-97.7
-232.3,-98.1
-232.4,-98.4
-232.4,-98.4
-232.5,-98.4
-232.6,-98.4
-232.8,-98.4
-232.9,-98.4
-232.9,-98.3
-232.7,-98.1
-232.5,-98.0
-232.3,-97.9
-232.1,-97.9
-232.1,-97.9
-232.0,-98.1
-232.0,-98.2
-232.1,-98.4
-232.1,-98.6
-232.0,-98.7
-231.9,-98.8
-231.8,-99.0
-231.8,-99.1
-231.8,-99.2
-231.8,-99.1
-231.8,-98.9
-231.8,-98.6
-231.9,-98.3
-232.0,-98.2
-232.2,-98.1
-232.2,-98.0
-232.2,-98.0
-232.2,-98.0
-232.0,-97.9
-232.2,-97.9
-232.3,-97.9
-232.2,-97.9
-232.4,-98.0
-232.4,-98.0
-232.4,-98.0
-232.5,-98.0
-232.6,-98.0
-232.6,-98.0
-232.7,-98.0
-232.7,-98.0
-232.7,-98.1
-232.8,-98.2
-232.8,-98.3
-232.8,-98.3
-232.9,-98.2
-232.8,-98.1
-232.7,-98.0
-232.6,-97.8
-232.4,-97.7
-232.4,-97.6
-232.4,-97.6
-232.4,-97.7
-232.4,-97.9
-232.5,-98.1
-232.4,-98.4
-232.3,-98.7
-232.3,-98.9
-232.2,-99.1
-232.3,-99.2
-232.3,-99.2
-232.3,-99.2
-232.4,-99.2
-232.3,-99.3
-232.4,-99.3
-232.3,-99.3
-232.2,-99.3
-232.2,-99.2
-232.2,-99.2
-232.4,-99.2
-232.6,-99.1
-232.6,-98.9
-232.7,-98.7
-232.7,-98.5
-232.7,-98.4
-232.9,-98.3
-232.8,-98.3
-232.8,-98.2
-232.7,-98.2
-232.6,-98.2
-232.5,-98.2
-232.4,-98.1
-232.2,-98.2
-232.1,-98.4
-232.0,-98.3
-232.2,-98.5
-232.2,-98.6
-232.4,-98.6
-232.6,-98.8
-232.5,-98.9
-232.7,-98.9
-232.7,-98.9
-232.6,-98.9
-232.6,-98.6
-232.7,-98.4
-232.6,-98.3
-232.6,-98.1
-232.6,-98.1
-232.4,-98.2
-232.2,-98.3
-232.1,-98.4
-232.0,-98.5
-232.0,-98.5
-232.2,-98.7
-232.2,-98.8
-232.3,-98.9
-232.4,-99.0
-232.3,-98.9
-232.4,-98.9
-232.4,-98.9
-232.4,-98.9
-232.4,-98.9
-232.3,-99.0
-232.3,-99.0
-232.3,-99.0
-232.3,-99.0
-232.2,-99.2
-232.2,-99.4
-232.0,-99.7
-231.8,-100.0
-231.6,-100.0
-231.4,-100.1
-231.4,-100.2
-231.5,-100.3
-231.5,-100.4
-231.6,-100.5
-231.7,-100.6
-231.8,-100.7
-231.8,-100.8
-231.8,-100.8
-231.8,-100.8
-231.7,-100.8
-231.7,-100.9
-231.8,-100.9
-231.8,-100.9
-231.9,-101.0
-231.9,-101.0
-231.7,-100.9
-231.5,-100.9
-231.2,-100.8
-231.1,-100.7
-231.2,-100.7
-231.2,-100.7
-231.3,-100.7
-231.4,-100.7
-231.5,-100.7
-231.5,-100.6
-231.4,-100.3
-231.3,-100.0
-231.2,-99.6
-231.1,-99.3
-231.1,-99.3
-231.2,-99.2
-231.3,-99.1
-231.5,-99.0
-231.7,-99.0
-231.8,-99.0
-232.0,-99.0
-232.0,-99.0
-231.8,-99.1
-231.7,-99.3
-231.6,-99.4
-231.5,-99.5
-231.4,-99.5
-231.2,-99.5
-230.9,-99.5
-230.8,-99.4
-230.7,-99.4
-230.7,-99.3
-230.8,-99.2
-230.8,-99.1
-230.9,-98.9
-231.0,-98.8
-230.9,-98.6
-231.0,-98.4
-230.9,-98.4
-230.8,-98.3
-230.8,-98.4
-230.8,-98.5
-230.8,-98.5
-230.9,-98.6
-231.0,-98.8
-231.0,-98.9
-231.1,-99.1
-231.0,-99.0
-231.0,-98.9
-231.1,-98.7
-231.1,-98.4
-231.2,-98.4
-231.2,-98.4
-231.3,-98.4
-231.4,-98.5
-231.4,-98.6
-231.3,-98.5
-231.1,-98.5
-230.9,-98.3
-230.8,-98.2
-230.7,-98.1
-230.8,-97.9
-230.6,-97.8
-230.6,-97.7
-230.6,-97.7
-230.6,-97.4
-230.8,-97.2
-230.9,-97.4
-230.9,-97.7
-230.9,-98.1
-231.0,-98.5
-231.1,-98.5
-231.2,-98.4
-231.2,-98.4
-231.2,-98.4
-231.0,-98.3
-230.7,-98.2
-230.6,-98.1
-230.3,-98.1
-230.3,-98.0
-230.3,-98.0
-230.2,-97.9
-230.1,-97.6
-230.1,-97.5
-230.0,-97.3
-230.0,-97.3
-230.0,-97.3
-230.0,-97.3
-230.1,-97.3
-230.1,-97.3
-230.1,-97.2
-230.1,-97.2
-230.1,-97.2
-230.1,-97.2
-230.2,-97.2
-230.4,-97.2
-230.5,-97.3
-230.7,-97.3
-230.8,-97.3
-230.8,-97.4
-230.9,-97.6
-230.9,-97.8
-231.0,-97.9
-230.8,-98.0
-230.7,-98.0
-230.5,-98.0
-230.3,-98.1
-230.3,-98.2
-230.1,-98.4
-230.1,-98.6
-230.1,-98.8
-230.0,-98.9
-230.1,-99.0
-230.1,-99.1
-230.1,-99.2
-230.3,-99.2
-230.3,-99.2
-230.2,-99.2
-230.2,-99.2
-230.2,-99.4
-230.2,-99.5
-230.3,-99.6
-230.3,-99.7
-230.2,-99.7
-230.3,-99.9
-230.2,-100.0
-230.3,-100.2
-230.5,-100.5
-230.5,-100.6
-230.5,-100.7
-230.6,-100.7
-230.7,-100.7
-230.8,-100.8
-230.8,-100.8
-230.9,-100.9
-230.8,-100.9
-230.8,-101.0
-230.8,-101.0
-230.8,-101.1
-230.8,-101.1
-230.9,-101.1
-230.9,-101.2
-230.9,-101.2
-230.7,-101.2
-230.5,-101.2
-230.2,-100.9
-230.0,-100.6
-230.0,-100.4
-230.0,-100.1
-229.9,-100.1
-229.9,-100.0
-229.9,-99.9
-229.9,-99.8
-229.9,-99.8
-230.1,-99.8
-230.2,-99.8
-230.2,-99.7
-230.3,-99.6
-230.3,-99.4
-230.3,-99.3
-230.3,-99.2
-230.2,-99.2
-230.1,-99.2
-230.0,-99.2
-229.9,-99.1
-229.9,-99.3
-229.9,-99.3
-230.0,-99.3
-230.1,-99.5
-230.2,-99.4
-230.4,-99.4
-230.4,-99.4
-230.4,-99.4
-230.5,-99.4
-230.3,-99.4
-230.4,-99.2
-230.4,-99.1
-230.3,-99.1
-230.3,-99.2
-230.1,-99.2
-229.9,-99.1
-229.8,-99.1
-229.8,-99.1
-229.8,-99.2
-229.9,-99.3
-230.2,-99.2
-230.4,-99.2
-230.7,-99.2
-230.7,-99.2
-230.7,-99.1
-230.7,-99.1
-230.6,-99.1
-230.6,-99.0
-230.6,-99.0
-230.5,-99.0
-230.5,-98.8
-230.6,-98.7
-230.7,-98.7
-230.7,-98.7
-230.7,-98.7
-230.6,-98.7
-230.4,-99.0
-230.5,-99.2
-230.6,-99.4
-230.6,-99.5
-230.6,-99.2
-230.4,-99.0
-230.4,-98.7
-230.6,-98.6
-230.7,-98.3
-230.4,-98.1
-230.4,-97.8
-230.4,-97.7
-230.4,-97.6
-230.6,-97.5
-230.6,-97.4
-230.6,-97.2
-230.6,-97.1
-230.7,-97.0
-230.7,-96.9
-230.7,-96.9
-230.7,-96.9
-230.6,-96.9
-230.5,-96.9
-230.5,-96.8
-230.5,-96.8
-230.5,-97.0
-230.5,-97.0
-230.5,-97.0
-230.5,-96.8
-230.6,-96.5
-230.6,-96.5
-230.6,-96.5
-230.8,-96.5
-230.8,-96.6
-230.8,-96.6
-230.7,-96.6
-230.5,-96.6
-230.3,-96.8
-230.3,-96.9
-230.1,-97.0
-230.1,-97.2
-230.1,-97.3
-230.0,-97.3
-229.9,-97.3
-229.9,-97.3
-229.8,-97.2
-229.7,-97.2
-229.7,-97.1
-229.7,-97.1
-229.8,-97.1
-230.0,-97.1
-230.1,-97.1
-230.3,-97.1
-230.3,-97.1
-230.2,-97.2
-230.2,-97.2
-230.2,-97.2
-230.2,-97.3
-230.2,-97.4
-230.2,-97.5
-230.3,-97.6
-230.3,-97.8
-230.3,-97.9
-230.3,-98.0
-230.3,-98.1
-230.4,-98.1
-230.4,-98.2
-230.4,-98.2
-230.4,-98.2
-230.4,-98.2
-230.4,-98.0
-230.3,-97.9
-230.2,-97.8
-230.1,-97.6
-230.0,-97.6
-230.0,-97.6
-230.0,-97.6
-230.0,-97.8
-230.0,-97.9
-229.9,-98.0
-229.9,-98.0
-229.9,-98.0
-230.1,-98.0
-230.2,-98.1
-230.4,-98.1
-230.6,-98.1
-230.6,-98.1
-230.6,-98.2
-230.6,-98.3
-230.5,-98.4
-230.4,-98.4
-230.3,-98.3
-230.2,-98.3
-230.2,-98.3
-230.2,-98.2
-230.2,-98.2
-230.3,-98.2
-230.3,-98.2
-230.4,-98.1
-230.4,-98.1
-230.4,-98.0
-230.4,-97.9
-230.4,-97.9
-230.4,-97.8
-230.2,-97.8
-230.1,-97.8
-230.0,-97.8
-230.0,-97.8
-230.0,-97.9
-230.0,-97.9
-229.9,-97.9
-229.9,-98.0
-230.0,-98.0
-230.0,-98.0
-230.0,-98.0
-230.0,-97.9
-229.9,-97.9
-229.9,-97.9
-230.1,-97.9
-230.2,-97.9
-230.2,-97.9
-230.2,-97.9
-230.2,-98.0
-230.1,-98.0
-230.1,-98.0
-230.0,-98.0
-230.0,-97.9
-229.9,-97.8
-229.9,-97.8
-229.9,-97.7
-229.8,-97.7
-229.8,-97.7
-229.8,-97.7
-229.9,-97.8
-230.0,-97.9
-230.0,-98.0
-230.1,-98.1
-230.2,-98.1
-230.3,-98.1
-230.3,-98.1
-230.4,-98.1
-230.3,-98.1
-230.3,-98.1
-230.4,-98.1
-230.2,-98.1
-230.2,-98.1
-230.1,-98.1
-230.1,-98.2
-230.0,-98.2
-229.9,-98.3
-229.8,-98.3
-229.7,-98.3
-229.7,-98.3
-229.7,-98.2
-229.8,-98.2
-229.9,-98.2
-230.0,-98.2
-230.2,-98.2
-230.2,-98.2
-230.1,-98.3
-230.2,-98.4
-230.1,-98.4
-230.0,-98.5
-230.1,-98.5
-230.0,-98.6
-230.1,-98.7
-230.2,-98.8
-230.2,-98.9
-230.2,-99.1
-230.1,-99.2
-230.1,-99.3
-230.0,-99.3
-230.1,-99.3
-230.0,-99.4
-230.0,-99.4
-229.9,-99.5
-229.9,-99.7
-230.0,-99.9
-230.0,-100.1
-230.0,-100.2
-229.9,-100.2
-230.0,-100.2
-230.0,-100.2
-230.1,-100.2
-230.1,-100.0
-230.1,-100.0
-230.1,-99.9
-230.2,-99.9
-230.2,-100.0
-230.2,-99.9
-230.2,-99.9
-230.2,-100.0
-230.2,-100.0
-230.2,-100.0
-230.3,-100.1
-230.3,-100.0
-230.3,-99.9
-230.3,-99.8
-230.2,-99.7
-230.2,-99.7
-230.1,-99.7
-230.0,-99.7
-229.9,-99.7
-229.9,-99.6
-230.0,-99.6
-230.1,-99.5
-230.1,-99.5
-230.0,-99.4
-229.9,-99.3
-229.8,-99.2
-229.8,-99.2
-229.8,-99.2
-229.9,-99.2
-230.0,-99.2
-230.2,-99.2
-230.3,-99.2
-230.4,-99.1
-230.4,-99.0
-230.3,-98.9
-230.3,-98.8
-230.2,-98.7
-230.2,-98.6
-230.2,-98.7
-230.3,-98.8
-230.4,-98.9
-230.5,-98.9
-230.5,-98.7
-230.5,-98.7
-230.3,-98.7
-230.3,-98.8
-230.3,-99.0
-230.2,-99.1
-230.2,-99.2
-230.2,-99.3
-230.1,-99.4
-230.1,-99.5
-230.1,-99.7
-230.1,-99.8
-230.1,-99.8
-230.0,-99.8
-229.9,-99.8
-229.8,-99.8
-229.7,-99.9
-229.6,-100.0
-229.7,-100.2
-229.8,-100.3
-229.8,-100.4
-229.9,-100.5
-230.0,-100.7
-230.0,-100.9
-230.1,-101.1
-230.2,-101.2
-230.2,-101.2
-230.3,-101.2
-230.2,-101.2
-230.2,-101.1
-230.1,-101.1
-230.0,-101.0
-229.9,-101.0
-229.9,-101.1
-229.9,-101.2
-229.8,-101.5
-229.8,-101.6
-229.8,-101.6
-229.8,-101.5
-229.7,-101.5
-229.7,-101.4
-229.7,-101.3
-229.9,-101.2
-230.0,-101.1
-230.1,-100.9
-230.2,-100.9
-230.2,-100.9
-230.2,-100.9
-230.3,-100.8
-230.3,-100.8
-230.3,-100.6
-230.3,-100.6
-230.3,-100.6
-230.2,-100.6
-230.2,-100.6
-230.1,-100.5
-230.1,-100.5
-230.1,-100.5
-230.0,-100.5
-229.9,-100.5
-229.9,-100.5
-229.8,-100.4
-229.6,-100.5
-229.5,-100.3
-229.4,-100.2
-229.3,-100.1
-229.4,-100.1
-229.5,-100.3
-229.6,-100.5
-229.8,-100.6
-229.8,-100.6
-229.8,-100.6
-229.8,-100.6
-229.8,-100.7
-229.7,-100.7
-229.7,-100.7
-229.7,-100.8
-229.7,-101.0
-229.6,-101.1
-229.6,-101.2
-229.6,-101.1
-229.6,-101.0
-229.8,-101.0
-230.0,-100.9
-230.1,-100.8
-230.3,-100.8
-230.3,-100.6
-230.3,-100.6
-230.2,-100.5
-230.0,-100.5
-229.9,-100.5
-229.8,-100.5
-229.9,-100.6
-230.0,-100.8
-230.0,-101.0
-229.8,-101.3
-229.6,-101.3
-229.4,-101.3
-229.4,-101.3
-229.4,-101.3
-229.4,-101.3
-229.6,-101.3
-229.8,-101.3
-230.0,-101.3
-230.3,-101.3
-230.5,-101.3
-230.6,-101.3
-230.6,-101.2
-230.5,-101.1
-230.3,-101.0
-230.2,-100.8
-230.1,-100.9
-230.1,-100.9
-230.1,-100.8
-230.2,-100.8
-230.2,-100.7
-230.2,-100.6
-230.2,-100.6
-230.1,-100.6
-230.1,-100.5
-230.1,-100.5
-230.1,-100.5
-230.1,-100.5
-230.1,-100.5
-230.1,-100.6
-230.1,-100.6
-230.0,-100.7
-230.0,-100.8
-230.0,-100.7
-229.9,-100.6
-229.9,-100.4
-229.9,-100.3
-229.9,-100.4
-230.1,-100.4
-230.0,-100.4
-230.0,-100.4
-230.1,-100.4
-230.0,-100.3
-230.0,-100.3
-230.0,-100.2
-229.9,-100.2
-229.8,-100.2
-229.8,-100.0
-229.8,-99.9
-229.8,-99.8
-229.9,-99.7
-229.9,-99.7
-230.0,-99.6
-230.0,-99.5
-230.0,-99.3
-230.0,-99.2
-230.0,-99.3
-230.0,-99.3
-230.0,-99.6
-230.2,-99.8
-230.3,-99.8
-230.5,-100.0
-230.6,-100.0
-230.4,-100.1
-230.2,-100.1
-230.1,-100.0
-230.1,-99.8
-230.0,-99.7
-230.0,-99.6
-229.9,-99.6
-229.8,-99.6
-229.8,-99.7
-229.8,-99.7
-229.9,-99.6
-229.9,-99.7
-229.9,-99.6
-229.9,-99.5
-229.9,-99.6
-229.8,-99.6
-229.9,-99.5
-229.9,-99.5
-229.9,-99.5
-229.9,-99.4
-229.9,-99.3
-229.9,-99.4
-229.9,-99.3
-229.9,-99.5
-229.9,-99.6
-229.9,-99.6
-230.0,-99.8
-230.1,-99.8
-230.1,-99.8
-230.2,-99.8
-230.3,-99.9
-230.2,-99.9
-230.2,-99.9
-230.2,-100.0
-230.1,-100.0
-230.0,-99.8
-229.9,-99.8
-229.9,-99.5
-230.0,-99.4
-229.9,-99.2
-230.0,-99.0
-229.9,-98.9
-229.8,-98.8
-229.8,-98.8
-229.8,-98.8
-229.8,-98.8
-229.9,-98.8
-229.9,-98.9
-229.9,-99.0
-229.9,-99.0
-229.9,-99.1
-229.9,-99.1
-229.8,-99.2
-229.8,-99.2
-229.8,-99.3
-229.8,-99.3
-229.8,-99.3
-229.7,-99.3
-229.6,-99.3
-229.6,-99.2
-229.6,-99.1
-229.6,-99.0
-229.7,-99.1
-229.8,-99.3
-229.9,-99.4
-229.9,-99.6
-230.0,-99.6
-230.0,-99.7
-230.0,-99.9
-230.0,-100.0
-230.0,-100.1
-230.0,-100.0
-230.0,-99.9
-229.9,-99.8
-229.9,-99.8
-229.7,-99.7
-229.7,-99.7
-229.8,-99.7
-229.9,-99.7
-230.0,-99.7
-230.1,-99.6
-230.0,-99.6
-230.0,-99.6
-230.0,-99.7
-230.1,-99.7
-230.2,-99.7
-230.2,-99.8
-230.1,-99.7
-230.1,-99.6
-230.0,-99.6
-230.0,-99.5
-229.9,-99.4
-229.9,-99.4
-229.9,-99.2
-229.9,-99.2
-229.8,-99.2
-229.7,-99.1
-229.7,-99.1
-229.8,-99.0
-229.9,-98.8
-230.1,-98.7
-230.3,-98.6
-230.5,-98.5
-230.6,-98.4
-230.6,-98.3
-230.5,-98.2
-230.4,-98.2
-230.3,-98.2
-230.2,-98.4
-230.2,-98.5
-230.2,-98.6
-230.1,-98.6
-230.1,-98.6
-230.0,-98.6
-230.0,-98.6
-230.0,-98.6
-230.0,-98.6
-230.0,-98.7
-230.1,-98.8
-230.2,-98.9
-230.2,-98.9
-230.1,-99.0
-230.1,-99.0
-230.1,-99.1
-230.0,-99.1
-230.0,-99.1
-229.9,-99.2
-229.9,-99.2
-230.0,-99.2
-230.0,-99.3
-230.0,-99.4
-229.9,-99.5
-229.7,-99.6
-229.6,-99.7
-229.6,-99.7
-229.7,-99.7
-229.7,-99.7
-229.7,-99.7
-229.7,-99.7
-230.0,-99.8
-230.2,-99.8
-230.4,-99.8
-230.5,-99.9
-230.5,-100.0
-230.4,-100.0
-230.3,-100.1
-230.2,-100.1
-230.1,-100.1
-230.1,-100.0
-230.1,-100.0
-230.1,-99.9
-230.1,-99.8
-230.0,-99.6
-230.0,-99.5
-230.0,-99.4
-230.0,-99.3
-230.0,-99.3
-230.0,-99.2
-230.1,-99.2
-230.2,-99.2
-230.2,-99.0
-230.2,-98.8
-230.1,-98.6
-230.1,-98.4
-230.1,-98.3
-230.0,-98.3
-229.9,-98.3
-229.9,-98.3
-230.0,-98.3
-230.0,-98.4
-230.1,-98.4
-230.2,-98.4
-230.3,-98.4
-230.4,-98.4
-230.4,-98.4
-230.6,-98.4
-230.6,-98.3
-230.4,-98.2
-230.5,-98.1
-230.4,-98.0
-230.4,-97.9
-230.5,-97.9
-230.5,-97.9
-230.4,-97.9
-230.3,-97.8
-230.1,-97.8
-230.0,-97.7
-229.9,-97.6
-229.9,-97.6
-229.9,-97.6
-229.9,-97.6
-230.0,-97.7
-230.0,-97.9
-230.0,-98.0
-230.1,-98.1
-230.1,-98.3
-230.1,-98.5
-230.1,-98.7
-230.0,-98.9
-230.0,-98.9
-230.1,-98.9
-230.2,-98.9
-230.3,-99.0
-230.4,-99.1
-230.4,-99.2
-230.4,-99.4
-230.3,-99.7
-230.3,-99.9
-230.2,-100.0
-230.2,-100.0
-230.2,-99.7
-230.2,-99.6
-230.2,-99.5
-230.2,-99.5
-230.2,-99.5
-230.1,-99.6
-230.0,-99.6
-229.9,-99.7
-229.9,-99.8
-229.7,-99.9
-229.5,-100.1
-229.5,-100.2
-229.4,-100.1
-229.5,-99.8
-229.7,-99.6
-229.7,-99.4
-229.8,-99.4
-229.9,-99.4
-230.0,-99.4
-230.0,-99.4
-230.0,-99.4
-229.9,-99.4
-229.8,-99.3
-229.8,-99.2
-229.7,-99.0
-229.7,-98.8
-229.7,-98.8
-229.6,-98.7
-229.6,-98.7
-229.6,-98.7
-229.7,-98.7
-229.8,-98.8
-229.9,-98.9
-229.9,-98.9
-230.0,-98.8
-230.1,-98.8
-230.2,-98.7
-230.2,-98.8
-230.3,-99.0
-230.2,-98.8
-230.2,-98.6
-230.2,-98.4
-230.1,-98.3
-230.0,-98.2
-230.0,-98.1
-230.0,-98.1
-230.0,-98.2
-230.1,-98.4
-230.1,-98.5
-230.1,-98.7
-230.1,-98.8
-230.1,-98.8
-230.0,-98.8
-230.0,-98.8
-230.0,-98.8
-229.9,-98.8
-229.9,-98.8
-229.8,-98.8
-229.8,-98.8
-229.9,-98.8
-229.9,-98.8
-229.9,-99.0
-230.0,-99.2
-230.1,-99.6
-230.2,-99.8
-230.4,-100.0
-230.3,-100.1
-230.3,-100.1
-230.3,-100.1
-230.3,-99.9
-230.3,-99.7
-230.3,-99.6
-230.3,-99.4
-230.3,-99.4
-230.3,-99.4
-230.3,-99.4
-230.3,-99.4
-230.2,-99.4
-230.2,-99.4
-230.2,-99.4
-230.2,-99.5
-230.3,-99.5
-230.4,-99.6
-230.4,-99.6
-230.5,-99.5
-230.4,-99.4
-230.3,-99.3
-230.3,-99.2
-230.2,-99.1
-230.3,-98.9
-230.3,-98.8
-230.1,-98.6
-230.2,-98.4
-230.1,-98.1
-230.0,-97.9
-230.1,-97.7
-230.0,-97.7
-230.0,-97.7
-230.1,-97.7
-230.2,-97.7
-230.3,-97.7
-230.4,-97.7
-230.4,-97.8
-230.4,-97.9
-230.5,-97.9
-230.5,-98.1
-230.4,-98.3
-230.4,-98.4
-230.4,-98.4
-230.3,-98.3
-230.3,-98.2
-230.1,-98.0
-230.0,-98.0
-230.1,-97.9
-230.1,-97.9
-230.3,-97.9
-230.5,-98.0
-230.4,-98.0
-230.4,-98.1
-230.4,-98.2
-230.3,-98.2
-230.3,-98.4
-230.3,-98.5
-230.3,-98.6
-230.3,-98.6
-230.4,-98.5
-230.4,-98.4
-230.4,-98.3
-230.4,-98.3
-230.4,-98.3
-230.4,-98.3
-230.4,-98.4
-230.4,-98.4
-230.3,-98.3
-230.3,-98.3
-230.2,-98.3
-230.1,-98.3
-230.1,-98.4
-230.0,-98.4
-230.1,-98.4
-230.1,-98.5
-230.0,-98.5
-230.0,-98.5
-230.0,-98.5
-230.0,-98.5
-229.9,-98.6
-229.9,-98.8
-229.7,-98.8
-229.6,-98.9
-229.4,-98.9
-229.2,-98.9
-229.1,-98.9
-229.1,-98.9
-229.1,-98.8
-229.0,-98.9
-229.0,-98.9
-229.0,-99.0
-228.9,-99.1
-228.9,-99.3
-228.8,-99.4
-228.7,-99.6
-228.6,-99.9
-228.5,-100.0
-228.4,-100.1
-228.4,-100.2
-228.2,-100.1
-228.0,-100.0
-228.1,-99.7
-228.0,-99.4
-228.1,-99.2
-228.2,-98.9
-228.1,-98.8
-228.1,-98.8
-227.9,-98.8
-227.6,-98.8
-227.5,-98.8
-227.3,-98.8
-227.2,-98.8
-227.1,-98.7
-227.0,-98.7
-226.9,-98.7
-226.7,-98.7
-226.5,-98.7
-226.3,-98.6
-226.2,-98.5
-226.2,-98.3
-226.1,-98.0
-226.1,-97.8
-226.1,-97.7
-226.0,-97.8
-225.7,-97.9
-225.4,-98.0
-225.1,-98.1
-224.9,-98.1
-224.8,-98.1
-224.6,-97.9
-224.4,-97.8
-224.2,-97.6
-224.0,-97.5
-223.8,-97.6
-223.7,-97.6
-223.6,-97.6
-223.6,-97.6
-223.6,-97.6
-223.5,-97.6
-223.4,-97.6
-223.2,-97.7
-222.9,-97.9
-222.7,-98.1
-222.6,-98.3
-222.5,-98.5
-222.5,-98.5
-222.4,-98.6
-222.2,-98.6
-222.1,-98.3
-221.8,-98.1
-221.5,-97.9
-221.3,-97.6
-221.1,-97.6
-220.8,-97.6
-220.6,-97.6
-220.4,-97.8
-220.1,-97.7
-220.0,-97.7
-219.9,-97.7
-219.7,-97.7
-219.6,-97.7
-219.5,-97.7
-219.2,-97.7
-219.2,-97.8
-219.0,-98.1
-218.8,-98.2
-218.7,-98.4
-218.5,-98.4
-218.4,-98.4
-218.2,-98.3
-217.9,-98.1
-217.6,-98.1
-217.3,-98.0
-217.2,-98.1
-216.9,-98.2
-216.7,-98.3
-216.5,-98.5
-216.2,-98.7
-216.2,-98.8
-216.1,-99.0
-215.9,-99.1
-215.9,-99.2
-215.8,-99.3
-215.7,-99.4
-215.6,-99.3
-215.3,-99.4
-215.1,-99.4
-215.0,-99.4
-214.8,-99.5
-214.6,-99.6
-214.4,-99.7
-214.0,-99.8
-213.7,-99.8
-213.5,-99.8
-213.2,-99.9
-213.0,-100.0
-212.9,-100.0
-212.6,-100.1
-212.4,-100.2
-212.2,-100.4
-212.0,-100.7
-212.0,-100.8
-211.9,-101.0
-211.8,-101.1
-211.7,-101.0
-211.5,-101.0
-211.2,-100.8
-210.9,-100.6
-210.7,-100.6
-210.4,-100.6
-210.2,-100.6
-210.1,-100.5
-209.6,-100.3
-209.3,-100.2
-208.8,-100.1
-208.6,-100.1
-208.5,-100.1
-208.4,-100.1
-208.3,-100.1
-208.1,-100.0
-207.8,-100.0
-207.6,-99.8
-207.4,-99.5
-207.2,-99.1
-207.0,-98.9
-206.8,-98.9
-206.7,-99.0
-206.3,-99.0
-206.0,-99.1
-205.8,-99.0
-205.5,-98.9
-205.3,-98.8
-205.0,-98.7
-204.7,-98.6
-204.4,-98.4
-204.0,-98.2
-203.8,-98.0
-203.6,-98.2
-203.5,-98.4
-203.3,-98.6
-203.0,-98.8
-202.7,-98.8
-202.3,-98.7
-202.2,-98.6
-202.0,-98.5
-201.8,-98.3
-201.5,-98.2
-201.0,-98.1
-200.5,-98.1
-200.0,-98.2
-199.6,-98.2
-199.4,-98.3
-199.1,-98.3
-198.7,-98.3
-198.4,-98.3
-198.0,-98.4
-197.8,-98.3
-197.6,-98.4
-197.5,-98.4
-197.4,-98.4
-197.4,-98.5
-197.2,-98.6
-196.9,-98.7
-196.6,-98.8
-196.3,-99.0
-196.0,-99.0
-195.6,-99.0
-195.3,-99.0
-195.0,-98.9
-194.7,-98.9
-194.6,-98.9
-194.2,-98.8
-193.8,-98.8
-193.3,-98.9
-192.7,-98.9
-192.2,-98.9
-191.9,-99.0
-191.5,-99.0
-191.2,-99.0
-190.9,-99.0
-190.6,-99.0
-190.4,-99.0
-190.3,-99.0
-190.0,-99.0
-189.8,-99.1
-189.6,-99.1
-189.1,-99.2
-188.8,-99.2
-188.3,-99.3
-187.7,-99.4
-187.3,-99.5
-186.7,-99.6
-186.4,-99.6
-186.1,-99.6
-185.9,-99.7
-185.7,-99.8
-185.5,-100.0
-185.2,-100.1
-184.8,-100.2
-184.5,-100.3
-183.8,-100.4
-183.2,-100.4
-182.7,-100.4
-182.2,-100.5
-182.1,-100.5
-182.0,-100.5
-181.8,-100.6
-181.7,-100.7
-181.3,-100.8
-180.8,-101.0
-180.3,-101.0
-179.8,-101.0
-179.4,-101.0
-179.1,-100.9
-178.8,-100.8
-178.5,-100.7
-178.0,-100.5
-177.6,-100.6
-177.1,-100.8
-176.6,-100.8
-176.2,-101.0
-175.8,-101.1
-175.5,-101.1
-175.2,-101.2
-174.9,-101.1
-174.5,-101.0
-173.9,-101.1
-173.5,-101.1
-172.9,-101.1
-172.5,-101.1
-172.3,-101.0
-172.1,-100.9
-171.9,-100.7
-171.6,-100.5
-171.2,-100.4
-170.8,-100.3
-170.5,-100.2
-170.0,-100.1
-169.6,-100.1
-168.9,-100.0
-168.2,-100.0
-167.8,-100.0
-167.3,-99.9
-167.0,-99.9
-166.7,-99.9
-166.4,-99.9
-166.0,-99.9
-165.6,-99.9
-164.9,-99.7
-164.2,-99.6
-163.6,-99.4
-163.2,-99.2
-163.0,-99.2
-162.7,-99.2
-162.3,-99.3
-161.9,-99.4
-161.5,-99.5
-161.0,-99.5
-160.6,-99.5
-159.8,-99.5
-159.3,-99.5
-158.8,-99.4
-158.4,-99.3
-158.2,-99.2
-157.9,-99.2
-157.3,-99.0
-156.8,-98.8
-156.3,-98.7
-155.6,-98.6
-155.1,-98.6
-154.6,-98.6
-153.8,-98.3
-153.2,-98.3
-152.7,-98.1
-152.3,-98.0
-152.0,-97.9
-151.5,-97.8
-151.1,-97.8
-150.7,-97.9
-150.1,-97.9
-149.8,-98.0
-149.5,-98.1
-149.1,-98.0
-148.3,-98.1
-147.6,-98.0
-146.8,-97.9
-146.0,-98.0
-145.6,-98.0
-145.2,-98.1
-144.7,-98.2
-144.3,-98.2
-143.6,-98.3
-143.0,-98.4
-142.6,-98.5
-142.1,-98.6
-141.8,-98.6
-141.4,-98.6
-140.8,-98.6
-140.4,-98.6
-139.9,-98.6
-139.4,-98.6
-138.9,-98.6
-138.4,-98.7
-138.0,-98.7
-137.6,-98.6
-137.0,-98.5
-136.4,-98.5
-135.7,-98.4
-135.0,-98.6
-134.6,-98.6
-134.0,-98.6
-133.4,-98.7
-132.8,-98.6
-132.1,-98.6
-131.7,-98.5
-131.2,-98.4
-130.8,-98.4
-130.3,-98.4
-129.7,-98.4
-129.2,-98.6
-128.7,-98.7
-128.0,-98.9
-127.6,-99.1
-127.1,-99.2
-126.6,-99.2
-126.2,-99.0
-125.5,-98.8
-124.8,-98.6
-124.3,-98.4
-123.6,-98.4
-123.3,-98.4
-122.9,-98.3
-122.5,-98.3
-122.1,-98.2
-121.5,-98.1
-120.9,-98.0
-120.3,-98.0
-119.7,-98.0
-119.2,-97.9
-118.8,-97.9
-118.5,-97.8
-118.2,-97.7
-117.5,-97.7
-116.6,-97.8
-115.8,-98.0
-114.9,-98.1
-114.4,-98.3
-114.2,-98.3
-113.8,-98.3
-113.4,-98.3
-113.0,-98.3
-112.5,-98.3
-111.8,-98.4
-111.1,-98.3
-110.4,-98.1
-109.6,-97.9
-109.2,-97.6
-108.7,-97.3
-108.0,-97.2
-107.4,-97.0
-106.7,-97.0
-105.9,-97.0
-105.3,-97.1
-104.8,-97.2
-104.2,-97.2
-104.1,-97.2
-103.7,-97.1
-103.0,-97.0
-102.2,-97.0
-101.3,-96.8
-100.5,-96.6
-100.0,-96.5
-99.6,-96.3
-99.2,-96.1
-98.8,-95.9
-98.3,-95.7
-97.6,-95.4
-97.0,-95.3
-96.6,-95.1
-96.1,-94.7
-95.6,-94.3
-95.1,-93.8
-94.4,-93.3
-93.4,-92.9
-92.4,-92.6
-91.5,-91.8
-90.6,-91.2
-90.2,-90.6
-89.8,-90.0
-89.2,-89.8
-88.6,-89.5
-88.0,-89.2
-87.2,-88.7
-86.5,-88.3
-85.9,-87.8
-85.3,-87.0
-84.9,-86.5
-84.4,-85.8
-83.7,-85.2
-83.1,-84.9
-82.3,-84.1
-81.4,-83.2
-80.6,-82.4
-80.0,-81.2
-79.5,-80.0
-79.0,-79.0
-78.5,-78.0
-77.6,-77.4
-76.7,-76.8
-75.9,-76.1
-75.2,-75.1
-74.6,-73.9
-74.0,-72.9
-73.5,-72.1
-72.9,-71.0
-72.3,-70.2
-71.4,-69.0
-70.3,-67.9
-69.3,-66.6
-68.6,-65.2
-68.0,-63.8
-67.6,-62.3
-67.0,-61.3
-66.2,-59.8
-65.3,-58.7
-64.6,-57.4
-64.2,-55.7
-63.7,-54.4
-63.4,-52.6
-62.8,-50.9
-61.9,-49.4
-61.0,-47.7
-60.2,-46.0
-59.5,-44.2
-58.8,-42.5
-58.4,-41.0
-58.0,-39.4
-57.3,-37.5
-56.7,-35.3
-56.0,-33.3
-55.4,-31.1
-54.8,-28.9
-54.1,-27.5
-53.2,-25.2
-52.4,-23.1
-51.8,-21.2
-50.7,-18.8
-50.0,-16.5
-49.3,-14.6
-48.4,-12.2
-48.1,-9.9
-47.4,-7.7
-46.6,-5.1
-45.7,-2.5
-44.8,0.3
-44.2,2.9
-43.7,5.6
-43.3,8.3
-42.6,11.3
-41.7,14.1
-41.0,17.3
-40.4,20.4
-40.0,23.6
-39.5,26.4
-39.1,29.6
-38.5,32.4
-38.0,34.9
-37.5,38.7
-36.8,41.2
-36.1,44.0
-35.6,47.0
-35.2,49.4
-34.9,52.8
-34.7,56.0
-34.5,60.0
-34.2,63.7
-33.9,67.5
-33.6,71.6
-33.2,75.1
-32.8,78.1
-32.5,81.8
-32.2,85.4
-31.8,88.7
-31.6,92.8
-31.5,96.4
-31.5,99.8
-31.6,103.7
-31.5,107.8
-31.6,111.9
-31.6,115.5
-31.6,119.5
-31.6,123.4
-31.6,127.5
-31.6,132.2
-31.5,135.3
-31.5,138.9
-31.7,142.9
-31.8,146.9
-32.1,151.6
-32.2,157.0
-32.2,160.7
-32.2,165.0
-32.2,170.1
-32.2,174.5
-32.3,179.4
-32.5,183.7
-32.7,187.5
-33.0,191.4
-33.2,196.0
-33.3,200.0
-33.5,204.5
-33.6,208.8
-33.9,212.6
-34.1,218.0
-34.3,222.4
-34.5,227.0
-34.5,232.3
-34.5,236.7
-34.6,241.4
-34.6,246.2
-34.8,250.3
-35.0,254.5
-35.4,259.7
-35.6,264.3
-35.8,268.9
-36.0,274.2
-36.3,277.8
-36.6,281.7
-37.0,286.2
-37.2,290.1
-37.3,294.9
-37.4,299.9
-37.4,304.1
-37.5,308.9
-37.5,313.7
-37.5,318.5
-37.6,323.5
-37.7,328.4
-37.9,333.1
-38.1,337.6
-38.3,342.2
-38.4,346.6
-38.5,351.6
-38.5,356.4
-38.5,360.8
-38.5,364.8
-38.5,369.1
-38.6,373.2
-38.6,378.0
-38.7,382.9
-38.7,387.1
-38.6,391.7
-38.6,395.4
-38.4,399.5
-38.3,404.1
-38.3,408.2
-38.2,412.4
-38.0,415.9
-37.9,419.8
-37.7,422.9
-37.5,427.0
-37.6,431.9
-37.4,435.2
-37.5,439.6
-37.6,443.4
-37.6,446.4
-37.7,450.3
-37.7,453.6
-37.7,457.1
-37.7,460.8
-37.9,464.3
-37.9,467.6
-37.9,471.1
-38.0,474.1
-37.9,477.6
-37.9,481.4
-38.0,484.3
-37.9,487.9
-37.8,491.3
-37.9,494.3
-37.7,497.6
-37.5,500.4
-37.4,502.9
-37.1,505.9
-37.1,508.6
-37.2,511.7
-37.3,514.7
-37.4,517.2
-37.4,520.5
-37.4,522.9
-37.4,525.5
-37.4,528.2
-37.4,529.9
-37.4,532.3
-37.5,534.5
-37.4,536.6
-37.3,538.9
-37.2,540.8
-37.1,542.8
-37.1,545.0
-37.1,547.0
-37.1,549.1
-37.2,551.1
-37.2,552.9
-37.2,555.1
-37.1,556.7
-37.1,557.9
-37.0,559.2
-36.9,559.9
-36.8,560.8
-36.7,562.0
-36.7,563.0
-36.8,564.1
-36.8,565.1
-36.7,565.8
-36.6,566.3
-36.5,566.8
-36.5,567.3
-36.6,568.1
-36.6,568.7
-36.5,569.2
-36.6,569.5
-36.5,569.8
-36.5,570.1
-36.4,570.5
-36.3,570.9
-36.2,571.1
-36.1,571.1
-36.0,571.1
-35.9,571.0
-35.9,571.0
-35.8,570.9
-35.8,570.8
-35.8,570.5
-35.8,570.2
-35.8,569.7
-35.9,569.2
-35.9,569.0
-35.9,568.7
-35.9,568.4
-35.8,567.8
-35.8,567.0
-35.9,566.3
-35.8,565.7
-35.8,565.2
-35.9,564.6
-35.8,564.0
-35.8,562.9
-35.8,561.9
-35.8,560.8
-35.9,559.7
-36.0,558.7
-36.0,557.7
-36.0,556.5
-36.1,555.1
-36.0,553.7
-35.8,552.6
-35.7,551.5
-35.5,550.6
-35.5,549.6
-35.7,548.3
-35.7,547.0
-35.7,545.2
-35.8,543.7
-35.8,541.8
-35.9,540.2
-35.9,539.0
-35.7,537.0
-35.6,535.4
-35.6,533.9
-35.8,531.8
-35.9,530.2
-36.1,528.7
-36.2,527.2
-36.2,526.0
-36.2,524.3
-36.2,522.8
-36.2,520.7
-36.2,518.6
-36.2,517.0
-36.1,515.4
-36.1,513.8
-36.1,512.3
-36.1,510.7
-36.1,508.7
-36.1,507.3
-36.1,505.9
-36.2,504.5
-36.2,503.4
-36.2,502.2
-36.3,500.8
-36.3,499.3
-36.3,498.0
-36.2,496.7
-36.0,494.6
-35.8,493.1
-35.9,491.7
-36.1,490.1
-36.3,489.2
-36.4,488.1
-36.4,486.7
-36.4,485.7
-36.5,484.3
-36.6,483.1
-36.5,482.0
-36.6,480.8
-36.6,479.8
-36.6,478.6
-36.7,477.3
-36.8,476.1
-36.7,475.1
-36.7,474.4
-36.8,473.8
-36.7,473.4
-36.7,472.9
-36.8,472.3
-36.8,471.7
-36.9,470.8
-36.9,469.8
-36.9,469.0
-36.9,468.0
-36.8,467.3
-36.7,466.8
-36.7,466.2
-36.6,465.8
-36.5,465.5
-36.5,465.0
-36.4,464.4
-36.4,463.9
-36.4,463.3
-36.4,463.0
-36.4,462.8
-36.4,462.6
-36.5,462.4
-36.5,462.4
-36.5,462.3
-36.4,462.2
-36.4,462.1
-36.4,461.8
-36.5,461.7
-36.5,461.7
-36.5,461.7
-36.5,461.8
-36.5,461.9
-36.7,461.9
-36.7,462.0
-36.8,462.1
-37.0,462.2
-37.0,462.3
-37.0,462.4
-37.0,462.6
-36.8,463.2
-36.7,464.1
-36.6,465.0
-36.6,465.6
-36.5,466.1
-36.5,466.7
-36.4,467.3
-36.3,468.3
-36.3,469.1
-36.2,469.8
-36.1,470.6
-36.1,471.2
-36.1,472.0
-36.0,472.7
-36.1,473.5
-36.2,474.4
-36.2,475.0
-36.4,476.0
-36.4,477.0
-36.3,478.0
-36.5,479.2
-36.4,480.1
-36.4,481.1
-36.4,482.0
-36.3,482.8
-36.3,484.0
-36.2,485.2
-36.1,486.5
-36.0,487.9
-36.0,489.0
-36.1,489.9
-36.2,491.3
-36.2,492.7
-36.2,494.3
-36.1,495.6
-36.1,496.8
-36.1,497.7
-36.0,499.1
-36.1,500.7
-36.0,501.9
-35.9,503.7
-36.0,505.2
-35.9,506.3
-35.8,507.4
-35.8,508.5
-35.7,509.6
-35.7,511.3
-35.7,513.2
-35.7,515.0
-35.7,516.4
-35.7,517.8
-35.7,519.2
-35.7,520.0
-35.7,521.3
-35.6,522.1
-35.6,523.1
-35.6,524.2
-35.5,525.7
-35.5,527.4
-35.4,528.9
-35.3,530.6
-35.3,531.4
-35.3,532.7
-35.3,533.7
-35.2,534.7
-35.2,535.9
-35.2,536.6
-35.2,537.7
-35.2,538.7
-35.2,539.5
-35.2,540.5
-35.2,541.3
-35.2,541.9
-35.2,542.8
-35.2,543.8
-35.2,544.8
-35.2,546.0
-35.2,546.9
-35.2,547.9
-35.2,548.7
-35.2,549.3
-35.3,550.0
-35.3,550.3
-35.4,550.8
-35.4,551.3
-35.4,551.6
-35.4,552.1
-35.3,552.6
-35.3,553.2
-35.2,553.7
-35.2,554.1
-35.2,554.3
-35.2,554.6
-35.2,554.9
-35.2,555.4
-35.2,555.8
-35.2,556.1
-35.2,556.3
-35.2,556.4
-35.2,556.4
-35.2,556.4
-35.1,556.4
-35.2,556.4
-35.2,556.3
-35.1,556.3
-35.1,556.3
-35.1,556.2
-35.1,556.2
-35.0,556.0
-34.9,555.8
-34.7,555.6
-34.6,555.4
-34.6,555.2
-34.7,555.1
-34.8,554.9
-34.9,554.7
-34.9,554.5
-35.0,554.3
-35.0,554.0
-35.0,553.8
-35.0,553.6
-35.1,553.4
-35.2,552.9
-35.3,552.3
-35.4,551.6
-35.4,550.8
-35.4,550.4
-35.4,549.9
-35.4,549.4
-35.3,548.9
-35.2,548.2
-35.1,547.8
-35.1,547.2
-35.1,546.5
-35.0,545.6
-35.0,544.7
-34.9,544.1
-34.8,543.4
-35.0,542.8
-35.0,542.0
-35.0,541.1
-35.1,540.3
-35.1,539.4
-35.1,538.4
-35.1,537.6
-35.1,536.7
-35.2,535.8
-35.2,535.1
-35.2,533.8
-35.3,532.6
-35.3,531.8
-35.3,530.8
-35.2,530.2
-35.2,529.5
-35.1,528.6
-34.9,527.6
-34.8,526.7
-34.7,525.9
-34.7,525.0
-34.8,524.2
-34.8,522.7
-34.9,521.3
-34.9,520.2
-34.9,518.9
-35.0,518.2
-35.1,517.2
-35.0,516.0
-35.0,515.2
-35.0,514.3
-34.9,513.3
-34.9,512.4
-34.9,511.4
-34.9,510.6
-34.9,510.1
-35.0,509.4
-35.0,508.7
-35.1,507.8
-35.1,506.7
-35.1,505.3
-35.0,503.9
-35.0,502.8
-34.9,501.9
-34.9,501.5
-34.9,501.0
-34.9,500.5
-34.9,499.8
-34.9,499.0
-34.9,498.2
-35.0,497.4
-35.1,496.7
-35.2,496.0
-35.2,495.3
-35.2,494.7
-35.2,494.0
-35.2,493.5
-35.2,492.7
-35.2,492.1
-35.2,491.5
-35.2,491.1
-35.2,490.9
-35.1,490.5
-35.1,490.1
-35.0,489.7
-35.0,489.2
-35.0,488.9
-35.0,488.7
-35.0,488.4
-35.0,488.1
-35.0,487.8
-35.1,487.4
-35.1,487.3
-35.2,487.1
-35.2,487.0
-35.3,486.9
-35.3,486.9
-35.2,486.9
-35.2,487.0
-35.2,486.9
-35.2,486.8
-35.1,486.8
-35.0,486.6
-35.0,486.6
-35.0,486.5
-34.9,486.4
-34.9,486.5
-35.0,486.6
-35.1,486.7
-35.4,486.8
-35.6,487.0
-35.8,487.4
-35.9,487.8
-35.8,488.2
-35.6,488.7
-35.5,489.0
-35.5,489.3
-35.5,489.6
-35.5,489.8
-35.5,490.1
-35.5,490.5
-35.5,490.9
-35.5,491.5
-35.5,492.3
-35.5,492.8
-35.5,493.4
-35.4,493.7
-35.2,494.2
-35.1,494.7
-35.1,495.3
-35.1,495.8
-35.2,496.1
-35.4,496.6
-35.5,497.1
-35.7,497.7
-35.7,498.3
-35.6,499.0
-35.6,499.6
-35.6,500.3
-35.6,501.1
-35.6,501.8
-35.6,502.4
-35.6,503.0
-35.6,503.6
-35.6,504.0
-35.6,504.6
-35.6,505.7
-35.6,506.6
-35.7,507.6
-35.8,508.4
-35.7,508.7
-35.6,509.5
-35.5,510.0
-35.5,511.1
-35.5,512.2
-35.5,513.0
-35.5,513.8
-35.5,514.0
-35.5,514.6
-35.5,515.3
-35.5,516.3
-35.5,517.3
-35.5,518.0
-35.6,518.7
-35.7,519.4
-35.7,520.3
-35.8,521.2
-35.8,521.8
-35.8,522.2
-35.8,522.8
-35.8,523.4
-35.8,524.1
-35.7,524.9
-35.7,525.3
-35.7,526.2
-35.7,527.0
-35.7,528.0
-35.6,528.9
-35.5,529.4
-35.5,530.0
-35.5,530.2
-35.6,530.7
-35.8,531.2
-36.0,531.8
-36.1,532.6
-36.0,533.3
-35.9,534.1
-35.7,534.8
-35.6,535.4
-35.6,535.8
-35.6,536.2
-35.6,536.6
-35.5,536.9
-35.4,537.5
-35.4,538.0
-35.3,538.6
-35.3,539.1
-35.3,539.5
-35.3,539.8
-35.2,540.0
-35.1,540.2
-35.0,540.4
-34.9,540.6
-35.0,540.8
-35.1,541.0
-35.2,541.3
-35.4,541.6
-35.5,541.8
-35.6,542.0
-35.7,542.1
-35.7,542.2
-35.7,542.4
-35.7,542.4
-35.6,542.4
-35.6,542.4
-35.6,542.4
-35.6,542.4
-35.6,542.4
-35.6,542.4
-35.6,542.4
-35.6,542.3
-35.7,542.1
-35.7,542.0
-35.7,541.8
-35.8,541.7
-35.8,541.4
-35.7,541.2
-35.6,541.0
-35.5,540.7
-35.4,540.6
-35.4,540.4
-35.4,540.3
-35.4,540.2
-35.5,539.7
-35.5,539.4
-35.6,538.9
-35.6,538.2
-35.5,537.8
-35.5,537.4
-35.5,536.9
-35.4,536.6
-35.4,536.2
-35.4,535.7
-35.4,535.2
-35.4,534.7
-35.3,534.1
-35.2,533.6
-35.2,533.1
-35.2,532.5
-35.1,532.0
-35.2,531.6
-35.4,531.1
-35.5,530.5
-35.6,529.9
-35.6,529.5
-35.5,528.9
-35.5,528.4
-35.3,527.9
-35.2,527.4
-35.2,526.9
-35.0,525.9
-35.0,525.0
-35.0,524.2
-34.9,523.5
-34.9,523.2
-34.9,523.0
-34.9,522.7
-34.9,522.3
-34.9,521.7
-34.9,521.0
-35.0,520.3
-35.1,519.6
-35.3,519.1
-35.4,518.7
-35.4,518.2
-35.4,517.7
-35.5,517.1
-35.5,516.3
-35.5,515.6
-35.5,515.0
-35.5,514.2
-35.5,513.4
-35.3,512.7
-35.3,511.6
-35.1,510.9
-35.0,510.4
-35.2,509.8
-35.2,509.3
-35.2,508.8
-35.2,508.2
-35.0,507.8
-35.1,507.2
-35.1,506.6
-35.1,505.9
-35.2,505.1
-35.2,504.6
-35.3,504.1
-35.3,503.7
-35.3,503.3
-35.3,502.7
-35.3,502.2
-35.3,501.8
-35.3,501.4
-35.3,501.3
-35.4,501.0
-35.4,500.6
-35.5,500.2
-35.5,499.7
-35.5,499.4
-35.5,499.1
-35.5,498.8
-35.5,498.4
-35.5,498.2
-35.5,498.0
-35.6,497.8
-35.6,497.7
-35.6,497.6
-35.7,497.3
-35.7,497.0
-35.7,496.7
-35.7,496.5
-35.4,496.4
-35.2,496.4
-35.0,496.4
-34.9,496.4
-34.9,496.4
-35.1,496.5
-35.1,496.6
-35.2,496.7
-35.3,496.8
-35.4,496.8
-35.5,496.8
-35.5,496.9
-35.5,497.0
-35.5,497.2
-35.5,497.4
-35.5,497.5
-35.5,497.6
-35.4,497.9
-35.4,498.3
-35.4,498.6
-35.4,499.1
-35.4,499.4
-35.4,499.6
-35.4,499.9
-35.4,500.1
-35.3,500.2
-35.2,500.2
-35.3,500.3
-35.4,500.5
-35.5,500.8
-35.5,501.3
-35.5,501.7
-35.5,502.2
-35.4,502.7
-35.4,503.1
-35.3,503.6
-35.2,504.1
-35.2,504.7
-35.2,505.2
-35.2,505.7
-35.2,506.3
-35.3,507.0
-35.3,507.8
-35.3,508.5
-35.4,509.3
-35.4,509.9
-35.4,510.5
-35.4,511.2
-35.5,511.8
-35.5,512.1
-35.5,512.2
-35.5,512.7
-35.5,513.2
-35.5,513.9
-35.5,514.7
-35.4,515.1
-35.3,515.8
-35.2,516.4
-35.2,517.1
-35.3,517.8
-35.3,518.3
-35.4,518.9
-35.5,519.2
-35.7,519.8
-35.8,520.2
-35.8,520.9
-35.7,521.8
-35.7,522.7
-35.6,523.5
-35.6,524.3
-35.5,524.9
-35.4,525.6
-35.4,526.2
-35.4,526.8
-35.5,527.2
-35.7,527.4
-35.8,527.8
-35.9,528.4
-35.8,529.1
-35.7,529.8
-35.5,530.2
-35.4,530.3
-35.3,530.5
-35.4,530.9
-35.4,531.2
-35.4,531.8
-35.4,532.4
-35.4,532.9
-35.5,533.6
-35.5,534.0
-35.5,534.4
-35.6,534.8
-35.6,535.1
-35.6,535.7
-35.6,536.1
-35.6,536.6
-35.6,537.0
-35.6,537.2
-35.7,537.4
-35.7,537.5
-35.8,537.8
-35.8,538.1
-35.8,538.5
-35.8,538.8
-35.8,539.1
-35.8,539.3
-35.7,539.6
-35.7,539.9
-35.7,540.0
-35.7,540.1
-35.7,540.1
-35.7,540.2
-35.7,540.3
-35.7,540.5
-35.7,540.8
-35.7,540.9
-35.7,541.0
-35.6,541.0
-35.6,540.9
-35.6,540.7
-35.6,540.6
-35.6,540.4
-35.6,540.3
-35.6,540.4
-35.6,540.6
-35.6,540.9
-35.6,541.2
-35.7,541.0
-35.8,540.7
-35.9,540.2
-36.1,539.8
-36.2,539.6
-36.1,539.4
-36.0,539.2
-35.9,539.0
-35.8,538.9
-35.8,538.7
-35.8,538.4
-35.8,538.2
-35.8,538.1
-35.7,537.8
-35.6,537.3
-35.5,536.7
-35.4,536.2
-35.3,535.8
-35.3,535.7
-35.3,535.2
-35.4,534.8
-35.4,534.1
-35.4,533.5
-35.3,533.3
-35.2,532.9
-35.2,532.6
-35.2,532.2
-35.3,531.9
-35.3,531.7
-35.3,531.1
-35.3,530.6
-35.3,530.0
-35.3,529.3
-35.3,529.0
-35.4,528.6
-35.5,528.1
-35.6,527.7
-35.8,527.3
-35.8,527.0
-35.8,526.6
-35.8,526.0
-35.7,525.3
-35.6,524.4
-35.5,523.7
-35.3,523.1
-35.3,522.5
-35.3,522.2
-35.3,521.9
-35.4,521.6
-35.5,521.2
-35.7,520.9
-35.8,520.0
-35.8,519.3
-35.8,518.5
-35.7,517.8
-35.7,517.4
-35.6,516.9
-35.6,516.6
-35.5,516.1
-35.5,515.5
-35.6,515.1
-35.6,514.7
-35.6,514.5
-35.5,514.3
-35.5,513.9
-35.5,513.4
-35.5,512.7
-35.5,512.1
-35.5,511.7
-35.5,511.4
-35.6,511.2
-35.6,510.9
-35.6,510.7
-35.6,510.5
-35.6,510.4
-35.6,510.2
-35.7,509.9
-35.8,509.6
-35.9,509.0
-36.0,508.4
-36.0,508.2
-36.0,507.7
-35.8,507.5
-35.7,507.3
-35.7,506.9
-35.7,506.8
-35.7,506.8
-35.7,506.6
-35.7,506.4
-35.7,506.2
-35.7,506.0
-35.8,505.9
-35.8,505.9
-35.8,505.9
-35.9,505.8
-35.9,505.6
-35.9,505.3
-36.1,505.0
-36.1,504.6
-36.1,504.4
-36.1,504.4
-36.1,504.4
-36.0,504.4
-36.0,504.4
-35.9,504.3
-35.9,504.3
-35.8,504.3
-35.8,504.3
-35.8,504.3
-35.7,504.4
-35.7,504.6
-35.6,504.8
-35.6,505.0
-35.6,505.1
-35.7,505.1
-35.9,505.2
-36.0,505.2
-36.2,505.3
-36.3,505.6
-36.3,505.8
-36.3,506.0
-36.2,506.3
-36.1,506.6
-36.0,506.8
-35.9,506.8
-35.8,506.9
-35.8,507.0
-35.7,507.0
-35.7,507.1
-35.7,507.4
-35.7,507.8
-35.7,508.3
-35.7,508.9
-35.7,509.3
-35.6,509.6
-35.6,509.8
-35.6,510.0
-35.6,510.4
-35.6,511.0
-35.7,511.6
-35.7,512.1
-35.8,512.4
-35.7,512.7
-35.6,513.0
-35.6,513.2
-35.7,513.4
-35.7,513.5
-35.8,513.9
-35.8,514.4
-35.8,514.8
-35.8,515.4
-35.8,515.8
-35.7,516.1
-35.6,516.5
-35.6,516.7
-35.5,517.1
-35.5,517.6
-35.5,518.1
-35.5,518.7
-35.5,519.0
-35.5,519.4
-35.5,520.1
-35.5,520.7
-35.5,521.4
-35.6,521.9
-35.7,522.1
-35.8,522.3
-35.9,522.8
-36.0,523.5
-36.0,524.2
-36.0,524.8
-36.0,525.1
-35.8,525.3
-35.8,525.3
-35.8,525.6
-35.8,525.8
-35.8,526.1
-35.8,526.6
-35.7,526.8
-35.7,527.4
-35.8,527.9
-35.8,528.3
-35.8,528.7
-35.9,529.0
-35.8,529.4
-35.8,529.7
-35.7,530.1
-35.7,530.4
-35.8,530.7
-35.9,530.9
-36.1,531.1
-36.2,531.2
-36.2,531.6
-36.2,531.9
-36.2,532.3
-36.2,532.9
-36.1,533.2
-36.0,533.5
-36.0,533.8
-35.9,533.8
-35.9,533.8
-35.9,533.8
-35.9,533.7
-35.9,533.7
-36.0,534.0
-36.0,534.4
-36.0,535.0
-36.0,535.5
-35.9,535.7
-35.8,536.0
-35.8,536.1
-35.7,536.0
-35.7,536.0
-35.7,535.8
-35.7,535.7
-35.7,535.7
-35.7,535.6
-35.7,535.5
-35.7,535.5
-35.6,535.5
-35.6,535.5
-35.6,535.6
-35.5,535.7
-35.5,535.8
-35.5,536.0
-35.5,536.0
-35.6,535.8
-35.6,535.6
-35.6,535.4
-35.6,535.2
-35.5,535.0
-35.5,534.8
-35.4,534.6
-35.4,534.3
-35.4,534.1
-35.4,533.9
-35.4,533.6
-35.4,533.5
-35.4,533.5
-35.4,533.5
-35.3,533.3
-35.3,533.0
-35.2,532.7
-35.1,532.3
-35.1,532.0
-35.1,531.6
-35.1,531.3
-35.1,531.0
-35.1,530.9
-35.1,530.6
-35.2,530.4
-35.2,530.0
-35.2,529.5
-35.4,529.1
-35.4,528.8
-35.4,528.6
-35.4,528.4
-35.3,528.2
-35.3,527.9
-35.3,527.5
-35.3,527.2
-35.3,526.9
-35.3,526.5
-35.3,526.2
-35.3,526.0
-35.4,525.7
-35.4,525.4
-35.5,525.1
-35.6,524.3
-35.7,523.6
-35.8,523.0
-35.9,522.5
-35.9,522.4
-35.9,522.4
-35.9,522.3
-35.9,522.1
-35.9,521.6
-35.8,521.2
-35.5,520.6
-35.3,520.1
-35.1,519.8
-35.0,519.2
-35.0,518.8
-35.1,518.2
-35.2,517.5
-35.3,517.0
-35.4,516.4
-35.4,515.9
-35.4,515.6
-35.4,515.4
-35.4,515.4
-35.4,515.3
-35.5,515.2
-35.5,515.0
-35.5,514.8
-35.4,514.6
-35.4,514.2
-35.5,513.8
-35.5,513.4
-35.5,513.0
-35.5,512.7
-35.6,512.5
-35.6,512.2
-35.6,511.9
-35.7,511.6
-35.7,511.3
-35.7,511.0
-35.7,510.7
-35.7,510.4
-35.8,510.0
-35.8,509.6
-35.8,509.2
-35.7,509.0
-35.6,508.9
-35.5,508.9
-35.3,508.8
-35.2,508.8
-35.2,508.8
-35.2,508.8
-35.3,508.8
-35.3,508.8
-35.4,508.7
-35.4,508.5
-35.4,508.2
-35.4,507.8
-35.4,507.6
-35.4,507.6
-35.4,507.8
-35.4,508.0
-35.4,508.0
-35.5,507.9
-35.6,507.9
-35.7,507.9
-35.7,507.9
-35.7,507.8
-35.7,507.8
-35.7,507.8
-35.7,507.8
-35.7,507.8
-35.6,507.8
-35.4,507.8
-35.3,507.9
-35.2,508.0
-35.1,508.1
-35.1,508.2
-35.1,508.3
-35.2,508.4
-35.3,508.6
-35.4,508.6
-35.4,508.7
-35.3,508.8
-35.3,508.8
-35.2,509.1
-35.2,509.3
-35.2,509.7
-35.2,510.1
-35.2,510.4
-35.2,510.7
-35.3,511.1
-35.3,511.4
-35.3,511.7
-35.3,511.9
-35.3,512.0
-35.2,512.2
-35.1,512.4
-35.0,512.7
-34.9,512.9
-34.9,513.1
-34.9,513.2
-34.9,513.6
-34.9,514.2
-34.9,514.7
-34.9,515.2
-34.9,515.5
-34.8,515.5
-34.8,515.6
-34.8,515.6
-34.8,515.8
-35.0,516.1
-35.1,516.5
-35.2,516.9
-35.4,517.4
-35.5,517.8
-35.5,518.1
-35.4,518.5
-35.3,518.7
-35.3,519.1
-35.3,519.6
-35.3,520.0
-35.3,520.5
-35.3,521.0
-35.3,521.2
-35.3,521.4
-35.4,521.8
-35.4,522.1
-35.3,522.5
-35.2,523.0
-35.1,523.3
-35.0,523.4
-35.0,523.5
-35.0,523.6
-34.9,523.8
-34.9,524.0
-34.9,524.4
-35.0,524.9
-35.1,525.4
-35.2,525.9
-35.3,526.3
-35.2,526.6
-35.1,526.9
-35.0,527.1
-34.8,527.4
-34.9,527.9
-34.9,528.3
-34.9,528.8
-35.0,529.2
-35.0,529.4
-35.0,529.5
-35.0,529.7
-34.7,529.9
-34.5,530.2
-34.6,530.4
-34.6,530.6
-34.7,530.9
-35.0,530.9
-34.8,531.1
-34.9,531.2
-35.0,531.2
-34.9,531.3
-34.9,531.3
-34.8,531.3
-34.6,531.6
-34.6,531.9
-34.5,532.2
-34.3,532.5
-34.3,532.6
-34.3,532.6
-34.3,532.7
-34.3,532.8
-34.3,532.9
-34.3,533.0
-34.4,533.1
-34.4,533.3
-34.4,533.4
-34.5,533.5
-34.5,533.5
-34.6,533.5
-34.6,533.3
-34.6,533.2
-34.5,533.1
-34.4,533.0
-34.3,532.9
-34.3,532.9
-34.3,532.9
-34.3,533.0
-34.2,533.2
-34.1,533.2
-34.1,533.2
-34.0,533.2
-34.1,533.1
-34.2,533.0
-34.3,532.6
-34.4,532.2
-34.4,531.8
-34.5,531.4
-34.5,531.3
-34.6,531.2
-34.6,531.0
-34.7,531.0
-34.7,530.9
-34.7,530.6
-34.7,530.3
-34.8,529.9
-34.9,529.5
-35.0,529.3
-35.1,529.1
-35.1,529.1
-34.9,529.1
-34.8,529.0
-34.7,528.7
-34.6,528.4
-34.7,528.1
-34.7,527.6
-34.7,527.3
-34.8,526.9
-35.0,526.5
-35.0,526.3
-35.1,526.0
-35.0,525.8
-34.9,525.6
-35.0,525.3
-34.9,525.0
-34.9,524.8
-35.0,524.5
-34.9,524.0
-34.9,523.8
-34.8,523.5
-34.8,523.3
-34.8,523.2
-34.8,522.9
-34.8,522.7
-34.7,522.4
-34.6,522.2
-34.6,521.9
-34.6,521.6
-34.6,521.1
-34.6,520.8
-34.7,520.6
-34.8,520.3
-34.8,520.1
-34.9,519.8
-35.0,519.4
-35.2,519.2
-35.3,518.8
-35.4,518.6
-35.4,518.4
-35.2,518.0
-35.1,517.7
-34.9,517.4
-34.7,516.9
-34.7,516.7
-34.6,516.5
-34.6,516.3
-34.7,516.3
-34.6,516.3
-34.6,516.3
-34.7,516.0
-34.6,515.7
-34.6,515.4
-34.6,515.0
-34.6,514.9
-34.5,514.9
-34.5,514.8
-34.5,514.5
-34.6,514.3
-34.6,514.2
-34.7,514.0
-34.7,514.0
-34.7,514.0
-34.7,513.9
-34.8,513.9
-34.8,513.9
-34.8,513.8
-34.8,513.8
-34.7,513.7
-34.7,513.6
-34.7,513.5
-34.7,513.4
-34.8,513.4
-34.8,513.3
-34.8,513.2
-34.8,513.0
-34.6,512.9
-34.5,512.9
-34.3,512.8
-34.2,512.8
-34.2,512.8
-34.1,512.8
-34.2,512.8
-34.2,512.8
-34.2,512.8
-34.2,512.8
-34.1,512.8
-34.1,512.8
-34.0,512.8
-34.0,512.8
-34.0,513.0
-34.0,513.1
-34.2,513.3
-34.4,513.5
-34.4,513.8
-34.6,514.0
-34.5,514.4
-34.5,514.6
-34.7,514.7
-34.6,514.7
-34.6,514.6
-34.6,514.4
-34.5,514.4
-34.6,514.5
-34.6,514.5
-34.6,514.7
-34.5,514.8
-34.5,515.0
-34.6,515.2
-34.7,515.4
-34.7,515.8
-34.6,516.2
-34.5,516.6
-34.5,517.0
-34.5,517.3
-34.5,517.5
-34.5,517.6
-34.5,517.8
-34.5,517.8
-34.6,518.0
-34.6,518.2
-34.6,518.4
-34.6,518.7
-34.6,519.0
-34.6,519.1
-34.6,519.3
-34.5,519.7
-34.4,520.0
-34.4,520.4
-34.3,520.8
-34.3,520.9
-34.3,521.0
-34.3,521.3
-34.4,521.4
-34.4,521.6
-34.5,521.9
-34.5,522.0
-34.5,522.4
-34.5,522.8
-34.5,523.2
-34.5,523.6
-34.6,523.9
-34.6,524.0
-34.6,524.2
-34.7,524.4
-34.7,524.8
-34.7,525.1
-34.7,525.4
-34.7,525.8
-34.7,526.1
-34.7,526.4
-34.6,526.7
-34.6,527.0
-34.5,527.3
-34.4,527.5
-34.4,527.8
-34.3,528.0
-34.2,528.2
-34.2,528.4
-34.2,528.5
-34.1,529.0
-34.1,529.4
-34.2,529.8
-34.2,530.2
-34.2,530.2
-34.3,530.2
-34.3,530.2
-34.4,530.1
-34.4,530.1
-34.4,530.4
-34.6,530.6
-34.6,530.9
-34.7,531.2
-34.7,531.4
-34.7,531.4
-34.7,531.4
-34.6,531.5
-34.5,531.6
-34.4,531.8
-34.4,532.0
-34.4,532.1
-34.3,532.1
-34.4,532.1
-34.4,532.0
-34.5,532.0
-34.6,531.9
-34.7,531.8
-34.8,531.8
-34.8,531.8
-34.8,531.8
-34.7,531.7
-34.7,531.6
-34.6,531.6
-34.6,531.5
-34.6,531.5
-34.6,531.6
-34.6,531.7
-34.7,531.7
-34.7,531.7
-34.7,531.7
-34.7,531.5
-34.7,531.3
-34.6,531.0
-34.6,530.6
-34.5,530.5
-34.5,530.4
-34.5,530.4
-34.5,530.5
-34.5,530.6
-34.5,530.7
-34.6,530.7
-34.6,530.7
-34.7,530.5
-34.8,530.1
-34.9,529.8
-34.9,529.4
-35.0,529.2
-35.1,529.1
-35.2,528.9
-35.2,528.9
-35.1,528.9
-35.1,528.7
-35.2,528.5
-35.2,528.2
-35.3,527.7
-35.4,527.4
-35.4,527.0
-35.4,526.6
-35.6,526.4
-35.6,525.9
-35.8,525.5
-35.9,525.1
-36.0,524.7
-36.0,524.4
-36.0,524.3
-35.9,524.1
-35.9,524.0
-35.9,524.0
-35.8,524.1
-35.8,524.1
-36.0,524.1
-36.1,524.0
-36.3,523.7
-36.5,523.2
-36.5,522.8
-36.5,522.3
-36.4,521.8
-36.5,521.3
-36.4,520.9
-36.4,520.6
-36.4,520.5
-36.4,520.5
-36.5,520.4
-36.6,520.4
-36.7,520.3
-36.7,520.1
-36.7,520.0
-36.7,519.7
-36.7,519.6
-36.8,519.5
-36.9,519.4
-37.1,519.1
-37.2,519.0
-37.3,518.7
-37.3,518.4
-37.3,518.3
-37.3,518.0
-37.4,517.8
-37.4,517.6
-37.5,517.4
-37.7,517.1
-37.9,516.9
-38.1,516.7
-38.2,516.4
-38.3,516.3
-38.3,516.2
-38.3,516.2
-38.2,516.0
-38.2,515.7
-38.2,515.6
-38.2,515.5
-38.3,515.6
-38.5,515.6
-38.7,515.6
-38.9,515.5
-39.0,515.4
-39.2,515.3
-39.2,515.1
-39.4,514.8
-39.5,514.7
-39.6,514.6
-39.6,514.6
-39.6,514.7
-39.7,514.7
-39.7,514.8
-39.7,514.8
-39.7,514.9
-39.8,514.9
-39.8,514.8
-39.8,514.8
-39.8,514.8
-40.0,514.8
-40.2,514.9
-40.4,514.9
-40.7,514.7
-40.8,514.8
-40.9,514.9
-41.0,515.1
-41.0,515.2
-41.0,515.2
-41.2,515.3
-41.3,515.3
-41.5,515.3
-41.7,515.3
-41.9,515.4
-42.0,515.5
-42.2,515.7
-42.2,515.9
-42.4,516.0
-42.7,516.1
-42.8,516.2
-43.0,516.3
-43.1,516.3
-43.2,516.3
-43.2,516.3
-43.3,516.3
-43.4,516.3
-43.5,516.5
-43.8,516.7
-44.0,517.2
-44.1,517.6
-44.3,517.9
-44.3,518.2
-44.4,518.3
-44.5,518.4
-44.7,518.4
-44.9,518.6
-44.9,518.7
-44.9,518.8
-44.9,518.9
-45.0,519.0
-45.3,519.2
-45.4,519.6
-45.8,520.0
-46.2,520.4
-46.7,520.7
-47.1,520.9
-47.3,521.0
-47.4,521.0
-47.4,521.1
-47.5,521.2
-47.6,521.3
-47.8,521.5
-48.1,521.8
-48.4,522.1
-48.7,522.3
-49.0,522.5
-49.3,522.6
-49.7,522.7
-50.0,523.0
-50.3,523.2
-50.7,523.5
-50.9,523.6
-51.1,523.9
-51.4,524.2
-51.7,524.4
-52.1,524.6
-52.7,524.6
-53.2,524.6
-53.6,524.7
-54.0,524.8
-54.2,524.9
-54.4,525.0
-54.8,525.2
-55.2,525.4
-55.5,525.7
-55.8,525.9
-56.2,526.1
-56.6,526.3
-57.1,526.4
-57.3,526.5
-57.7,526.8
-57.9,527.1
-58.4,527.3
-58.9,527.7
-59.3,527.8
-59.8,527.9
-60.0,527.9
-60.4,527.9
-60.9,527.8
-61.4,527.9
-61.9,528.1
-62.3,528.2
-62.6,528.3
-62.9,528.4
-63.3,528.4
-63.5,528.5
-64.0,528.6
-64.6,528.6
-65.1,528.6
-65.7,528.6
-66.1,528.6
-66.7,528.6
-67.2,528.5
-67.8,528.4
-68.4,528.3
-68.7,528.2
-69.2,528.1
-69.6,527.9
-70.0,527.7
-70.4,527.5
-70.7,527.4
-71.1,527.3
-71.6,527.3
-72.1,527.3
-72.5,527.3
-73.0,527.2
-73.4,527.0
-73.7,526.9
-74.3,526.8
-74.8,526.7
-75.4,526.6
-76.1,526.5
-76.5,526.4
-77.1,526.3
-77.6,526.2
-78.1,525.9
-78.9,525.6
-79.5,525.5
-80.2,525.2
-80.8,525.0
-81.2,524.7
-81.7,524.5
-82.1,524.2
-82.7,524.0
-83.7,523.8
-84.6,523.6
-85.5,523.4
-86.1,523.2
-86.5,523.1
-87.1,522.9
-87.7,522.6
-88.3,522.4
-88.9,522.1
-89.5,521.6
-90.1,521.2
-90.6,520.7
-91.0,520.2
-91.6,519.9
-92.2,519.7
-92.8,519.5
-93.7,519.4
-94.2,519.3
-94.7,518.9
-95.4,518.5
-95.9,518.0
-96.5,517.4
-97.3,517.0
-98.1,516.7
-98.8,516.4
-99.6,516.1
-100.3,515.6
-100.8,515.2
-101.4,514.5
-101.9,514.0
-102.4,513.6
-103.0,513.2
-103.8,513.2
-104.3,513.1
-104.8,512.9
-105.3,512.5
-105.8,512.1
-106.4,511.5
-107.0,510.9
-107.6,510.4
-108.5,510.0
-109.3,510.0
-110.1,509.8
-111.1,509.6
-111.5,508.9
-112.0,508.2
-112.8,507.5
-113.4,506.9
-114.0,506.6
-114.8,506.4
-115.5,506.2
-116.2,505.9
-117.1,505.4
-117.6,504.8
-118.1,504.2
-118.7,503.6
-119.2,503.1
-120.0,502.7
-120.8,502.2
-121.7,501.9
-122.6,501.6
-123.5,501.4
-124.3,501.1
-125.0,500.9
-125.8,500.5
-126.7,500.1
-127.6,499.8
-128.6,499.2
-129.1,498.9
-129.6,498.4
-130.0,498.0
-130.6,497.9
-131.3,497.6
-132.3,497.3
-133.2,496.8
-134.0,496.3
-134.9,495.8
-135.4,495.4
-136.1,495.0
-137.2,494.6
-138.0,494.2
-139.1,493.9
-140.4,493.7
-141.0,493.4
-141.6,493.0
-142.0,492.7
-142.7,492.3
-143.8,492.0
-145.0,491.7
-146.2,491.4
-147.0,490.8
-147.8,490.3
-148.4,489.7
-149.1,489.1
-150.0,488.8
-150.6,488.4
-151.3,487.9
-152.4,487.5
-153.4,487.1
-154.5,486.4
-155.5,486.0
-156.1,485.7
-156.8,485.2
-157.4,484.9
-158.2,484.4
-159.3,483.8
-160.6,483.5
-161.6,483.1
-162.7,482.8
-163.7,482.5
-164.6,482.1
-165.5,481.8
-166.5,481.5
-167.3,481.3
-168.3,480.8
-169.6,480.1
-170.4,479.6
-171.2,479.1
-172.0,478.5
-172.8,478.1
-173.7,477.8
-174.8,477.3
-175.7,476.9
-176.7,476.5
-177.7,475.8
-178.6,475.1
-179.4,474.5
-180.4,473.9
-181.5,473.6
-182.7,472.9
-183.9,472.3
-184.6,471.7
-185.6,471.0
-186.3,470.6
-187.3,470.1
-188.3,469.7
-189.3,469.1
-190.8,468.3
-191.8,467.5
-193.4,466.7
-194.5,466.0
-195.3,465.7
-196.7,465.1
-197.5,464.5
-198.5,464.0
-199.6,463.4
-200.4,463.1
-201.3,462.4
-202.4,461.8
-203.5,461.1
-204.3,460.3
-205.5,459.8
-206.7,459.0
-208.0,458.2
-209.4,457.6
-210.7,456.6
-211.7,455.5
-212.7,454.6
-213.5,453.5
-214.2,452.8
-214.9,452.3
-215.8,451.7
-216.8,451.2
-217.8,450.7
-218.7,449.6
-219.7,448.5
-220.6,447.4
-221.5,446.1
-222.4,445.3
-222.9,444.4
-223.6,443.3
-224.1,442.1
-224.7,440.9
-225.4,440.0
-225.8,439.2
-226.4,438.5
-227.2,437.6
-227.8,436.6
-228.4,435.4
-228.9,434.0
-229.3,432.7
-229.8,431.3
-230.3,429.9
-230.8,428.8
-231.2,427.6
-231.4,426.2
-231.6,425.0
-231.8,423.6
-231.9,422.3
-232.1,421.2
-232.3,419.8
-232.5,418.3
-232.8,416.9
-233.0,415.3
-233.2,413.4
-233.3,412.1
-233.4,410.4
-233.5,409.3
-233.5,408.3
-233.6,406.3
-233.6,404.3
-233.6,402.2
-233.5,400.0
-233.5,398.6
-233.4,397.0
-233.3,395.6
-233.2,394.0
-233.1,392.2
-233.0,390.9
-232.8,388.7
-232.6,387.1
-232.4,385.6
-232.2,383.3
-231.9,381.2
-231.8,378.3
-231.4,375.7
-231.1,373.6
-230.8,371.7
-230.5,369.7
-230.5,367.8
-230.5,365.6
-230.5,363.6
-230.3,361.6
-230.2,359.2
-230.0,356.6
-229.9,353.5
-229.8,351.0
-229.7,348.7
-229.4,346.4
-229.1,344.7
-228.8,342.4
-228.6,340.1
-228.8,338.2
-229.0,335.3
-229.1,332.6
-229.2,330.0
-229.2,327.1
-229.2,324.4
-229.2,322.3
-229.1,319.7
-229.1,317.1
-229.0,314.6
-229.0,311.8
-229.0,308.7
